id|tarih|sayi|ensemble_tahmin|ensemble_dogru|ensemble_toplam_basari|ensemble_basari|ensemble_sec_dogru|ensemble_sec_basari|kombine_tahmin|kombine_dogru|kombine_basari|kombine_sec_dogru|kombine_sec_basari|kalip_tahmin|kalip_dogru|kalip_basari|yan_tahmin|yan_dogru|yan_basari|rejim|kalip|rejim_dizisi|anomali|guven_ayarli|Kalip_Arama_tahmin|Kalip_Arama_dogru|Kalip_Arama_basari|Kalip_Arama_aktif|Rejim_Tespiti_tahmin|Rejim_Tespiti_dogru|Rejim_Tespiti_basari|Rejim_Tespiti_aktif|Fark_Dizisi_tahmin|Fark_Dizisi_dogru|Fark_Dizisi_basari|Fark_Dizisi_aktif|Ayna_Kalip_tahmin|Ayna_Kalip_dogru|Ayna_Kalip_basari|Ayna_Kalip_aktif|Kume_Kaymasi_tahmin|Kume_Kaymasi_dogru|Kume_Kaymasi_basari|Kume_Kaymasi_aktif|Beklenti_Sapma_tahmin|Beklenti_Sapma_dogru|Beklenti_Sapma_basari|Beklenti_Sapma_aktif|Dalga_Tekrar_tahmin|Dalga_Tekrar_dogru|Dalga_Tekrar_basari|Dalga_Tekrar_aktif|Online_Gradient_tahmin|Online_Gradient_dogru|Online_Gradient_basari|Online_Gradient_aktif|Bayesian_tahmin|Bayesian_dogru|Bayesian_basari|Bayesian_aktif|Meta_Ogrenme_tahmin|Meta_Ogrenme_dogru|Meta_Ogrenme_basari|Meta_Ogrenme_aktif|Q_Learning_tahmin|Q_Learning_dogru|Q_Learning_basari|Q_Learning_aktif|Mini_Transformer_tahmin|Mini_Transformer_dogru|Mini_Transformer_basari|Mini_Transformer_aktif|Markov_tahmin|Markov_dogru|Markov_basari|Markov_aktif
1|2026-07-24 14:51:04|2|1/2|HAYIR|%0|%0|HAYIR|%0|1/2|HAYIR|%0|HAYIR|%0|1/2|HAYIR|%0|K•T|EVET|%0|KAOS|NONE|||HAYIR|0|HAYIR|%0|EVET|0|HAYIR|%0|EVET|0|HAYIR|%0|EVET|0|HAYIR|%0|EVET|0|HAYIR|%0|EVET|0|HAYIR|%0|EVET|0|HAYIR|%0|EVET|0|HAYIR|%0|EVET|0|HAYIR|%0|EVET|0|HAYIR|%0|EVET|0|HAYIR|%0|EVET|0|HAYIR|%0|EVET|0|HAYIR|%0|EVET
2|2026-07-24 14:51:05|3|1/2|HAYIR|%0|%0|EVET|%0|1/2|HAYIR|%0|EVET|%0|1/2|HAYIR|%0|K•T|EVET|%0|KAOS_|NONE_0|||HAYIR|1|HAYIR|%0|EVET|1|HAYIR|%0|EVET|1|HAYIR|%0|EVET|1|HAYIR|%0|EVET|3|HAYIR|%0|EVET|1|HAYIR|%0|EVET|1|HAYIR|%0|EVET|1|HAYIR|%0|EVET|1|HAYIR|%0|EVET|1|HAYIR|%0|EVET|1|HAYIR|%0|EVET|1|HAYIR|%0|EVET|1|HAYIR|%0|EVET
3|2026-07-24 14:51:06|2|2/1|HAYIR|%0|%0|HAYIR|%0|2/1|HAYIR|%0|HAYIR|%0|1/2|HAYIR|%0|K•C|EVET|%0|DALGA_TEK_SIM_1_TEKRAR|NONE_0|DALGA_TEK_SIM_1||HAYIR|1|HAYIR|%0|EVET|1|HAYIR|%0|EVET|1|HAYIR|%0|EVET|1|HAYIR|%0|EVET|2|HAYIR|%0|EVET|1|HAYIR|%0|EVET|3|HAYIR|%0|EVET|1|HAYIR|%0|EVET|2|HAYIR|%0|EVET|1|HAYIR|%0|EVET|1|HAYIR|%0|EVET|1|HAYIR|%0|EVET|1|HAYIR|%0|EVET
4|2026-07-24 14:51:07|4|2/1|EVET|%0|%0|HAYIR|%0|4/2|HAYIR|%0|EVET|%0|1/2|HAYIR|%0|B•C|EVET|%0|DONGU_YON|NONE_0|DONGU||HAYIR|1|HAYIR|%0|EVET|1|HAYIR|%0|EVET|1|HAYIR|%0|EVET|1|HAYIR|%0|EVET|4|HAYIR|%0|EVET|1|HAYIR|%0|EVET|4|HAYIR|%0|EVET|1|HAYIR|%0|EVET|4|HAYIR|%0|EVET|1|HAYIR|%0|EVET|1|HAYIR|%0|EVET|1|HAYIR|%0|EVET|1|HAYIR|%0|EVET
5|2026-07-24 14:51:09|2|2/4|HAYIR|%0|%0|HAYIR|%0|4/2|HAYIR|%0|HAYIR|%0|1/2|HAYIR|%0|C|HAYIR|%0|DONGU_YON|NONE_0|DONGU||HAYIR|1|HAYIR|%0|EVET|1|HAYIR|%0|EVET|1|HAYIR|%0|EVET|1|HAYIR|%0|EVET|2|HAYIR|%0|EVET|1|HAYIR|%0|EVET|4|HAYIR|%0|EVET|2|HAYIR|%0|EVET|2|HAYIR|%0|EVET|1|HAYIR|%0|EVET|1|HAYIR|%0|EVET|1|HAYIR|%0|EVET|4|HAYIR|%0|EVET
6|2026-07-24 14:51:09|3|2|EVET|%0|%0|HAYIR|%0|2/3|EVET|%0|HAYIR|%0|2|EVET|%0|BT|HAYIR|%0|DONGU_YON|FRAGMENTARY_2|DONGU||HAYIR|2|EVET|%0|EVET|1|HAYIR|%0|EVET|1|HAYIR|%0|EVET|4|HAYIR|%0|EVET|2|EVET|%0|EVET|1|HAYIR|%0|EVET|2|EVET|%0|EVET|2|EVET|%0|EVET|2|EVET|%0|EVET|2|EVET|%0|EVET|1|HAYIR|%0|EVET|1|HAYIR|%0|EVET|2|EVET|%0|EVET
7|2026-07-24 14:51:09|2|2/3|HAYIR|%0|%0|HAYIR|%0|4/3|EVET|%0|HAYIR|%0|4|EVET|%0|K|EVET|%0|DONGU_YON|FRAGMENTARY_3|DONGU||HAYIR|4|EVET|%0|EVET|1|HAYIR|%0|EVET|4|EVET|%0|EVET|4|EVET|%0|EVET|2|HAYIR|%0|EVET|1|HAYIR|%0|EVET|3|HAYIR|%0|EVET|2|HAYIR|%0|EVET|2|HAYIR|%0|EVET|2|HAYIR|%0|EVET|1|HAYIR|%0|EVET|1|HAYIR|%0|EVET|4|EVET|%0|EVET
8|2026-07-24 14:51:10|4|2|HAYIR|%0|%0|HAYIR|%0|2/4|HAYIR|%0|HAYIR|%0|2|HAYIR|%0|BC|HAYIR|%0|DONGU_TERS_YON|FRAGMENTARY_4|DONGU_TERS||HAYIR|2|HAYIR|%0|EVET|1|EVET|%0|EVET|2|HAYIR|%0|EVET|3|HAYIR|%0|EVET|2|HAYIR|%0|EVET|1|EVET|%0|EVET|2|HAYIR|%0|EVET|2|HAYIR|%0|EVET|2|HAYIR|%0|EVET|2|HAYIR|%0|EVET|2|HAYIR|%0|EVET|1|EVET|%0|EVET|2|HAYIR|%0|EVET
9|2026-07-24 14:51:11|1|2/1|HAYIR|%0|%0|EVET|%0|2/4|HAYIR|%0|HAYIR|%0|1/2|EVET|%0|BC|HAYIR|%0|DONGU_TERS_YON|NONE_0|DONGU_TERS||HAYIR|1|EVET|%0|EVET|1|EVET|%0|EVET|1|EVET|%0|EVET|1|EVET|%0|EVET|2|HAYIR|%0|EVET|1|EVET|%0|EVET|4|HAYIR|%0|EVET|3|HAYIR|%0|EVET|2|HAYIR|%0|EVET|1|EVET|%0|EVET|1|EVET|%0|EVET|1|EVET|%0|EVET|1|EVET|%0|EVET
10|2026-07-24 14:51:11|1|1|HAYIR|%0|%0|HAYIR|%0|1/2|HAYIR|%0|HAYIR|%0|1/2|HAYIR|%0|B|EVET|%0|TEPE_YON|NONE_0|TEPE||HAYIR|1|HAYIR|%0|EVET|1|HAYIR|%0|EVET|1|HAYIR|%0|EVET|1|HAYIR|%0|EVET|1|HAYIR|%0|EVET|1|HAYIR|%0|EVET|1|HAYIR|%0|EVET|2|HAYIR|%0|EVET|1|HAYIR|%0|EVET|1|HAYIR|%0|EVET|1|HAYIR|%0|EVET|1|HAYIR|%0|EVET|1|HAYIR|%0|EVET
11|2026-07-24 14:51:13|3|2|HAYIR|%0|%0|HAYIR|%0|2/1|HAYIR|%0|HAYIR|%0|1/2|HAYIR|%0|K|EVET|%0|VADI_YON|NONE_0|DALGA_TEK_SIM_1>VADI||HAYIR|1|HAYIR|%0|EVET|1|HAYIR|%0|EVET|1|HAYIR|%0|EVET|1|HAYIR|%0|EVET|3|EVET|%0|EVET|1|HAYIR|%0|EVET|2|HAYIR|%0|EVET|2|HAYIR|%0|EVET|2|HAYIR|%0|EVET|1|HAYIR|%0|EVET|1|HAYIR|%0|EVET|1|HAYIR|%0|EVET|2|HAYIR|%0|EVET
12|2026-07-24 14:51:13|3|2/3|HAYIR|%0|%0|EVET|%0|2/3|HAYIR|%0|EVET|%0|1/2|HAYIR|%0|T|EVET|%0|VADI_YON|NONE_0|DONGU>VADI||HAYIR|1|HAYIR|%0|EVET|1|HAYIR|%0|EVET|1|HAYIR|%0|EVET|1|HAYIR|%0|EVET|3|EVET|%0|EVET|1|HAYIR|%0|EVET|2|HAYIR|%0|EVET|3|EVET|%0|EVET|2|HAYIR|%0|EVET|1|HAYIR|%0|EVET|1|HAYIR|%0|EVET|1|HAYIR|%0|EVET|2|HAYIR|%0|EVET
13|2026-07-24 14:51:14|3|3/2|HAYIR|%0|%0|HAYIR|%0|3/2|HAYIR|%0|HAYIR|%0|1/2|EVET|%0|T|EVET|%0|VADI_YON|NONE_0|DONGU>VADI||HAYIR|1|EVET|%0|EVET|1|EVET|%0|EVET|1|EVET|%0|EVET|1|EVET|%0|EVET|3|HAYIR|%0|EVET|1|EVET|%0|EVET|2|HAYIR|%0|EVET|3|HAYIR|%0|EVET|3|HAYIR|%0|EVET|1|EVET|%0|EVET|1|EVET|%0|EVET|1|EVET|%0|EVET|3|HAYIR|%0|EVET
14|2026-07-24 14:51:15|1|1/3|HAYIR|%0|%0|HAYIR|%0|3/1|HAYIR|%0|HAYIR|%0|1/2|HAYIR|%0|BT|HAYIR|%0|TEPE_YON|NONE_0|DONGU>TEPE||HAYIR|1|HAYIR|%0|EVET|1|HAYIR|%0|EVET|1|HAYIR|%0|EVET|3|HAYIR|%0|EVET|3|HAYIR|%0|EVET|1|HAYIR|%0|EVET|3|HAYIR|%0|EVET|3|HAYIR|%0|EVET|3|HAYIR|%0|EVET|3|HAYIR|%0|EVET|1|HAYIR|%0|EVET|1|HAYIR|%0|EVET|3|HAYIR|%0|EVET
15|2026-07-24 14:51:15|2|1/3|HAYIR|%0|%0|HAYIR|%0|4/3|EVET|%0|HAYIR|%0|1/2|HAYIR|%0|B|EVET|%0|VADI_YON|NONE_0|DONGU>VADI||HAYIR|1|HAYIR|%0|EVET|1|HAYIR|%0|EVET|1|HAYIR|%0|EVET|1|HAYIR|%0|EVET|3|HAYIR|%0|EVET|1|HAYIR|%0|EVET|4|EVET|%0|EVET|3|HAYIR|%0|EVET|3|HAYIR|%0|EVET|1|HAYIR|%0|EVET|1|HAYIR|%0|EVET|1|HAYIR|%0|EVET|4|EVET|%0|EVET
16|2026-07-24 14:51:15|4|2/1|EVET|%0|%0|HAYIR|%0|2/1|EVET|%0|HAYIR|%0|2/1|EVET|%0|K|EVET|%0|BLOK_DUZ_TEKRAR|FRAGMENTARY_2|DONGU_TERS>BLOK_DUZ||HAYIR|2|EVET|%0|EVET|1|HAYIR|%0|EVET|1|HAYIR|%0|EVET|3|HAYIR|%0|EVET|2|EVET|%0|EVET|1|HAYIR|%0|EVET|1|HAYIR|%0|EVET|3|HAYIR|%0|EVET|2|EVET|%0|EVET|1|HAYIR|%0|EVET|1|HAYIR|%0|EVET|1|HAYIR|%0|EVET|1|HAYIR|%0|EVET
17|2026-07-24 14:51:16|2|3/4|HAYIR|%0|%0|EVET|%0|3/4|HAYIR|%0|EVET|%0|3|HAYIR|%0|BC|EVET|%0|TEPE_YON|FRAGMENTARY_3|DONGU_TERS>TEPE||HAYIR|3|HAYIR|%0|EVET|1|HAYIR|%0|EVET|3|HAYIR|%0|EVET|3|HAYIR|%0|EVET|3|HAYIR|%0|EVET|3|HAYIR|%0|EVET|4|EVET|%0|EVET|2|HAYIR|%0|EVET|4|EVET|%0|EVET|3|HAYIR|%0|EVET|3|HAYIR|%0|EVET|2|HAYIR|%0|EVET|4|EVET|%0|EVET
18|2026-07-24 14:51:20|4|2/1|EVET|%0|%0|HAYIR|%0|2/1|EVET|%0|HAYIR|%0|1/2|HAYIR|%0|KC|EVET|%0|VADI_YON|FRAGMENTARY_2|TEPE>VADI||HAYIR|1|HAYIR|%0|EVET|1|HAYIR|%0|EVET|1|HAYIR|%0|EVET|3|HAYIR|%0|EVET|2|EVET|%0|EVET|1|HAYIR|%0|EVET|2|EVET|%0|EVET|2|EVET|%0|EVET|2|EVET|%0|EVET|1|HAYIR|%0|EVET|1|HAYIR|%0|EVET|4|HAYIR|%0|EVET|2|EVET|%0|EVET
19|2026-07-24 14:51:20|2|4|EVET|%0|%0|HAYIR|%0|3/4|HAYIR|%0|EVET|%0|3|HAYIR|%0|BC|EVET|%0|DONGU_TERS_YON|FRAGMENTARY_2|DALGA_TEK_SIM_1>VADI>DONGU_TERS||HAYIR|3|HAYIR|%0|EVET|1|HAYIR|%0|EVET|4|EVET|%0|EVET|2|HAYIR|%0|EVET|3|HAYIR|%0|EVET|3|HAYIR|%0|EVET|4|EVET|%0|EVET|2|HAYIR|%0|EVET|4|EVET|%0|EVET|3|HAYIR|%0|EVET|4|EVET|%0|EVET|2|HAYIR|%0|EVET|4|EVET|%0|EVET
20|2026-07-24 14:51:21|4|2|HAYIR|%0|%0|EVET|%0|2/1|HAYIR|%0|HAYIR|%0|2|HAYIR|%0|KC|EVET|%0|DONGU_TERS_YON|FRAGMENTARY_2|DONGU>VADI>DONGU_TERS||HAYIR|2|HAYIR|%0|EVET|2|HAYIR|%0|EVET|2|HAYIR|%0|EVET|4|EVET|%0|EVET|2|HAYIR|%0|EVET|2|HAYIR|%0|EVET|2|HAYIR|%0|EVET|2|HAYIR|%0|EVET|2|HAYIR|%0|EVET|2|HAYIR|%0|EVET|2|HAYIR|%0|EVET|4|EVET|%0|EVET|2|HAYIR|%0|EVET
21|2026-07-24 14:51:21|4|2/4|EVET|%0|%0|HAYIR|%0|2/4|EVET|%0|HAYIR|%0|1/2|HAYIR|%0|KC|EVET|%0|DONGU_TERS_YON|NONE_0|DONGU>VADI>DONGU_TERS|PATTERN_BREAK:0,59|EVET|1|HAYIR|%0|EVET|2|EVET|%0|EVET|4|HAYIR|%0|EVET|1|HAYIR|%0|EVET|4|HAYIR|%0|EVET|1|HAYIR|%0|EVET|2|EVET|%0|EVET|2|EVET|%0|EVET|2|EVET|%0|EVET|4|HAYIR|%0|EVET|1|HAYIR|%0|EVET|4|HAYIR|%0|EVET|2|EVET|%0|EVET
22|2026-07-24 14:51:22|2|4|HAYIR|%0|%0|EVET|%0|4/3|HAYIR|%0|HAYIR|%0|4|HAYIR|%0|BC|EVET|%0|KOSEGEN_24_SALINIMM|FRAGMENTARY_2|DONGU_TERS>TEPE>KOSEGEN_24||HAYIR|4|HAYIR|%0|EVET|4|HAYIR|%0|EVET|3|HAYIR|%0|EVET|2|EVET|%0|EVET|4|HAYIR|%0|EVET|4|HAYIR|%0|EVET|4|HAYIR|%0|EVET|4|HAYIR|%0|EVET|4|HAYIR|%0|EVET|4|HAYIR|%0|EVET|1|HAYIR|%0|EVET|4|HAYIR|%0|EVET|4|HAYIR|%0|EVET
23|2026-07-24 14:51:22|2|4/2|HAYIR|%0|%0|HAYIR|%0|4/2|HAYIR|%0|HAYIR|%0|1/2|EVET|%0|BC|HAYIR|%0|VADI_YON|NONE_0|DONGU_TERS>VADI>VADI|PATTERN_BREAK:0,59|EVET|1|EVET|%0|EVET|4|HAYIR|%0|EVET|1|EVET|%0|EVET|1|EVET|%0|EVET|2|HAYIR|%0|EVET|1|EVET|%0|EVET|4|HAYIR|%0|EVET|2|HAYIR|%0|EVET|4|HAYIR|%0|EVET|4|HAYIR|%0|EVET|1|EVET|%0|EVET|2|HAYIR|%0|EVET|4|HAYIR|%0|EVET
24|2026-07-24 14:51:37|1|2/3|HAYIR|%0|%0|EVET|%0|2/3|HAYIR|%0|EVET|%0|1/2|HAYIR|%0|B•T|EVET|%0|TEPE_YON|NONE_0|DONGU>BLOK_DUZ>TEPE||HAYIR|1|HAYIR|%0|EVET|2|HAYIR|%0|EVET|1|HAYIR|%0|EVET|4|HAYIR|%0|EVET|2|HAYIR|%0|EVET|1|HAYIR|%0|EVET|2|HAYIR|%0|EVET|2|HAYIR|%0|EVET|2|HAYIR|%0|EVET|4|HAYIR|%0|EVET|1|HAYIR|%0|EVET|2|HAYIR|%0|EVET|2|HAYIR|%0|EVET
25|2026-07-24 14:51:38|3|3/2|HAYIR|%0|%0|EVET|%0|3/2|HAYIR|%0|EVET|%0|3|HAYIR|%0|KT|EVET|%0|VADI_YON|FRAGMENTARY_2|TEPE>TEPE>VADI||HAYIR|3|HAYIR|%0|EVET|3|HAYIR|%0|EVET|4|HAYIR|%0|EVET|4|HAYIR|%0|EVET|3|HAYIR|%0|EVET|3|HAYIR|%0|EVET|2|EVET|%0|EVET|2|EVET|%0|EVET|2|EVET|%0|EVET|3|HAYIR|%0|EVET|1|HAYIR|%0|EVET|2|EVET|%0|EVET|3|HAYIR|%0|EVET
26|2026-07-24 14:51:39|2|4/2|HAYIR|%0|%0|HAYIR|%0|4|HAYIR|%0|HAYIR|%0|4|HAYIR|%0|BC|HAYIR|%0|TEPE_YON|FRAGMENTARY_2|TEPE>VADI>TEPE|PATTERN_BREAK:0,59|EVET|4|HAYIR|%0|EVET|4|HAYIR|%0|EVET|1|EVET|%0|EVET|2|HAYIR|%0|EVET|4|HAYIR|%0|EVET|4|HAYIR|%0|EVET|4|HAYIR|%0|EVET|4|HAYIR|%0|EVET|4|HAYIR|%0|EVET|4|HAYIR|%0|EVET|1|EVET|%0|EVET|2|HAYIR|%0|EVET|4|HAYIR|%0|EVET
27|2026-07-24 14:51:42|1|3/2|HAYIR|%0|%0|HAYIR|%0|3|HAYIR|%0|HAYIR|%0|3|HAYIR|%0|T|EVET|%0|BLOK_TERS_TEKRAR|FRAGMENTARY_2|VADI>DONGU_TERS>BLOK_TERS|PATTERN_BREAK:0,59|EVET|3|HAYIR|%0|EVET|3|HAYIR|%0|EVET|1|HAYIR|%0|EVET|4|EVET|%0|EVET|3|HAYIR|%0|EVET|3|HAYIR|%0|EVET|3|HAYIR|%0|EVET|4|EVET|%0|EVET|2|HAYIR|%0|EVET|3|HAYIR|%0|EVET|1|HAYIR|%0|EVET|2|HAYIR|%0|EVET|3|HAYIR|%0|EVET
28|2026-07-24 14:51:43|4|2/4|HAYIR|%0|%0|EVET|%0|2/4|HAYIR|%0|EVET|%0|1/2|HAYIR|%0|KC|EVET|%0|DONGU_YON|NONE_0|BLOK_DUZ>DONGU_TERS>DONGU|PATTERN_BREAK:0,59|EVET|1|HAYIR|%0|EVET|2|HAYIR|%0|EVET|1|HAYIR|%0|EVET|1|HAYIR|%0|EVET|2|HAYIR|%0|EVET|1|HAYIR|%0|EVET|2|HAYIR|%0|EVET|2|HAYIR|%0|EVET|2|HAYIR|%0|EVET|1|HAYIR|%0|EVET|1|HAYIR|%0|EVET|2|HAYIR|%0|EVET|2|HAYIR|%0|EVET
29|2026-07-24 14:51:43|4|2/4|HAYIR|%0|%0|HAYIR|%0|2|HAYIR|%0|HAYIR|%0|2|HAYIR|%0|KC|EVET|%0|VADI_YON|FRAGMENTARY_2|BLOK_DUZ>DONGU_TERS>VADI||HAYIR|2|HAYIR|%0|EVET|2|HAYIR|%0|EVET|1|EVET|%0|EVET|2|HAYIR|%0|EVET|2|HAYIR|%0|EVET|2|HAYIR|%0|EVET|2|HAYIR|%0|EVET|4|HAYIR|%0|EVET|2|HAYIR|%0|EVET|2|HAYIR|%0|EVET|1|EVET|%0|EVET|4|HAYIR|%0|EVET|2|HAYIR|%0|EVET
30|2026-07-24 14:51:45|1|1/4|HAYIR|%0|%0|HAYIR|%0|1/3|HAYIR|%0|EVET|%0|1|HAYIR|%0|BC|EVET|%0|DONGU_YON|FRAGMENTARY_2|BLOK_TERS>KOSEGEN_24>DONGU|PATTERN_BREAK:0,59|EVET|1|HAYIR|%0|EVET|4|HAYIR|%0|EVET|1|HAYIR|%0|EVET|1|HAYIR|%0|EVET|1|HAYIR|%0|EVET|1|HAYIR|%0|EVET|4|HAYIR|%0|EVET|4|HAYIR|%0|EVET|2|HAYIR|%0|EVET|1|HAYIR|%0|EVET|1|HAYIR|%0|EVET|4|HAYIR|%0|EVET|1|HAYIR|%0|EVET
31|2026-07-24 14:51:46|3|2/3|EVET|%0|%0|HAYIR|%0|2/3|EVET|%0|HAYIR|%0|2|EVET|%0|K|EVET|%0|VADI_YON|FRAGMENTARY_2|VADI>TEPE>VADI|PATTERN_BREAK:0,59|EVET|2|EVET|%0|EVET|4|HAYIR|%0|EVET|1|HAYIR|%0|EVET|2|EVET|%0|EVET|2|EVET|%0|EVET|2|EVET|%0|EVET|2|EVET|%0|EVET|4|HAYIR|%0|EVET|2|EVET|%0|EVET|2|EVET|%0|EVET|1|HAYIR|%0|EVET|4|HAYIR|%0|EVET|2|EVET|%0|EVET
32|2026-07-24 14:51:47|2|4/2|HAYIR|%0|%0|HAYIR|%0|4/1|HAYIR|%0|EVET|%0|1|EVET|%0|BC|HAYIR|%0|VADI_YON|FRAGMENTARY_2|VADI>TEPE>VADI||HAYIR|1|EVET|%0|EVET|4|HAYIR|%0|EVET|1|EVET|%0|EVET|2|HAYIR|%0|EVET|1|EVET|%0|EVET|1|EVET|%0|EVET|4|HAYIR|%0|EVET|4|HAYIR|%0|EVET|4|HAYIR|%0|EVET|1|EVET|%0|EVET|1|EVET|%0|EVET|2|HAYIR|%0|EVET|4|HAYIR|%0|EVET
33|2026-07-24 14:51:48|1|4/3|HAYIR|%0|%0|HAYIR|%0|4/3|HAYIR|%0|HAYIR|%0|4|HAYIR|%0|B|HAYIR|%0|VADI_YON|FRAGMENTARY_4|TEPE>VADI>VADI||HAYIR|4|HAYIR|%0|EVET|1|EVET|%0|EVET|4|HAYIR|%0|EVET|4|HAYIR|%0|EVET|4|HAYIR|%0|EVET|4|HAYIR|%0|EVET|3|HAYIR|%0|EVET|2|HAYIR|%0|EVET|3|HAYIR|%0|EVET|4|HAYIR|%0|EVET|4|HAYIR|%0|EVET|4|HAYIR|%0|EVET|3|HAYIR|%0|EVET
34|2026-07-24 14:51:48|1|3/1|HAYIR|%0|%0|EVET|%0|3/1|HAYIR|%0|EVET|%0|3|HAYIR|%0|B|EVET|%0|TEPE_YON|FRAGMENTARY_2|DONGU>TEPE>TEPE|PATTERN_BREAK:0,63|EVET|3|HAYIR|%0|EVET|1|EVET|%0|EVET|1|EVET|%0|EVET|3|HAYIR|%0|EVET|3|HAYIR|%0|EVET|3|HAYIR|%0|EVET|3|HAYIR|%0|EVET|1|EVET|%0|EVET|3|HAYIR|%0|EVET|3|HAYIR|%0|EVET|1|EVET|%0|EVET|1|EVET|%0|EVET|3|HAYIR|%0|EVET
35|2026-07-24 14:51:49|1|3/1|EVET|%0|%0|HAYIR|%0|3/1|EVET|%0|HAYIR|%0|3|EVET|%0|T|EVET|%0|BLOK_TERS_TEKRAR|FRAGMENTARY_2|DONGU>BLOK_TERS>BLOK_TERS|PATTERN_BREAK:0,59|EVET|3|EVET|%0|EVET|3|EVET|%0|EVET|3|EVET|%0|EVET|3|EVET|%0|EVET|3|EVET|%0|EVET|3|EVET|%0|EVET|3|EVET|%0|EVET|1|HAYIR|%0|EVET|1|HAYIR|%0|EVET|3|EVET|%0|EVET|1|HAYIR|%0|EVET|1|HAYIR|%0|EVET|1|HAYIR|%0|EVET
36|2026-07-24 14:51:53|3|3/2|HAYIR|%0|%0|HAYIR|%0|2/3|HAYIR|%0|HAYIR|%0|2|HAYIR|%0|KT|HAYIR|%0|VADI_YON|FRAGMENTARY_2|DONGU>DONGU>VADI||HAYIR|2|HAYIR|%0|EVET|1|HAYIR|%0|EVET|3|HAYIR|%0|EVET|2|HAYIR|%0|EVET|3|HAYIR|%0|EVET|3|HAYIR|%0|EVET|2|HAYIR|%0|EVET|2|HAYIR|%0|EVET|2|HAYIR|%0|EVET|2|HAYIR|%0|EVET|3|HAYIR|%0|EVET|1|HAYIR|%0|EVET|2|HAYIR|%0|EVET
37|2026-07-24 14:51:53|4|2/1|EVET|%0|%0|HAYIR|%0|2/4|EVET|%0|HAYIR|%0|1/2|HAYIR|%0|KC|EVET|%0|BLOK_DUZ_TEKRAR|NONE_0|VADI>VADI>BLOK_DUZ|PATTERN_BREAK:0,59|EVET|1|HAYIR|%0|EVET|1|HAYIR|%0|EVET|1|HAYIR|%0|EVET|1|HAYIR|%0|EVET|1|HAYIR|%0|EVET|1|HAYIR|%0|EVET|2|EVET|%0|EVET|2|EVET|%0|EVET|2|EVET|%0|EVET|1|HAYIR|%0|EVET|1|HAYIR|%0|EVET|1|HAYIR|%0|EVET|2|EVET|%0|EVET
38|2026-07-24 14:51:54|2|2/1|HAYIR|%0|%0|HAYIR|%0|4/2|HAYIR|%0|HAYIR|%0|4/2|HAYIR|%0|C|EVET|%0|VADI_YON|FRAGMENTARY_2|DALGA_TEK_SIM_2>DONGU>VADI||HAYIR|4|HAYIR|%0|EVET|4|HAYIR|%0|EVET|1|HAYIR|%0|EVET|2|HAYIR|%0|EVET|4|HAYIR|%0|EVET|4|HAYIR|%0|EVET|4|HAYIR|%0|EVET|1|HAYIR|%0|EVET|4|HAYIR|%0|EVET|4|HAYIR|%0|EVET|1|HAYIR|%0|EVET|2|HAYIR|%0|EVET|4|HAYIR|%0|EVET
39|2026-07-24 14:51:55|3|2/1|HAYIR|%0|%0|HAYIR|%0|2/3|HAYIR|%0|EVET|%0|2|HAYIR|%0|K|HAYIR|%0|VADI_YON|FRAGMENTARY_2|BLOK_TERS>VADI>VADI|PATTERN_BREAK:0,59|EVET|2|HAYIR|%0|EVET|3|EVET|%0|EVET|1|HAYIR|%0|EVET|1|HAYIR|%0|EVET|2|HAYIR|%0|EVET|2|HAYIR|%0|EVET|2|HAYIR|%0|EVET|2|HAYIR|%0|EVET|2|HAYIR|%0|EVET|2|HAYIR|%0|EVET|2|HAYIR|%0|EVET|2|HAYIR|%0|EVET|2|HAYIR|%0|EVET
40|2026-07-24 14:51:56|3|3/2|HAYIR|%0|%0|HAYIR|%0|3/1|HAYIR|%0|HAYIR|%0|3|HAYIR|%0|K|HAYIR|%0|BLOK_DUZ_TEKRAR|FRAGMENTARY_2|BLOK_TERS>VADI>BLOK_DUZ|PATTERN_BREAK:0,59|EVET|3|HAYIR|%0|EVET|3|HAYIR|%0|EVET|1|HAYIR|%0|EVET|1|HAYIR|%0|EVET|3|HAYIR|%0|EVET|1|HAYIR|%0|EVET|2|HAYIR|%0|EVET|2|HAYIR|%0|EVET|2|HAYIR|%0|EVET|3|HAYIR|%0|EVET|1|HAYIR|%0|EVET|2|HAYIR|%0|EVET|3|HAYIR|%0|EVET
41|2026-07-24 14:51:58|4|2/4|EVET|%0|%0|HAYIR|%0|2|EVET|%0|HAYIR|%0|2|EVET|%0|KC|EVET|%0|BLOK_DUZ_TEKRAR|FRAGMENTARY_2|VADI>VADI>BLOK_DUZ|PATTERN_BREAK:0,59|EVET|2|EVET|%0|EVET|4|HAYIR|%0|EVET|1|HAYIR|%0|EVET|1|HAYIR|%0|EVET|2|EVET|%0|EVET|2|EVET|%0|EVET|2|EVET|%0|EVET|2|EVET|%0|EVET|2|EVET|%0|EVET|2|EVET|%0|EVET|1|HAYIR|%0|EVET|4|HAYIR|%0|EVET|2|EVET|%0|EVET
42|2026-07-24 14:51:59|2|3/4|HAYIR|%0|%0|EVET|%0|3/4|HAYIR|%0|EVET|%0|3|HAYIR|%0|B|EVET|%0|TEPE_YON|FRAGMENTARY_2|DONGU>TEPE>TEPE||HAYIR|3|HAYIR|%0|EVET|1|HAYIR|%0|EVET|3|HAYIR|%0|EVET|2|HAYIR|%0|EVET|3|HAYIR|%0|EVET|3|HAYIR|%0|EVET|4|EVET|%0|EVET|4|EVET|%0|EVET|4|EVET|%0|EVET|3|HAYIR|%0|EVET|3|HAYIR|%0|EVET|2|HAYIR|%0|EVET|4|EVET|%0|EVET
43|2026-07-24 14:52:00|4|2/4|HAYIR|%0|%0|HAYIR|%0|2/4|HAYIR|%0|HAYIR|%0|2|HAYIR|%0|KC|HAYIR|%0|DONGU_YON|FRAGMENTARY_2|TEPE>BLOK_TERS>DONGU|PATTERN_BREAK:0,59|EVET|2|HAYIR|%0|EVET|4|HAYIR|%0|EVET|4|HAYIR|%0|EVET|4|HAYIR|%0|EVET|4|HAYIR|%0|EVET|2|HAYIR|%0|EVET|2|HAYIR|%0|EVET|2|HAYIR|%0|EVET|2|HAYIR|%0|EVET|2|HAYIR|%0|EVET|2|HAYIR|%0|EVET|4|HAYIR|%0|EVET|2|HAYIR|%0|EVET
44|2026-07-24 14:52:02|3|2/3|HAYIR|%0|%0|HAYIR|%0|2/3|HAYIR|%0|HAYIR|%0|1/2|HAYIR|%0|B•T|EVET|%0|DONGU_YON|NONE_0|VADI>VADI>DONGU|PATTERN_BREAK:0,59|EVET|1|HAYIR|%0|EVET|4|EVET|%0|EVET|2|HAYIR|%0|EVET|2|HAYIR|%0|EVET|3|HAYIR|%0|EVET|1|HAYIR|%0|EVET|2|HAYIR|%0|EVET|4|EVET|%0|EVET|2|HAYIR|%0|EVET|2|HAYIR|%0|EVET|1|HAYIR|%0|EVET|4|EVET|%0|EVET|2|HAYIR|%0|EVET
45|2026-07-24 14:52:03|4|2/4|HAYIR|%0|%0|EVET|%0|2|HAYIR|%0|HAYIR|%0|2|HAYIR|%0|KC|EVET|%0|DONGU_YON|FRAGMENTARY_2|VADI>BLOK_DUZ>DONGU||HAYIR|2|HAYIR|%0|EVET|4|EVET|%0|EVET|1|HAYIR|%0|EVET|1|HAYIR|%0|EVET|2|HAYIR|%0|EVET|2|HAYIR|%0|EVET|2|HAYIR|%0|EVET|4|EVET|%0|EVET|2|HAYIR|%0|EVET|2|HAYIR|%0|EVET|1|HAYIR|%0|EVET|4|EVET|%0|EVET|2|HAYIR|%0|EVET
46|2026-07-24 14:52:03|4|4/2|HAYIR|%0|%0|HAYIR|%0|2/1|HAYIR|%0|HAYIR|%0|2/1|HAYIR|%0|C|HAYIR|%0|DONGU_YON|FRAGMENTARY_2|DALGA_TEK_SIM_3>VADI>DONGU|PATTERN_BREAK:0,59|EVET|2|HAYIR|%0|EVET|4|HAYIR|%0|EVET|1|HAYIR|%0|EVET|1|HAYIR|%0|EVET|2|HAYIR|%0|EVET|1|HAYIR|%0|EVET|2|HAYIR|%0|EVET|4|HAYIR|%0|EVET|2|HAYIR|%0|EVET|1|HAYIR|%0|EVET|1|HAYIR|%0|EVET|4|HAYIR|%0|EVET|2|HAYIR|%0|EVET
47|2026-07-24 14:52:05|3|4/3|HAYIR|%0|%0|HAYIR|%0|4/2|HAYIR|%0|HAYIR|%0|4|HAYIR|%0|BC|HAYIR|%0|TEPE_YON|FRAGMENTARY_2|VADI>VADI>TEPE|PATTERN_BREAK:0,59|EVET|4|HAYIR|%0|EVET|4|HAYIR|%0|EVET|1|EVET|%0|EVET|2|HAYIR|%0|EVET|4|HAYIR|%0|EVET|4|HAYIR|%0|EVET|4|HAYIR|%0|EVET|4|HAYIR|%0|EVET|2|HAYIR|%0|EVET|4|HAYIR|%0|EVET|1|EVET|%0|EVET|4|HAYIR|%0|EVET|4|HAYIR|%0|EVET
48|2026-07-24 14:52:06|1|3/4|HAYIR|%0|%0|HAYIR|%0|2/3|EVET|%0|HAYIR|%0|2|EVET|%0|B|HAYIR|%0|DONGU_YON|FRAGMENTARY_2|VADI>BLOK_DUZ>DONGU|PATTERN_BREAK:0,59|EVET|2|EVET|%0|EVET|4|HAYIR|%0|EVET|1|HAYIR|%0|EVET|2|EVET|%0|EVET|2|EVET|%0|EVET|2|EVET|%0|EVET|3|HAYIR|%0|EVET|4|HAYIR|%0|EVET|3|HAYIR|%0|EVET|2|EVET|%0|EVET|1|HAYIR|%0|EVET|4|HAYIR|%0|EVET|3|HAYIR|%0|EVET
49|2026-07-24 14:52:07|2|4/2|HAYIR|%0|%0|HAYIR|%0|4/1|HAYIR|%0|HAYIR|%0|4|HAYIR|%0|BC|EVET|%0|TEPE_YON|FRAGMENTARY_3|TEPE>BLOK_DUZ>TEPE||HAYIR|4|HAYIR|%0|EVET|4|HAYIR|%0|EVET|2|HAYIR|%0|EVET|2|HAYIR|%0|EVET|4|HAYIR|%0|EVET|4|HAYIR|%0|EVET|4|HAYIR|%0|EVET|4|HAYIR|%0|EVET|4|HAYIR|%0|EVET|4|HAYIR|%0|EVET|4|HAYIR|%0|EVET|2|HAYIR|%0|EVET|4|HAYIR|%0|EVET
50|2026-07-24 14:52:09|3|2/3|EVET|%0|%0|HAYIR|%0|2/3|EVET|%0|HAYIR|%0|2/3|EVET|%0|B•C|EVET|%0|VADI_YON|FRAGMENTARY_2|BLOK_TERS>TEPE>VADI|PATTERN_BREAK:0,61|EVET|2|EVET|%0|EVET|4|HAYIR|%0|EVET|1|HAYIR|%0|EVET|1|HAYIR|%0|EVET|2|EVET|%0|EVET|2|EVET|%0|EVET|4|HAYIR|%0|EVET|3|HAYIR|%0|EVET|2|EVET|%0|EVET|2|EVET|%0|EVET|1|HAYIR|%0|EVET|2|EVET|%0|EVET|2|EVET|%0|EVET
51|2026-07-24 14:52:10|2|4/3|HAYIR|%0|%0|EVET|%0|4/1|HAYIR|%0|HAYIR|%0|4/1|HAYIR|%0|BC|EVET|%0|TEPE_YON|FRAGMENTARY_2|BLOK_TERS>DONGU>TEPE|PATTERN_BREAK:0,59|EVET|4|HAYIR|%0|EVET|4|HAYIR|%0|EVET|4|HAYIR|%0|EVET|3|EVET|%0|EVET|4|HAYIR|%0|EVET|4|HAYIR|%0|EVET|4|HAYIR|%0|EVET|3|EVET|%0|EVET|4|HAYIR|%0|EVET|4|HAYIR|%0|EVET|4|HAYIR|%0|EVET|2|HAYIR|%0|EVET|4|HAYIR|%0|EVET
52|2026-07-24 14:52:11|3|2/3|HAYIR|%0|%0|HAYIR|%0|2/3|HAYIR|%0|HAYIR|%0|3/2|HAYIR|%0|K•C|EVET|%0|VADI_YON|FRAGMENTARY_2|BLOK_DUZ>DONGU>VADI|PATTERN_BREAK:0,59|EVET|3|HAYIR|%0|EVET|4|EVET|%0|EVET|3|HAYIR|%0|EVET|1|HAYIR|%0|EVET|2|HAYIR|%0|EVET|2|HAYIR|%0|EVET|2|HAYIR|%0|EVET|2|HAYIR|%0|EVET|2|HAYIR|%0|EVET|3|HAYIR|%0|EVET|1|HAYIR|%0|EVET|2|HAYIR|%0|EVET|2|HAYIR|%0|EVET
53|2026-07-24 14:52:12|4|2/4|HAYIR|%0|%0|HAYIR|%0|2/4|HAYIR|%0|HAYIR|%0|2|HAYIR|%0|KC|EVET|%0|VADI_YON|FRAGMENTARY_2|BLOK_DUZ>DONGU>VADI|PATTERN_BREAK:0,59|EVET|2|HAYIR|%0|EVET|4|HAYIR|%0|EVET|3|HAYIR|%0|EVET|1|EVET|%0|EVET|2|HAYIR|%0|EVET|2|HAYIR|%0|EVET|2|HAYIR|%0|EVET|2|HAYIR|%0|EVET|2|HAYIR|%0|EVET|4|HAYIR|%0|EVET|1|EVET|%0|EVET|2|HAYIR|%0|EVET|2|HAYIR|%0|EVET
54|2026-07-24 14:52:14|1|3/1|HAYIR|%40|%0|EVET|%40|3/1|HAYIR|%0|EVET|%20|3|HAYIR|%0|B•C|HAYIR|%60|TEPE_YON|FRAGMENTARY_2|TEPE>DONGU>TEPE|PATTERN_BREAK:0,59|EVET|3|HAYIR|%0|EVET|4|HAYIR|%0|EVET|1|EVET|%0|EVET|4|HAYIR|%0|EVET|3|HAYIR|%0|EVET|1|EVET|%0|EVET|2|HAYIR|%0|EVET|3|HAYIR|%0|EVET|3|HAYIR|%0|EVET|4|HAYIR|%0|EVET|1|EVET|%0|EVET|4|HAYIR|%0|EVET|3|HAYIR|%0|EVET
55|2026-07-24 14:52:16|1|3/1|EVET|%50|%16|HAYIR|%33|3/1|EVET|%16|HAYIR|%16|3|EVET|%16|B•C|EVET|%83|TEPE_YON|FRAGMENTARY_2|DONGU_TERS>TEPE>TEPE|PATTERN_BREAK:0,59|EVET|3|EVET|%0|EVET|4|HAYIR|%0|EVET|3|EVET|%0|EVET|3|EVET|%0|EVET|3|EVET|%0|EVET|3|EVET|%0|EVET|3|EVET|%0|EVET|3|EVET|%0|EVET|3|EVET|%0|EVET|3|EVET|%0|EVET|3|EVET|%0|EVET|2|HAYIR|%0|EVET|3|EVET|%0|EVET
56|2026-07-24 14:52:20|3|2/4|HAYIR|%42|%14|HAYIR|%28|2/3|HAYIR|%14|HAYIR|%14|3/2|HAYIR|%14|C|HAYIR|%57|BLOK_DUZ_TEKRAR|FRAGMENTARY_2|VADI>DONGU>BLOK_DUZ|REGIME_SHIFT:0,75|EVET|3|HAYIR|%0|EVET|4|HAYIR|%0|EVET|4|HAYIR|%0|EVET|2|HAYIR|%0|EVET|3|HAYIR|%0|EVET|3|HAYIR|%0|EVET|4|HAYIR|%0|EVET|2|HAYIR|%0|EVET|2|HAYIR|%0|EVET|4|HAYIR|%0|EVET|4|HAYIR|%0|EVET|4|HAYIR|%0|EVET|2|HAYIR|%0|EVET
57|2026-07-24 14:52:20|1|2/1|HAYIR|%37|%12|HAYIR|%25|2/1|HAYIR|%12|HAYIR|%12|2|HAYIR|%12|T|EVET|%62|TEPE_YON|FRAGMENTARY_2|BLOK_DUZ>TEPE>TEPE|REGIME_SHIFT:0,50,PATTERN_BREAK:0,59|EVET|2|HAYIR|%0|EVET|4|HAYIR|%0|EVET|3|EVET|%0|EVET|2|HAYIR|%0|EVET|2|HAYIR|%0|EVET|2|HAYIR|%0|EVET|3|EVET|%0|EVET|1|HAYIR|%0|EVET|1|HAYIR|%0|EVET|2|HAYIR|%0|EVET|1|HAYIR|%0|EVET|4|HAYIR|%0|EVET|2|HAYIR|%0|EVET
58|2026-07-24 14:52:21|3|2/4|HAYIR|%44|%11|EVET|%33|2/4|HAYIR|%11|EVET|%22|2/4|HAYIR|%11|K•T|HAYIR|%55|TEPE_YON|FRAGMENTARY_2|TEPE>VADI>TEPE|PATTERN_BREAK:0,59|EVET|2|HAYIR|%0|EVET|1|HAYIR|%0|EVET|3|HAYIR|%0|EVET|2|HAYIR|%0|EVET|3|HAYIR|%0|EVET|2|HAYIR|%0|EVET|4|EVET|%0|EVET|2|HAYIR|%0|EVET|2|HAYIR|%0|EVET|2|HAYIR|%0|EVET|1|HAYIR|%0|EVET|4|EVET|%0|EVET|2|HAYIR|%0|EVET
59|2026-07-24 14:52:22|4|2/4|HAYIR|%40|%10|HAYIR|%30|2/4|HAYIR|%10|HAYIR|%20|2|HAYIR|%10|K•C|HAYIR|%50|TEPE_YON|FRAGMENTARY_2|DONGU_TERS>TEPE>TEPE|PATTERN_BREAK:0,59|EVET|2|HAYIR|%0|EVET|4|HAYIR|%0|EVET|2|HAYIR|%0|EVET|2|HAYIR|%0|EVET|2|HAYIR|%0|EVET|2|HAYIR|%0|EVET|2|HAYIR|%0|EVET|4|HAYIR|%0|EVET|2|HAYIR|%0|EVET|2|HAYIR|%0|EVET|2|HAYIR|%0|EVET|4|HAYIR|%0|EVET|2|HAYIR|%0|EVET
60|2026-07-24 14:52:29|3|4/1|EVET|%45|%18|HAYIR|%27|4/1|EVET|%18|HAYIR|%18|4|EVET|%18|K•T|HAYIR|%45|VADI_YON|FRAGMENTARY_2|DONGU>VADI>VADI|PATTERN_BREAK:0,59|EVET|4|EVET|%20|EVET|4|EVET|%0|EVET|4|EVET|%40|EVET|2|HAYIR|%20|EVET|4|EVET|%20|EVET|1|HAYIR|%20|EVET|4|EVET|%60|EVET|4|EVET|%20|EVET|4|EVET|%20|EVET|4|EVET|%20|EVET|1|HAYIR|%20|EVET|3|HAYIR|%20|EVET|4|EVET|%20|EVET
61|2026-07-24 14:52:30|4|4/2|HAYIR|%50|%16|EVET|%33|4/2|HAYIR|%16|EVET|%25|4/2|HAYIR|%16|K•T|EVET|%50|DONGU_TERS_YON|FRAGMENTARY_2|DONGU>VADI>DONGU_TERS|PATTERN_BREAK:0,59|EVET|4|HAYIR|%33|EVET|4|HAYIR|%16|EVET|1|HAYIR|%50|EVET|4|HAYIR|%16|EVET|4|HAYIR|%33|EVET|4|HAYIR|%16|EVET|3|HAYIR|%66|EVET|4|HAYIR|%33|EVET|2|EVET|%33|EVET|4|HAYIR|%33|EVET|4|HAYIR|%16|EVET|3|HAYIR|%16|EVET|2|EVET|%33|EVET
62|2026-07-24 14:52:30|2|4/3|HAYIR|%53|%15|EVET|%38|4/3|HAYIR|%15|EVET|%30|4/3|HAYIR|%15|BT|EVET|%53|DONGU_TERS_YON|FRAGMENTARY_2|VADI>TEPE>DONGU_TERS|PATTERN_BREAK:0,59|EVET|4|HAYIR|%28|EVET|4|HAYIR|%14|EVET|4|HAYIR|%42|EVET|4|HAYIR|%14|EVET|3|EVET|%28|EVET|4|HAYIR|%14|EVET|3|EVET|%57|EVET|4|HAYIR|%28|EVET|4|HAYIR|%42|EVET|4|HAYIR|%28|EVET|4|HAYIR|%14|EVET|2|HAYIR|%14|EVET|4|HAYIR|%42|EVET
63|2026-07-24 14:52:33|3|4/3|HAYIR|%50|%14|HAYIR|%35|2/3|HAYIR|%14|HAYIR|%28|2/3|HAYIR|%14|B|HAYIR|%50|DONGU_TERS_YON|FRAGMENTARY_2|DALGA_TEK_SIM_1>TEPE>DONGU_TERS|PATTERN_BREAK:0,59|EVET|2|HAYIR|%25|EVET|4|HAYIR|%12|EVET|3|HAYIR|%37|EVET|1|EVET|%12|EVET|3|HAYIR|%37|EVET|3|HAYIR|%12|EVET|4|HAYIR|%62|EVET|4|HAYIR|%25|EVET|4|HAYIR|%37|EVET|3|HAYIR|%25|EVET|3|HAYIR|%12|EVET|3|HAYIR|%12|EVET|2|HAYIR|%37|EVET
64|2026-07-24 14:52:34|1|2/3|HAYIR|%46|%13|HAYIR|%33|2/3|HAYIR|%13|HAYIR|%26|2|HAYIR|%13|B|EVET|%53|DONGU_TERS_YON|FRAGMENTARY_2|BLOK_TERS>BLOK_DUZ>DONGU_TERS|PATTERN_BREAK:0,59|EVET|2|HAYIR|%22|EVET|3|HAYIR|%11|EVET|2|HAYIR|%33|EVET|1|EVET|%22|EVET|2|HAYIR|%33|EVET|2|HAYIR|%11|EVET|3|HAYIR|%55|EVET|3|HAYIR|%22|EVET|3|HAYIR|%33|EVET|2|HAYIR|%22|EVET|1|EVET|%11|EVET|3|HAYIR|%11|EVET|2|HAYIR|%33|EVET
65|2026-07-24 14:52:35|1|3/1|HAYIR|%50|%12|EVET|%37|3/1|HAYIR|%12|EVET|%31|3|HAYIR|%12|BT|EVET|%56|DONGU_TERS_YON|FRAGMENTARY_2|VADI>TEPE>DONGU_TERS|PATTERN_BREAK:0,59|EVET|3|HAYIR|%20|EVET|4|HAYIR|%10|EVET|4|HAYIR|%30|EVET|3|HAYIR|%30|EVET|3|HAYIR|%30|EVET|3|HAYIR|%10|EVET|3|HAYIR|%50|EVET|3|HAYIR|%20|EVET|1|EVET|%30|EVET|3|HAYIR|%20|EVET|1|EVET|%20|EVET|4|HAYIR|%10|EVET|3|HAYIR|%30|EVET
66|2026-07-24 14:52:35|1|3/1|HAYIR|%47|%11|HAYIR|%35|3/1|HAYIR|%11|HAYIR|%29|3|HAYIR|%11|BT|HAYIR|%52|DONGU_TERS_YON|FRAGMENTARY_2|VADI>TEPE>DONGU_TERS|PATTERN_BREAK:0,59|EVET|3|HAYIR|%18|EVET|4|HAYIR|%9|EVET|3|HAYIR|%27|EVET|3|HAYIR|%27|EVET|3|HAYIR|%27|EVET|3|HAYIR|%9|EVET|3|HAYIR|%45|EVET|1|HAYIR|%18|EVET|1|HAYIR|%36|EVET|3|HAYIR|%18|EVET|3|HAYIR|%27|EVET|1|HAYIR|%9|EVET|1|HAYIR|%27|EVET
67|2026-07-24 14:52:46|2|4/3|HAYIR|%44|%11|HAYIR|%33|3/4|HAYIR|%11|HAYIR|%27|3|HAYIR|%11|B|HAYIR|%50|TEPE_YON|FRAGMENTARY_2|TEPE>TEPE>TEPE|PATTERN_BREAK:0,59|EVET|3|HAYIR|%16|EVET|4|HAYIR|%8|EVET|4|HAYIR|%25|EVET|4|HAYIR|%25|EVET|3|HAYIR|%25|EVET|3|HAYIR|%8|EVET|3|HAYIR|%41|EVET|1|HAYIR|%16|EVET|4|HAYIR|%33|EVET|4|HAYIR|%16|EVET|1|HAYIR|%25|EVET|1|HAYIR|%8|EVET|3|HAYIR|%25|EVET
68|2026-07-24 14:52:47|2|3/1|HAYIR|%47|%10|EVET|%36|1/3|EVET|%15|HAYIR|%26|1|EVET|%15|K•T|EVET|%52|VADI_YON|FRAGMENTARY_2|DONGU>VADI>VADI|PATTERN_BREAK:0,59|EVET|1|EVET|%15|EVET|4|HAYIR|%7|EVET|1|EVET|%23|EVET|3|HAYIR|%23|EVET|1|EVET|%23|EVET|1|EVET|%7|EVET|1|EVET|%38|EVET|1|EVET|%15|EVET|4|HAYIR|%30|EVET|1|EVET|%15|EVET|1|EVET|%23|EVET|2|HAYIR|%7|EVET|4|HAYIR|%23|EVET
69|2026-07-24 14:52:48|1|3|HAYIR|%50|%10|EVET|%40|3/1|HAYIR|%15|EVET|%30|3/4|HAYIR|%15|T|EVET|%55|TEPE_YON|FRAGMENTARY_2|VADI>DONGU_TERS>TEPE||HAYIR|3|HAYIR|%21|EVET|4|HAYIR|%7|EVET|3|HAYIR|%28|EVET|3|HAYIR|%21|EVET|3|HAYIR|%28|EVET|3|HAYIR|%14|EVET|3|HAYIR|%42|EVET|1|EVET|%21|EVET|1|EVET|%28|EVET|3|HAYIR|%21|EVET|3|HAYIR|%28|EVET|1|EVET|%7|EVET|1|EVET|%21|EVET
70|2026-07-24 14:52:49|1|1|HAYIR|%47|%9|HAYIR|%38|1/3|HAYIR|%14|HAYIR|%28|1/3|HAYIR|%14|KT|EVET|%57|VADI_YON|FRAGMENTARY_2|TEPE>DONGU_TERS>VADI||HAYIR|1|HAYIR|%20|EVET|4|HAYIR|%6|EVET|1|HAYIR|%26|EVET|1|HAYIR|%20|EVET|1|HAYIR|%26|EVET|1|HAYIR|%13|EVET|3|HAYIR|%40|EVET|1|HAYIR|%26|EVET|1|HAYIR|%33|EVET|1|HAYIR|%20|EVET|1|HAYIR|%26|EVET|1|HAYIR|%13|EVET|1|HAYIR|%26|EVET
71|2026-07-24 14:52:50|2|2/1|HAYIR|%45|%9|HAYIR|%36|2/3|HAYIR|%13|EVET|%31|2|HAYIR|%13|KT|EVET|%59|TEPE_YON|FRAGMENTARY_2|TEPE>DONGU_TERS>TEPE||HAYIR|2|HAYIR|%18|EVET|4|HAYIR|%6|EVET|2|HAYIR|%25|EVET|1|HAYIR|%18|EVET|2|HAYIR|%25|EVET|2|HAYIR|%12|EVET|3|EVET|%37|EVET|1|HAYIR|%25|EVET|4|HAYIR|%31|EVET|2|HAYIR|%18|EVET|2|HAYIR|%25|EVET|1|HAYIR|%12|EVET|3|EVET|%25|EVET
72|2026-07-24 14:52:53|3|2/4|HAYIR|%43|%8|HAYIR|%34|2/4|HAYIR|%13|HAYIR|%30|2|HAYIR|%13|K|EVET|%60|DONGU_YON|FRAGMENTARY_2|VADI>DONGU_TERS>DONGU|PATTERN_BREAK:0,59|EVET|2|HAYIR|%17|EVET|4|HAYIR|%5|EVET|4|HAYIR|%23|EVET|1|EVET|%17|EVET|2|HAYIR|%23|EVET|2|HAYIR|%11|EVET|4|HAYIR|%41|EVET|1|EVET|%23|EVET|4|HAYIR|%29|EVET|2|HAYIR|%17|EVET|2|HAYIR|%23|EVET|1|EVET|%11|EVET|2|HAYIR|%29|EVET
73|2026-07-24 14:52:54|1|1/2|HAYIR|%45|%8|EVET|%37|1/2|HAYIR|%12|EVET|%33|1/2|HAYIR|%12|K•T|EVET|%62|DONGU_YON|FRAGMENTARY_2|TEPE>DONGU_TERS>DONGU||HAYIR|1|HAYIR|%16|EVET|1|HAYIR|%5|EVET|2|EVET|%22|EVET|1|HAYIR|%22|EVET|1|HAYIR|%22|EVET|1|HAYIR|%11|EVET|3|HAYIR|%38|EVET|1|HAYIR|%27|EVET|1|HAYIR|%27|EVET|1|HAYIR|%16|EVET|1|HAYIR|%22|EVET|1|HAYIR|%16|EVET|2|EVET|%27|EVET
74|2026-07-24 14:52:56|2|3/4|HAYIR|%44|%8|HAYIR|%36|3/4|HAYIR|%12|HAYIR|%32|3/2|HAYIR|%12|T|HAYIR|%60|DONGU_YON|FRAGMENTARY_2|DONGU>DONGU_TERS>DONGU|PATTERN_BREAK:0,59|EVET|3|HAYIR|%15|EVET|1|HAYIR|%5|EVET|4|HAYIR|%26|EVET|1|HAYIR|%21|EVET|3|HAYIR|%21|EVET|3|HAYIR|%10|EVET|3|HAYIR|%36|EVET|2|EVET|%26|EVET|3|HAYIR|%26|EVET|4|HAYIR|%15|EVET|3|HAYIR|%21|EVET|2|EVET|%15|EVET|3|HAYIR|%31|EVET
75|2026-07-24 14:52:57|2|1/3|HAYIR|%46|%7|EVET|%38|1/3|HAYIR|%11|EVET|%34|1|HAYIR|%11|KT|EVET|%61|DONGU_YON|FRAGMENTARY_2|VADI>TEPE>DONGU|PATTERN_BREAK:0,59|EVET|1|HAYIR|%15|EVET|1|HAYIR|%5|EVET|3|EVET|%25|EVET|1|HAYIR|%20|EVET|1|HAYIR|%20|EVET|1|HAYIR|%10|EVET|1|HAYIR|%35|EVET|1|HAYIR|%30|EVET|3|EVET|%25|EVET|1|HAYIR|%15|EVET|1|HAYIR|%20|EVET|2|HAYIR|%20|EVET|1|HAYIR|%30|EVET
76|2026-07-24 14:52:58|3|1/2|HAYIR|%48|%7|EVET|%40|2/1|EVET|%14|HAYIR|%33|1/2|HAYIR|%11|KT|EVET|%62|DONGU_YON|FRAGMENTARY_2|TEPE>VADI>DONGU|PATTERN_BREAK:0,59|EVET|1|HAYIR|%14|EVET|4|HAYIR|%4|EVET|1|HAYIR|%28|EVET|1|HAYIR|%19|EVET|2|EVET|%19|EVET|2|EVET|%9|EVET|4|HAYIR|%33|EVET|2|EVET|%28|EVET|4|HAYIR|%28|EVET|1|HAYIR|%14|EVET|1|HAYIR|%19|EVET|2|EVET|%19|EVET|1|HAYIR|%28|EVET
77|2026-07-24 14:52:59|2|3/2|HAYIR|%46|%7|HAYIR|%39|4/3|EVET|%17|HAYIR|%32|4/3|EVET|%14|K|HAYIR|%60|DONGU_YON|FRAGMENTARY_2|DONGU>TEPE>DONGU|PATTERN_BREAK:0,59|EVET|4|EVET|%13|EVET|2|HAYIR|%4|EVET|3|HAYIR|%27|EVET|1|HAYIR|%18|EVET|4|EVET|%22|EVET|4|EVET|%13|EVET|3|HAYIR|%31|EVET|2|HAYIR|%31|EVET|3|HAYIR|%27|EVET|3|HAYIR|%13|EVET|4|EVET|%18|EVET|2|HAYIR|%22|EVET|4|EVET|%27|EVET
78|2026-07-24 14:53:00|4|2/3|HAYIR|%44|%6|HAYIR|%37|2/1|HAYIR|%17|EVET|%34|2/1|HAYIR|%13|K•T|EVET|%62|DONGU_YON|FRAGMENTARY_2|DONGU_TERS>VADI>DONGU|PATTERN_BREAK:0,59|EVET|2|HAYIR|%17|EVET|2|HAYIR|%4|EVET|1|EVET|%26|EVET|3|HAYIR|%17|EVET|2|HAYIR|%26|EVET|2|HAYIR|%17|EVET|2|HAYIR|%30|EVET|2|HAYIR|%30|EVET|2|HAYIR|%26|EVET|2|HAYIR|%13|EVET|1|EVET|%21|EVET|2|HAYIR|%21|EVET|2|HAYIR|%30|EVET
79|2026-07-24 14:53:02|1|1/3|HAYIR|%43|%6|HAYIR|%36|1/3|HAYIR|%16|HAYIR|%33|1|HAYIR|%13|T|EVET|%63|TEPE_YON|FRAGMENTARY_2|DONGU_TERS>TEPE>TEPE|PATTERN_BREAK:0,59|EVET|1|HAYIR|%16|EVET|1|HAYIR|%4|EVET|1|HAYIR|%29|EVET|4|HAYIR|%16|EVET|1|HAYIR|%25|EVET|1|HAYIR|%16|EVET|2|EVET|%29|EVET|1|HAYIR|%29|EVET|1|HAYIR|%25|EVET|1|HAYIR|%12|EVET|1|HAYIR|%25|EVET|2|EVET|%20|EVET|1|HAYIR|%29|EVET
80|2026-07-24 14:53:03|2|2/1|HAYIR|%41|%6|HAYIR|%35|2/3|HAYIR|%16|EVET|%35|2/3|HAYIR|%12|B•C|EVET|%64|BLOK_DUZ_TEKRAR|FRAGMENTARY_2|DONGU_TERS>DONGU>BLOK_DUZ|REGIME_SHIFT:0,75,PATTERN_BREAK:0,59|EVET|2|HAYIR|%16|EVET|1|HAYIR|%4|EVET|1|HAYIR|%28|EVET|1|HAYIR|%16|EVET|2|HAYIR|%24|EVET|2|HAYIR|%16|EVET|3|EVET|%32|EVET|2|HAYIR|%28|EVET|3|EVET|%24|EVET|2|HAYIR|%12|EVET|1|HAYIR|%24|EVET|1|HAYIR|%24|EVET|3|EVET|%28|EVET
81|2026-07-24 14:53:07|3|2/1|HAYIR|%43|%6|EVET|%37|2/1|HAYIR|%15|EVET|%37|2/1|HAYIR|%12|KC|EVET|%65|VADI_YON|FRAGMENTARY_2|TEPE>DONGU>VADI|REGIME_SHIFT:0,50,PATTERN_BREAK:0,59|EVET|2|HAYIR|%15|EVET|1|EVET|%3|EVET|1|EVET|%26|EVET|4|HAYIR|%15|EVET|2|HAYIR|%23|EVET|2|HAYIR|%15|EVET|4|HAYIR|%34|EVET|2|HAYIR|%26|EVET|2|HAYIR|%26|EVET|1|EVET|%11|EVET|2|HAYIR|%23|EVET|2|HAYIR|%23|EVET|2|HAYIR|%30|EVET
82|2026-07-24 14:53:09|1|2/1|HAYIR|%45|%6|EVET|%39|2/1|HAYIR|%15|EVET|%39|2|HAYIR|%12|K|EVET|%66|DONGU_TERS_YON|FRAGMENTARY_2|VADI>DONGU>DONGU_TERS|PATTERN_BREAK:0,59|EVET|2|HAYIR|%14|EVET|1|EVET|%7|EVET|2|HAYIR|%29|EVET|4|HAYIR|%14|EVET|2|HAYIR|%22|EVET|2|HAYIR|%14|EVET|2|HAYIR|%33|EVET|1|EVET|%25|EVET|2|HAYIR|%25|EVET|2|HAYIR|%14|EVET|2|HAYIR|%22|EVET|1|EVET|%22|EVET|2|HAYIR|%29|EVET
83|2026-07-24 14:53:10|1|1/2|EVET|%47|%8|HAYIR|%38|1/2|EVET|%17|HAYIR|%38|1/3|EVET|%14|K•T|EVET|%67|DONGU_TERS_YON|FRAGMENTARY_2|BLOK_DUZ>DONGU>DONGU_TERS|PATTERN_BREAK:0,59|EVET|1|EVET|%14|EVET|1|EVET|%10|EVET|1|EVET|%28|EVET|1|EVET|%14|EVET|1|EVET|%21|EVET|1|EVET|%14|EVET|2|HAYIR|%32|EVET|1|EVET|%28|EVET|1|EVET|%25|EVET|1|EVET|%14|EVET|1|EVET|%21|EVET|1|EVET|%25|EVET|2|HAYIR|%28|EVET
84|2026-07-24 14:53:12|1|2/1|HAYIR|%45|%8|HAYIR|%37|2/1|HAYIR|%17|HAYIR|%37|2/3|HAYIR|%14|K|HAYIR|%65|TEPE_YON|FRAGMENTARY_2|BLOK_DUZ>DONGU>TEPE|PATTERN_BREAK:0,59|EVET|2|HAYIR|%17|EVET|1|HAYIR|%13|EVET|2|HAYIR|%31|EVET|2|HAYIR|%17|EVET|2|HAYIR|%24|EVET|2|HAYIR|%17|EVET|2|HAYIR|%31|EVET|1|HAYIR|%31|EVET|1|HAYIR|%27|EVET|2|HAYIR|%17|EVET|3|EVET|%24|EVET|1|HAYIR|%27|EVET|1|HAYIR|%27|EVET
85|2026-07-24 14:53:15|3|1/4|HAYIR|%47|%8|EVET|%38|4/1|EVET|%19|HAYIR|%36|4/1|EVET|%16|K|HAYIR|%63|VADI_YON|FRAGMENTARY_2|DALGA_TEK_SIM_1>DONGU>VADI|PATTERN_BREAK:0,59|EVET|4|EVET|%16|EVET|1|HAYIR|%13|EVET|4|EVET|%30|EVET|2|HAYIR|%16|EVET|4|EVET|%23|EVET|4|EVET|%16|EVET|1|HAYIR|%30|EVET|1|HAYIR|%30|EVET|1|HAYIR|%26|EVET|1|HAYIR|%16|EVET|1|HAYIR|%26|EVET|1|HAYIR|%26|EVET|4|EVET|%26|EVET
86|2026-07-24 14:53:17|4|2|EVET|%48|%10|HAYIR|%37|2/1|EVET|%21|HAYIR|%35|2|EVET|%18|K•T|EVET|%64|DONGU_TERS_YON|FRAGMENTARY_2|BLOK_TERS>DONGU>DONGU_TERS||HAYIR|2|EVET|%19|EVET|1|HAYIR|%12|EVET|2|EVET|%32|EVET|4|HAYIR|%16|EVET|2|EVET|%25|EVET|2|EVET|%19|EVET|2|EVET|%29|EVET|1|HAYIR|%29|EVET|2|EVET|%25|EVET|2|EVET|%16|EVET|3|HAYIR|%25|EVET|1|HAYIR|%25|EVET|2|EVET|%29|EVET
87|2026-07-24 14:53:20|2|3|HAYIR|%47|%10|HAYIR|%36|3/4|HAYIR|%21|HAYIR|%34|3|HAYIR|%18|T|HAYIR|%63|TEPE_YON|FRAGMENTARY_2|DALGA_TEK_SIM_1>TEPE>TEPE||HAYIR|3|HAYIR|%21|EVET|1|HAYIR|%12|EVET|3|HAYIR|%34|EVET|1|HAYIR|%15|EVET|3|HAYIR|%28|EVET|3|HAYIR|%21|EVET|3|HAYIR|%31|EVET|1|HAYIR|%28|EVET|3|HAYIR|%28|EVET|3|HAYIR|%18|EVET|3|HAYIR|%25|EVET|1|HAYIR|%25|EVET|3|HAYIR|%31|EVET
88|2026-07-24 14:53:21|2|2/1|EVET|%48|%12|HAYIR|%35|1/3|HAYIR|%20|HAYIR|%33|1|HAYIR|%17|KT|EVET|%64|VADI_YON|FRAGMENTARY_2|BLOK_DUZ>BLOK_DUZ>VADI|PATTERN_BREAK:0,59|EVET|1|HAYIR|%21|EVET|3|HAYIR|%12|EVET|2|EVET|%33|EVET|1|HAYIR|%15|EVET|1|HAYIR|%27|EVET|1|HAYIR|%21|EVET|3|HAYIR|%30|EVET|2|EVET|%27|EVET|3|HAYIR|%27|EVET|1|HAYIR|%18|EVET|1|HAYIR|%24|EVET|2|EVET|%24|EVET|1|HAYIR|%30|EVET
89|2026-07-24 14:53:22|2|4/3|HAYIR|%47|%12|HAYIR|%35|1/3|EVET|%22|HAYIR|%32|1|EVET|%20|B•C|HAYIR|%62|TEPE_YON|FRAGMENTARY_2|TEPE>VADI>TEPE|PATTERN_BREAK:0,59|EVET|1|EVET|%20|EVET|1|EVET|%11|EVET|4|HAYIR|%35|EVET|1|EVET|%14|EVET|1|EVET|%26|EVET|1|EVET|%20|EVET|3|HAYIR|%29|EVET|2|HAYIR|%29|EVET|3|HAYIR|%26|EVET|1|EVET|%17|EVET|1|EVET|%23|EVET|2|HAYIR|%26|EVET|1|EVET|%29|EVET
90|2026-07-24 14:53:25|1|1/3|HAYIR|%48|%12|EVET|%36|1/3|HAYIR|%21|EVET|%34|1|HAYIR|%19|K|EVET|%63|TEPE_YON|FRAGMENTARY_2|TEPE>DONGU_TERS>TEPE|PATTERN_BREAK:0,59|EVET|1|HAYIR|%22|EVET|1|HAYIR|%14|EVET|1|HAYIR|%34|EVET|3|EVET|%17|EVET|1|HAYIR|%28|EVET|1|HAYIR|%22|EVET|2|HAYIR|%28|EVET|2|HAYIR|%28|EVET|1|HAYIR|%25|EVET|1|HAYIR|%20|EVET|1|HAYIR|%25|EVET|2|HAYIR|%25|EVET|1|HAYIR|%31|EVET
91|2026-07-24 14:53:28|3|2/4|HAYIR|%47|%11|HAYIR|%35|2/4|HAYIR|%21|HAYIR|%33|2/4|HAYIR|%19|KC|HAYIR|%61|TEPE_YON|FRAGMENTARY_2|VADI>DONGU_TERS>TEPE|PATTERN_BREAK:0,59|EVET|2|HAYIR|%22|EVET|1|HAYIR|%13|EVET|4|HAYIR|%33|EVET|3|EVET|%19|EVET|2|HAYIR|%27|EVET|2|HAYIR|%22|EVET|1|HAYIR|%27|EVET|2|HAYIR|%27|EVET|4|HAYIR|%25|EVET|2|HAYIR|%19|EVET|2|HAYIR|%25|EVET|2|HAYIR|%25|EVET|4|HAYIR|%30|EVET
92|2026-07-24 14:53:29|3|1/3|HAYIR|%48|%11|EVET|%37|3/1|EVET|%23|HAYIR|%32|3/4|EVET|%20|K•T|EVET|%62|TEPE_YON|FRAGMENTARY_2|BLOK_DUZ>TEPE>TEPE|PATTERN_BREAK:0,59|EVET|3|EVET|%21|EVET|3|EVET|%13|EVET|1|HAYIR|%32|EVET|4|HAYIR|%21|EVET|3|EVET|%27|EVET|3|EVET|%21|EVET|4|HAYIR|%27|EVET|1|HAYIR|%27|EVET|4|HAYIR|%24|EVET|3|EVET|%18|EVET|3|EVET|%24|EVET|2|HAYIR|%24|EVET|4|HAYIR|%29|EVET
93|2026-07-24 14:53:32|3|1/2|HAYIR|%47|%11|HAYIR|%36|1/3|HAYIR|%22|HAYIR|%31|1/3|HAYIR|%20|K|HAYIR|%61|VADI_YON|FRAGMENTARY_2|TEPE>VADI>VADI|PATTERN_BREAK:0,59|EVET|1|HAYIR|%23|EVET|2|HAYIR|%15|EVET|1|HAYIR|%31|EVET|4|EVET|%21|EVET|1|HAYIR|%28|EVET|1|HAYIR|%23|EVET|1|HAYIR|%26|EVET|2|HAYIR|%26|EVET|4|EVET|%23|EVET|1|HAYIR|%21|EVET|1|HAYIR|%26|EVET|2|HAYIR|%23|EVET|3|HAYIR|%28|EVET
94|2026-07-24 14:53:33|4|2/4|HAYIR|%48|%11|EVET|%37|2/3|HAYIR|%22|HAYIR|%31|2|HAYIR|%20|KC|EVET|%62|VADI_YON|FRAGMENTARY_2|DONGU>DONGU_TERS>VADI||HAYIR|2|HAYIR|%23|EVET|2|HAYIR|%15|EVET|4|EVET|%30|EVET|4|EVET|%23|EVET|2|HAYIR|%28|EVET|2|HAYIR|%23|EVET|2|HAYIR|%25|EVET|2|HAYIR|%25|EVET|2|HAYIR|%25|EVET|2|HAYIR|%20|EVET|2|HAYIR|%25|EVET|2|HAYIR|%23|EVET|2|HAYIR|%28|EVET
95|2026-07-24 14:53:34|4|3/1|HAYIR|%47|%10|HAYIR|%36|3/2|HAYIR|%21|HAYIR|%30|3/2|HAYIR|%19|T|HAYIR|%60|VADI_YON|FRAGMENTARY_2|TEPE>TEPE>VADI|PATTERN_BREAK:0,59|EVET|3|HAYIR|%22|EVET|2|HAYIR|%15|EVET|3|HAYIR|%32|EVET|1|HAYIR|%25|EVET|3|HAYIR|%27|EVET|3|HAYIR|%22|EVET|2|HAYIR|%25|EVET|2|HAYIR|%25|EVET|2|HAYIR|%25|EVET|3|HAYIR|%20|EVET|3|HAYIR|%25|EVET|1|HAYIR|%22|EVET|2|HAYIR|%27|EVET
96|2026-07-24 14:53:35|4|1/2|HAYIR|%48|%10|EVET|%38|2/1|EVET|%23|HAYIR|%29|2/3|EVET|%21|B•C|EVET|%61|VADI_YON|FRAGMENTARY_2|TEPE>VADI>VADI|PATTERN_BREAK:0,59|EVET|2|EVET|%21|EVET|2|EVET|%14|EVET|1|HAYIR|%31|EVET|3|HAYIR|%24|EVET|3|HAYIR|%26|EVET|1|HAYIR|%21|EVET|2|EVET|%24|EVET|4|HAYIR|%24|EVET|2|EVET|%24|EVET|2|EVET|%19|EVET|1|HAYIR|%24|EVET|1|HAYIR|%21|EVET|2|EVET|%26|EVET
97|2026-07-24 14:53:37|2|3/4|HAYIR|%47|%10|HAYIR|%37|3/2|HAYIR|%22|HAYIR|%29|2/3|HAYIR|%20|B•C|HAYIR|%60|TEPE_YON|FRAGMENTARY_2|VADI>TEPE>TEPE|PATTERN_BREAK:0,59|EVET|2|HAYIR|%23|EVET|2|HAYIR|%16|EVET|3|HAYIR|%30|EVET|1|EVET|%23|EVET|2|HAYIR|%26|EVET|2|HAYIR|%21|EVET|3|HAYIR|%26|EVET|3|HAYIR|%23|EVET|3|HAYIR|%26|EVET|2|HAYIR|%21|EVET|2|HAYIR|%23|EVET|1|EVET|%21|EVET|3|HAYIR|%28|EVET
98|2026-07-24 14:53:38|1|1/3|EVET|%48|%12|HAYIR|%36|1/3|EVET|%24|HAYIR|%28|3/1|HAYIR|%20|T|EVET|%61|TEPE_YON|FRAGMENTARY_2|TEPE>TEPE>TEPE|PATTERN_BREAK:0,59|EVET|3|HAYIR|%23|EVET|2|HAYIR|%16|EVET|1|EVET|%30|EVET|3|HAYIR|%25|EVET|1|EVET|%25|EVET|1|EVET|%20|EVET|2|HAYIR|%25|EVET|1|EVET|%23|EVET|1|EVET|%25|EVET|3|HAYIR|%20|EVET|1|EVET|%23|EVET|1|EVET|%23|EVET|1|EVET|%27|EVET
99|2026-07-24 14:53:40|1|2/1|HAYIR|%48|%12|HAYIR|%36|1/3|HAYIR|%24|EVET|%30|1/3|HAYIR|%20|B•C|EVET|%62|TEPE_YON|FRAGMENTARY_2|TEPE>TEPE>TEPE|PATTERN_BREAK:0,59|EVET|1|HAYIR|%22|EVET|1|HAYIR|%15|EVET|2|HAYIR|%31|EVET|3|EVET|%25|EVET|1|HAYIR|%27|EVET|1|HAYIR|%22|EVET|2|HAYIR|%25|EVET|1|HAYIR|%25|EVET|1|HAYIR|%27|EVET|2|HAYIR|%20|EVET|2|HAYIR|%25|EVET|1|HAYIR|%25|EVET|1|HAYIR|%29|EVET
100|2026-07-24 14:53:44|3|4/1|EVET|%49|%13|HAYIR|%35|4/3|EVET|%25|HAYIR|%29|4/3|EVET|%21|K|EVET|%62|TEPE_YON|FRAGMENTARY_2|BLOK_TERS>TEPE>TEPE||HAYIR|4|EVET|%22|EVET|3|HAYIR|%15|EVET|4|EVET|%31|EVET|1|HAYIR|%26|EVET|1|HAYIR|%26|EVET|4|EVET|%22|EVET|1|HAYIR|%24|EVET|1|HAYIR|%24|EVET|4|EVET|%26|EVET|1|HAYIR|%20|EVET|4|EVET|%24|EVET|1|HAYIR|%24|EVET|4|EVET|%28|EVET
101|2026-07-24 14:53:51|4|2/4|HAYIR|%48|%13|HAYIR|%34|2/4|HAYIR|%25|HAYIR|%28|2|HAYIR|%21|C|HAYIR|%61|VADI_YON|FRAGMENTARY_2|BLOK_DUZ>VADI>VADI|PATTERN_BREAK:0,59|EVET|2|HAYIR|%23|EVET|4|HAYIR|%15|EVET|2|HAYIR|%32|EVET|4|HAYIR|%26|EVET|2|HAYIR|%26|EVET|2|HAYIR|%23|EVET|2|HAYIR|%23|EVET|4|HAYIR|%23|EVET|2|HAYIR|%28|EVET|2|HAYIR|%19|EVET|2|HAYIR|%26|EVET|1|HAYIR|%23|EVET|2|HAYIR|%30|EVET
102|2026-07-24 14:53:53|3|4/1|HAYIR|%47|%13|HAYIR|%33|4/1|HAYIR|%24|HAYIR|%28|4|HAYIR|%20|T|EVET|%62|VADI_YON|FRAGMENTARY_2|BLOK_DUZ>VADI>VADI|PATTERN_BREAK:0,59|EVET|4|HAYIR|%23|EVET|4|HAYIR|%14|EVET|4|HAYIR|%31|EVET|4|HAYIR|%25|EVET|4|HAYIR|%25|EVET|4|HAYIR|%23|EVET|4|HAYIR|%23|EVET|1|HAYIR|%23|EVET|4|HAYIR|%27|EVET|4|HAYIR|%19|EVET|4|HAYIR|%25|EVET|2|EVET|%23|EVET|4|HAYIR|%29|EVET
103|2026-07-24 14:53:55|2|1/2|EVET|%48|%14|HAYIR|%33|4/1|HAYIR|%24|EVET|%29|4/1|HAYIR|%20|K•C|EVET|%62|VADI_YON|FRAGMENTARY_2|TEPE>VADI>VADI|PATTERN_BREAK:0,59|EVET|4|HAYIR|%22|EVET|2|HAYIR|%14|EVET|2|HAYIR|%31|EVET|1|EVET|%25|EVET|1|EVET|%25|EVET|4|HAYIR|%22|EVET|3|HAYIR|%22|EVET|2|HAYIR|%22|EVET|3|HAYIR|%27|EVET|1|EVET|%18|EVET|1|EVET|%25|EVET|2|HAYIR|%25|EVET|4|HAYIR|%29|EVET
104|2026-07-24 14:53:57|1|4/3|HAYIR|%47|%14|HAYIR|%32|1/3|EVET|%25|HAYIR|%29|1/3|EVET|%21|KT|EVET|%63|TEPE_YON|FRAGMENTARY_2|TEPE>VADI>TEPE|PATTERN_BREAK:0,59|EVET|1|EVET|%22|EVET|2|HAYIR|%14|EVET|4|HAYIR|%30|EVET|1|EVET|%26|EVET|1|EVET|%26|EVET|1|EVET|%22|EVET|3|HAYIR|%22|EVET|1|EVET|%22|EVET|1|EVET|%26|EVET|1|EVET|%20|EVET|1|EVET|%26|EVET|2|HAYIR|%24|EVET|1|EVET|%28|EVET
105|2026-07-24 14:53:58|1|3/1|HAYIR|%46|%14|HAYIR|%32|1/3|HAYIR|%25|HAYIR|%28|3/1|HAYIR|%21|K|HAYIR|%62|TEPE_YON|FRAGMENTARY_2|BLOK_TERS>TEPE>TEPE||HAYIR|3|HAYIR|%24|EVET|1|HAYIR|%14|EVET|3|HAYIR|%30|EVET|3|HAYIR|%28|EVET|1|HAYIR|%28|EVET|1|HAYIR|%24|EVET|3|HAYIR|%22|EVET|1|HAYIR|%24|EVET|1|HAYIR|%28|EVET|1|HAYIR|%22|EVET|3|HAYIR|%28|EVET|2|HAYIR|%24|EVET|3|HAYIR|%30|EVET
106|2026-07-24 14:54:00|4|3/4|EVET|%47|%15|HAYIR|%31|4/2|HAYIR|%24|HAYIR|%28|4|HAYIR|%21|B•T|EVET|%63|TEPE_YON|FRAGMENTARY_2|BLOK_TERS>TEPE>TEPE|PATTERN_BREAK:0,59|EVET|4|HAYIR|%23|EVET|1|HAYIR|%13|EVET|1|HAYIR|%29|EVET|3|EVET|%27|EVET|4|HAYIR|%27|EVET|4|HAYIR|%23|EVET|2|HAYIR|%21|EVET|2|HAYIR|%23|EVET|2|HAYIR|%27|EVET|4|HAYIR|%21|EVET|1|HAYIR|%27|EVET|2|HAYIR|%23|EVET|2|HAYIR|%29|EVET
107|2026-07-24 14:54:06|3|2/3|HAYIR|%48|%15|EVET|%32|4/2|HAYIR|%24|HAYIR|%27|4/2|HAYIR|%20|B•C|EVET|%63|TEPE_YON|FRAGMENTARY_2|VADI>TEPE>TEPE|PATTERN_BREAK:0,59|EVET|4|HAYIR|%23|EVET|1|HAYIR|%13|EVET|1|HAYIR|%28|EVET|3|EVET|%28|EVET|4|HAYIR|%26|EVET|4|HAYIR|%23|EVET|4|HAYIR|%21|EVET|1|HAYIR|%23|EVET|4|HAYIR|%26|EVET|4|HAYIR|%21|EVET|1|HAYIR|%26|EVET|2|HAYIR|%23|EVET|4|HAYIR|%28|EVET
108|2026-07-24 14:54:08|3|4/3|HAYIR|%49|%15|EVET|%33|4/3|HAYIR|%23|EVET|%28|3/4|EVET|%22|C|HAYIR|%62|VADI_YON|FRAGMENTARY_2|VADI>TEPE>VADI|PATTERN_BREAK:0,59|EVET|3|EVET|%22|EVET|1|HAYIR|%13|EVET|2|HAYIR|%28|EVET|4|HAYIR|%30|EVET|3|EVET|%26|EVET|3|EVET|%22|EVET|4|HAYIR|%20|EVET|3|EVET|%22|EVET|4|HAYIR|%26|EVET|4|HAYIR|%20|EVET|1|HAYIR|%26|EVET|1|HAYIR|%22|EVET|4|HAYIR|%28|EVET
109|2026-07-24 14:54:09|3|4/3|HAYIR|%48|%15|HAYIR|%33|4/3|HAYIR|%23|HAYIR|%28|4/3|HAYIR|%21|B•T|EVET|%63|VADI_YON|FRAGMENTARY_2|BLOK_DUZ>VADI>VADI|PATTERN_BREAK:0,59|EVET|4|HAYIR|%24|EVET|2|HAYIR|%12|EVET|1|EVET|%27|EVET|4|HAYIR|%29|EVET|1|EVET|%27|EVET|4|HAYIR|%24|EVET|4|HAYIR|%20|EVET|3|HAYIR|%24|EVET|4|HAYIR|%25|EVET|4|HAYIR|%20|EVET|4|HAYIR|%25|EVET|1|EVET|%22|EVET|3|HAYIR|%27|EVET
110|2026-07-24 14:54:15|1|4/2|HAYIR|%49|%14|EVET|%34|2/1|EVET|%24|HAYIR|%27|2|EVET|%22|KC|EVET|%63|BLOK_TERS_TEKRAR|FRAGMENTARY_2|BLOK_DUZ>VADI>BLOK_TERS|REGIME_SHIFT:0,75,PATTERN_BREAK:0,59|EVET|2|EVET|%23|EVET|2|EVET|%12|EVET|4|HAYIR|%29|EVET|4|HAYIR|%29|EVET|2|EVET|%29|EVET|2|EVET|%23|EVET|3|HAYIR|%20|EVET|3|HAYIR|%23|EVET|1|HAYIR|%25|EVET|2|EVET|%20|EVET|2|EVET|%25|EVET|1|HAYIR|%23|EVET|2|EVET|%27|EVET
111|2026-07-24 14:54:33|2|3/4|HAYIR|%50|%14|EVET|%35|3/2|HAYIR|%24|HAYIR|%27|3/2|HAYIR|%22|KT|HAYIR|%62|TEPE_YON|FRAGMENTARY_2|BLOK_DUZ>VADI>TEPE|REGIME_SHIFT:0,50,PATTERN_BREAK:0,59|EVET|3|HAYIR|%25|EVET|2|HAYIR|%14|EVET|4|EVET|%28|EVET|4|EVET|%28|EVET|4|EVET|%30|EVET|4|EVET|%25|EVET|3|HAYIR|%19|EVET|3|HAYIR|%23|EVET|3|HAYIR|%25|EVET|4|EVET|%21|EVET|2|HAYIR|%26|EVET|1|HAYIR|%23|EVET|3|HAYIR|%28|EVET
112|2026-07-24 15:02:32|4|2/3|HAYIR|%50|%14|EVET|%36|2/1|HAYIR|%23|HAYIR|%26|2|HAYIR|%22|K|EVET|%63|TEPE_YON|FRAGMENTARY_2|BLOK_DUZ>TEPE>TEPE|PATTERN_BREAK:0,59|EVET|2|HAYIR|%24|EVET|3|EVET|%14|EVET|2|HAYIR|%29|EVET|1|HAYIR|%29|EVET|2|HAYIR|%31|EVET|2|HAYIR|%26|EVET|3|EVET|%19|EVET|3|EVET|%22|EVET|2|HAYIR|%24|EVET|2|HAYIR|%22|EVET|2|HAYIR|%26|EVET|1|HAYIR|%22|EVET|2|HAYIR|%28|EVET
113|2026-07-24 15:02:38|3|4/3|HAYIR|%50|%14|HAYIR|%35|4/3|HAYIR|%23|HAYIR|%26|4/2|HAYIR|%21|B•T|EVET|%64|VADI_YON|FRAGMENTARY_2|BLOK_TERS>TEPE>VADI|PATTERN_BREAK:0,59|EVET|4|HAYIR|%24|EVET|3|HAYIR|%15|EVET|2|HAYIR|%29|EVET|2|HAYIR|%29|EVET|4|HAYIR|%31|EVET|4|HAYIR|%25|EVET|4|HAYIR|%20|EVET|3|HAYIR|%24|EVET|4|HAYIR|%24|EVET|4|HAYIR|%22|EVET|4|HAYIR|%25|EVET|1|EVET|%22|EVET|4|HAYIR|%27|EVET
114|2026-07-24 15:02:41|1|2/3|EVET|%50|%15|HAYIR|%35|2/1|EVET|%24|HAYIR|%26|2|EVET|%23|T|HAYIR|%63|TEPE_YON|FRAGMENTARY_2|BLOK_TERS>TEPE>TEPE|PATTERN_BREAK:0,59|EVET|2|EVET|%23|EVET|3|HAYIR|%15|EVET|2|EVET|%28|EVET|3|HAYIR|%28|EVET|2|EVET|%30|EVET|2|EVET|%25|EVET|2|EVET|%20|EVET|1|HAYIR|%23|EVET|1|HAYIR|%23|EVET|2|EVET|%22|EVET|2|EVET|%25|EVET|1|HAYIR|%23|EVET|2|EVET|%27|EVET
115|2026-07-24 15:02:44|2|3/4|HAYIR|%50|%15|HAYIR|%34|3/4|HAYIR|%24|HAYIR|%25|3/4|HAYIR|%22|B•T|HAYIR|%62|DONGU_YON|FRAGMENTARY_2|BLOK_TERS>TEPE>DONGU||HAYIR|3|HAYIR|%25|EVET|2|EVET|%15|EVET|4|HAYIR|%30|EVET|1|HAYIR|%28|EVET|3|HAYIR|%31|EVET|3|HAYIR|%26|EVET|3|HAYIR|%21|EVET|1|HAYIR|%23|EVET|3|HAYIR|%23|EVET|3|HAYIR|%23|EVET|4|HAYIR|%26|EVET|3|HAYIR|%23|EVET|3|HAYIR|%28|EVET
116|2026-07-24 15:02:46|2|3/1|HAYIR|%49|%14|HAYIR|%34|3/1|HAYIR|%23|HAYIR|%25|1/3|HAYIR|%22|T|EVET|%62|VADI_YON|FRAGMENTARY_2|VADI>VADI>VADI|PATTERN_BREAK:0,59|EVET|1|HAYIR|%24|EVET|2|EVET|%16|EVET|3|HAYIR|%29|EVET|3|HAYIR|%27|EVET|3|HAYIR|%31|EVET|3|HAYIR|%26|EVET|1|HAYIR|%21|EVET|3|HAYIR|%22|EVET|3|HAYIR|%22|EVET|3|HAYIR|%22|EVET|1|HAYIR|%26|EVET|2|EVET|%22|EVET|1|HAYIR|%27|EVET
117|2026-07-24 15:02:48|2|1/2|HAYIR|%48|%14|HAYIR|%33|1/2|HAYIR|%23|HAYIR|%25|1|HAYIR|%22|K|EVET|%63|TEPE_YON|FRAGMENTARY_2|BLOK_DUZ>VADI>TEPE|PATTERN_BREAK:0,59|EVET|1|HAYIR|%24|EVET|2|HAYIR|%17|EVET|4|EVET|%29|EVET|3|HAYIR|%27|EVET|1|HAYIR|%30|EVET|1|HAYIR|%25|EVET|1|HAYIR|%20|EVET|2|HAYIR|%22|EVET|2|HAYIR|%22|EVET|1|HAYIR|%22|EVET|1|HAYIR|%25|EVET|2|HAYIR|%24|EVET|1|HAYIR|%27|EVET
118|2026-07-24 15:03:05|4|1/2|HAYIR|%49|%14|EVET|%34|2/3|EVET|%24|HAYIR|%24|3/2|HAYIR|%21|K•T|EVET|%63|TEPE_YON|FRAGMENTARY_2|TEPE>BLOK_TERS>TEPE|PATTERN_BREAK:0,59|EVET|3|HAYIR|%23|EVET|1|HAYIR|%17|EVET|1|HAYIR|%30|EVET|3|HAYIR|%26|EVET|2|EVET|%30|EVET|2|EVET|%25|EVET|3|HAYIR|%20|EVET|2|EVET|%22|EVET|2|EVET|%22|EVET|1|HAYIR|%22|EVET|1|HAYIR|%25|EVET|2|EVET|%23|EVET|2|EVET|%26|EVET
119|2026-07-24 15:04:10|2|4/3|HAYIR|%48|%14|HAYIR|%34|4/3|HAYIR|%24|HAYIR|%24|4/3|HAYIR|%21|K•C|EVET|%64|VADI_YON|FRAGMENTARY_2|TEPE>TEPE>VADI|PATTERN_BREAK:0,59|EVET|4|HAYIR|%23|EVET|2|EVET|%17|EVET|4|HAYIR|%29|EVET|3|HAYIR|%26|EVET|4|HAYIR|%31|EVET|4|HAYIR|%26|EVET|3|HAYIR|%20|EVET|2|EVET|%23|EVET|2|EVET|%23|EVET|4|HAYIR|%21|EVET|4|HAYIR|%25|EVET|2|EVET|%25|EVET|3|HAYIR|%28|EVET
120|2026-07-24 15:05:01|2|2/3|HAYIR|%49|%14|EVET|%35|0|HAYIR|%0|HAYIR|%0|2/1|HAYIR|%21|K|HAYIR|%63|DONGU_TERS_YON|FRAGMENTARY_2|AZALIS>TEPE>DONGU_TERS|PATTERN_BREAK:0,59|EVET|2|HAYIR|%0|EVET|2|HAYIR|%0|EVET|2|HAYIR|%0|EVET|2|HAYIR|%0|EVET|2|HAYIR|%0|EVET|1|HAYIR|%0|EVET|1|HAYIR|%0|EVET|2|HAYIR|%0|EVET|2|HAYIR|%0|EVET|2|HAYIR|%0|EVET|2|HAYIR|%0|EVET|2|HAYIR|%0|EVET|1|HAYIR|%0|EVET
121|2026-07-25 14:58:32|3|--|HAYIR|%48|%13|HAYIR|%34|0|HAYIR|%0|HAYIR|%0|2/1|HAYIR|%20|--|HAYIR|%62|BLOK_DUZ_TEKRAR|FRAGMENTARY_2|BLOK_TERS>VADI>BLOK_DUZ|REGIME_SHIFT:0,75,PATTERN_BREAK:0,59|EVET|2|HAYIR|%0|EVET|2|HAYIR|%0|EVET|3|HAYIR|%0|EVET|1|HAYIR|%0|EVET|2|HAYIR|%0|EVET|2|HAYIR|%0|EVET|1|HAYIR|%0|EVET|3|HAYIR|%0|EVET|4|EVET|%0|EVET|2|HAYIR|%0|EVET|2|HAYIR|%0|EVET|2|HAYIR|%0|EVET|1|HAYIR|%0|EVET
122|2026-07-25 14:58:33|4|--|HAYIR|%47|%13|HAYIR|%34|0|HAYIR|%0|HAYIR|%0|2/3|HAYIR|%20|--|HAYIR|%61|DONGU_YON|FRAGMENTARY_2|VADI>TEPE>DONGU|REGIME_SHIFT:0,50,PATTERN_BREAK:0,59|EVET|2|HAYIR|%0|EVET|3|EVET|%0|EVET|2|HAYIR|%0|EVET|1|HAYIR|%0|EVET|1|HAYIR|%0|EVET|1|HAYIR|%0|EVET|2|HAYIR|%0|EVET|2|HAYIR|%0|EVET|2|HAYIR|%0|EVET|2|HAYIR|%0|EVET|1|HAYIR|%0|EVET|2|HAYIR|%0|EVET|2|HAYIR|%0|EVET
123|2026-07-25 14:58:35|3|2/3|HAYIR|%48|%13|EVET|%35|0|HAYIR|%0|HAYIR|%0|4/1|HAYIR|%20|--|HAYIR|%60|DONGU_YON|FRAGMENTARY_2|TEPE>DONGU>DONGU||HAYIR|4|HAYIR|%0|EVET|3|EVET|%0|EVET|4|HAYIR|%0|EVET|2|HAYIR|%0|EVET|2|HAYIR|%0|EVET|4|HAYIR|%0|EVET|4|HAYIR|%0|EVET|3|EVET|%0|EVET|4|HAYIR|%0|EVET|2|HAYIR|%0|EVET|4|HAYIR|%0|EVET|2|HAYIR|%0|EVET|4|HAYIR|%0|EVET
124|2026-07-25 14:58:36|3|--|HAYIR|%48|%13|HAYIR|%34|0|HAYIR|%0|HAYIR|%0|3/1|HAYIR|%20|--|HAYIR|%60|DONGU_YON|FRAGMENTARY_2|TEPE>VADI>DONGU|PATTERN_BREAK:0,59|EVET|3|HAYIR|%0|EVET|2|EVET|%0|EVET|3|HAYIR|%0|EVET|4|HAYIR|%0|EVET|3|HAYIR|%0|EVET|3|HAYIR|%0|EVET|4|HAYIR|%0|EVET|3|HAYIR|%0|EVET|4|HAYIR|%0|EVET|3|HAYIR|%0|EVET|3|HAYIR|%0|EVET|3|HAYIR|%0|EVET|3|HAYIR|%0|EVET
125|2026-07-25 14:58:38|2|--|HAYIR|%47|%13|HAYIR|%34|0|HAYIR|%0|HAYIR|%0|1/4|HAYIR|%19|--|HAYIR|%59|VADI_YON|FRAGMENTARY_2|BLOK_TERS>TEPE>VADI|PATTERN_BREAK:0,59|EVET|1|HAYIR|%0|EVET|2|HAYIR|%60|EVET|4|EVET|%0|EVET|4|EVET|%0|EVET|1|HAYIR|%0|EVET|1|HAYIR|%0|EVET|3|HAYIR|%0|EVET|3|HAYIR|%20|EVET|3|HAYIR|%20|EVET|4|EVET|%0|EVET|1|HAYIR|%0|EVET|2|HAYIR|%0|EVET|4|EVET|%0|EVET
126|2026-07-25 14:58:42|4|--|HAYIR|%46|%12|HAYIR|%33|0|HAYIR|%0|HAYIR|%0|2/1|HAYIR|%19|--|HAYIR|%58|TEPE_YON|FRAGMENTARY_2|BLOK_TERS>TEPE>TEPE|PATTERN_BREAK:0,59|EVET|2|HAYIR|%0|EVET|3|HAYIR|%50|EVET|4|HAYIR|%16|EVET|2|HAYIR|%16|EVET|1|EVET|%0|EVET|1|EVET|%0|EVET|3|HAYIR|%0|EVET|2|HAYIR|%16|EVET|2|HAYIR|%16|EVET|2|HAYIR|%16|EVET|1|EVET|%0|EVET|2|HAYIR|%0|EVET|2|HAYIR|%16|EVET
127|2026-07-25 14:58:45|1|--|HAYIR|%46|%12|HAYIR|%33|0|HAYIR|%0|HAYIR|%0|2/1|EVET|%20|--|HAYIR|%57|TEPE_YON|MODERATE_PERIODIC_4|VADI>VADI>TEPE|PATTERN_BREAK:0,59|EVET|2|EVET|%0|EVET|2|EVET|%42|EVET|2|EVET|%14|EVET|3|HAYIR|%14|EVET|2|EVET|%14|EVET|1|HAYIR|%14|EVET|2|EVET|%0|EVET|1|HAYIR|%14|EVET|1|HAYIR|%14|EVET|2|EVET|%14|EVET|2|EVET|%14|EVET|3|HAYIR|%0|EVET|1|HAYIR|%14|EVET
128|2026-07-25 14:58:47|2|3/2|HAYIR|%45|%12|HAYIR|%32|0|HAYIR|%0|HAYIR|%0|3/2|HAYIR|%20|--|HAYIR|%56|TEPE_YON|FRAGMENTARY_2|VADI>DONGU_TERS>TEPE||HAYIR|3|HAYIR|%12|EVET|2|HAYIR|%50|EVET|3|HAYIR|%25|EVET|1|HAYIR|%12|EVET|3|HAYIR|%25|EVET|3|HAYIR|%12|EVET|4|EVET|%12|EVET|2|HAYIR|%12|EVET|4|EVET|%12|EVET|3|HAYIR|%25|EVET|3|HAYIR|%25|EVET|2|HAYIR|%0|EVET|3|HAYIR|%12|EVET
129|2026-07-25 14:58:50|4|2/1|HAYIR|%45|%12|HAYIR|%32|0|HAYIR|%0|HAYIR|%0|2/3|HAYIR|%20|--|HAYIR|%56|VADI_YON|FRAGMENTARY_2|TEPE>BLOK_DUZ>VADI|PATTERN_BREAK:0,59|EVET|2|HAYIR|%11|EVET|2|HAYIR|%44|EVET|3|EVET|%22|EVET|2|HAYIR|%11|EVET|2|HAYIR|%22|EVET|2|HAYIR|%11|EVET|3|EVET|%22|EVET|3|EVET|%11|EVET|2|HAYIR|%22|EVET|3|EVET|%22|EVET|3|EVET|%22|EVET|2|HAYIR|%0|EVET|2|HAYIR|%11|EVET
130|2026-07-25 14:58:50|3|--|HAYIR|%44|%12|HAYIR|%32|0|HAYIR|%0|HAYIR|%0|1/4|HAYIR|%19|--|HAYIR|%55|VADI_YON|FRAGMENTARY_2|TEPE>DONGU>VADI|PATTERN_BREAK:0,59|EVET|1|HAYIR|%10|EVET|2|EVET|%40|EVET|1|HAYIR|%30|EVET|3|HAYIR|%10|EVET|1|HAYIR|%20|EVET|1|HAYIR|%10|EVET|4|HAYIR|%30|EVET|2|EVET|%20|EVET|4|HAYIR|%20|EVET|1|HAYIR|%30|EVET|1|HAYIR|%30|EVET|2|EVET|%0|EVET|4|HAYIR|%10|EVET
131|2026-07-25 14:58:53|2|--|HAYIR|%43|%12|HAYIR|%31|0|HAYIR|%0|HAYIR|%0|1/4|HAYIR|%19|--|HAYIR|%54|TEPE_YON|FRAGMENTARY_2|VADI>DONGU>TEPE|PATTERN_BREAK:0,59|EVET|1|HAYIR|%9|EVET|2|EVET|%45|EVET|2|EVET|%27|EVET|1|HAYIR|%9|EVET|1|HAYIR|%18|EVET|1|HAYIR|%9|EVET|4|HAYIR|%27|EVET|2|EVET|%27|EVET|4|HAYIR|%18|EVET|1|HAYIR|%27|EVET|1|HAYIR|%27|EVET|3|HAYIR|%9|EVET|4|HAYIR|%9|EVET
132|2026-07-25 14:58:58|2|--|HAYIR|%43|%12|HAYIR|%31|0|HAYIR|%0|HAYIR|%0|1/2|HAYIR|%19|--|HAYIR|%54|TEPE_YON|FRAGMENTARY_2|VADI>DONGU>TEPE|PATTERN_BREAK:0,59|EVET|1|HAYIR|%8|EVET|2|EVET|%50|EVET|1|HAYIR|%33|EVET|3|HAYIR|%8|EVET|2|EVET|%16|EVET|1|HAYIR|%8|EVET|3|HAYIR|%25|EVET|2|EVET|%33|EVET|4|HAYIR|%16|EVET|2|EVET|%25|EVET|1|HAYIR|%25|EVET|3|HAYIR|%8|EVET|1|HAYIR|%8|EVET
133|2026-07-25 14:58:59|2|2/3|HAYIR|%44|%11|EVET|%32|0|HAYIR|%0|HAYIR|%0|1/4|HAYIR|%19|--|HAYIR|%53|VADI_YON|FRAGMENTARY_2|BLOK_DUZ>VADI>VADI|PATTERN_BREAK:0,59|EVET|1|HAYIR|%7|EVET|2|HAYIR|%53|EVET|4|HAYIR|%30|EVET|4|HAYIR|%7|EVET|1|HAYIR|%23|EVET|1|HAYIR|%7|EVET|4|HAYIR|%23|EVET|2|HAYIR|%38|EVET|4|HAYIR|%15|EVET|4|HAYIR|%30|EVET|1|HAYIR|%23|EVET|3|EVET|%7|EVET|2|HAYIR|%7|EVET
134|2026-07-25 14:59:01|3|3/2|HAYIR|%43|%11|HAYIR|%31|0|HAYIR|%0|HAYIR|%0|2/4|HAYIR|%18|--|HAYIR|%52|TEPE_YON|FRAGMENTARY_2|BLOK_DUZ>TEPE>TEPE||HAYIR|2|HAYIR|%7|EVET|2|HAYIR|%50|EVET|3|HAYIR|%28|EVET|4|HAYIR|%7|EVET|2|HAYIR|%21|EVET|2|HAYIR|%7|EVET|2|HAYIR|%21|EVET|3|HAYIR|%35|EVET|4|HAYIR|%14|EVET|2|HAYIR|%28|EVET|2|HAYIR|%21|EVET|3|HAYIR|%14|EVET|2|HAYIR|%7|EVET
135|2026-07-25 14:59:03|1|2/3|EVET|%44|%12|HAYIR|%31|0|HAYIR|%0|HAYIR|%0|2/1|EVET|%19|--|HAYIR|%52|TEPE_YON|FRAGMENTARY_2|TEPE>TEPE>TEPE|PATTERN_BREAK:0,59|EVET|2|EVET|%6|EVET|2|EVET|%46|EVET|1|HAYIR|%26|EVET|4|HAYIR|%6|EVET|1|HAYIR|%20|EVET|2|EVET|%6|EVET|2|EVET|%20|EVET|2|EVET|%33|EVET|1|HAYIR|%13|EVET|2|EVET|%26|EVET|1|HAYIR|%20|EVET|2|EVET|%13|EVET|2|EVET|%6|EVET
136|2026-07-25 14:59:05|2|2/3|HAYIR|%43|%12|HAYIR|%31|0|HAYIR|%0|HAYIR|%0|2/4|HAYIR|%19|--|HAYIR|%51|VADI_YON|FRAGMENTARY_2|TEPE>TEPE>VADI||HAYIR|2|HAYIR|%12|EVET|2|HAYIR|%50|EVET|2|HAYIR|%25|EVET|1|EVET|%6|EVET|2|HAYIR|%18|EVET|2|HAYIR|%12|EVET|4|HAYIR|%25|EVET|2|HAYIR|%37|EVET|4|HAYIR|%12|EVET|2|HAYIR|%31|EVET|2|HAYIR|%18|EVET|2|HAYIR|%18|EVET|4|HAYIR|%12|EVET
137|2026-07-25 14:59:08|1|--|HAYIR|%43|%12|HAYIR|%30|0|HAYIR|%0|HAYIR|%0|1/3|HAYIR|%19|--|HAYIR|%51|DONGU_TERS_YON|FRAGMENTARY_2|VADI>VADI>DONGU_TERS|PATTERN_BREAK:0,59|EVET|1|HAYIR|%11|EVET|2|HAYIR|%47|EVET|3|HAYIR|%23|EVET|4|EVET|%11|EVET|1|HAYIR|%17|EVET|1|HAYIR|%11|EVET|2|HAYIR|%23|EVET|1|HAYIR|%35|EVET|1|HAYIR|%11|EVET|1|HAYIR|%29|EVET|1|HAYIR|%17|EVET|3|HAYIR|%17|EVET|1|HAYIR|%11|EVET
138|2026-07-25 14:59:08|4|--|HAYIR|%42|%12|HAYIR|%30|0|HAYIR|%0|HAYIR|%0|4/3|HAYIR|%19|--|HAYIR|%50|DONGU_TERS_YON|FRAGMENTARY_2|BLOK_DUZ>VADI>DONGU_TERS|PATTERN_BREAK:0,59|EVET|4|HAYIR|%11|EVET|2|HAYIR|%44|EVET|4|HAYIR|%22|EVET|4|HAYIR|%16|EVET|4|HAYIR|%16|EVET|4|HAYIR|%11|EVET|3|HAYIR|%22|EVET|3|HAYIR|%33|EVET|2|HAYIR|%11|EVET|4|HAYIR|%27|EVET|4|HAYIR|%16|EVET|2|HAYIR|%16|EVET|3|HAYIR|%11|EVET
139|2026-07-25 14:59:10|1|2/1|HAYIR|%43|%12|EVET|%31|0|HAYIR|%0|HAYIR|%0|2/1|HAYIR|%18|--|HAYIR|%50|TEPE_YON|FRAGMENTARY_2|TEPE>TEPE>TEPE|PATTERN_BREAK:0,59|EVET|2|HAYIR|%10|EVET|2|HAYIR|%42|EVET|1|EVET|%21|EVET|3|HAYIR|%15|EVET|2|HAYIR|%15|EVET|1|EVET|%10|EVET|2|HAYIR|%21|EVET|2|HAYIR|%31|EVET|1|EVET|%10|EVET|2|HAYIR|%26|EVET|1|EVET|%15|EVET|2|HAYIR|%15|EVET|1|EVET|%10|EVET
140|2026-07-25 14:59:11|1|--|HAYIR|%42|%12|HAYIR|%30|0|HAYIR|%0|HAYIR|%0|3/1|HAYIR|%18|--|HAYIR|%49|TEPE_YON|FRAGMENTARY_2|TEPE>TEPE>TEPE|PATTERN_BREAK:0,59|EVET|3|HAYIR|%10|EVET|2|HAYIR|%40|EVET|3|HAYIR|%25|EVET|3|HAYIR|%15|EVET|3|HAYIR|%15|EVET|3|HAYIR|%15|EVET|3|HAYIR|%20|EVET|2|HAYIR|%30|EVET|1|EVET|%15|EVET|3|HAYIR|%25|EVET|3|HAYIR|%20|EVET|1|EVET|%15|EVET|3|HAYIR|%15|EVET
141|2026-07-25 14:59:12|1|--|HAYIR|%42|%11|HAYIR|%30|0|HAYIR|%0|HAYIR|%0|3/1|HAYIR|%18|--|HAYIR|%48|VADI_YON|FRAGMENTARY_2|BLOK_TERS>VADI>VADI|PATTERN_BREAK:0,59|EVET|3|HAYIR|%9|EVET|2|HAYIR|%38|EVET|3|HAYIR|%23|EVET|3|HAYIR|%14|EVET|3|HAYIR|%14|EVET|3|HAYIR|%14|EVET|3|HAYIR|%19|EVET|1|HAYIR|%28|EVET|1|HAYIR|%19|EVET|3|HAYIR|%23|EVET|3|HAYIR|%19|EVET|2|HAYIR|%19|EVET|3|HAYIR|%14|EVET
142|2026-07-25 14:59:14|4|1/3|HAYIR|%43|%11|EVET|%31|0|HAYIR|%0|HAYIR|%0|3/1|EVET|%19|--|HAYIR|%48|DONGU_TERS_YON|FRAGMENTARY_2|VADI>TEPE>DONGU_TERS||HAYIR|3|EVET|%9|EVET|1|HAYIR|%36|EVET|3|EVET|%22|EVET|1|HAYIR|%13|EVET|3|EVET|%13|EVET|3|EVET|%13|EVET|3|EVET|%18|EVET|3|EVET|%27|EVET|2|HAYIR|%18|EVET|3|EVET|%22|EVET|3|EVET|%18|EVET|2|HAYIR|%18|EVET|3|EVET|%13|EVET
143|2026-07-25 14:59:16|3|--|HAYIR|%42|%11|HAYIR|%30|0|HAYIR|%0|HAYIR|%0|3/2|EVET|%20|--|HAYIR|%47|VADI_YON|FRAGMENTARY_2|TEPE>TEPE>VADI|PATTERN_BREAK:0,59|EVET|3|EVET|%13|EVET|1|HAYIR|%34|EVET|3|EVET|%26|EVET|3|EVET|%13|EVET|3|EVET|%17|EVET|3|EVET|%17|EVET|1|HAYIR|%21|EVET|1|HAYIR|%30|EVET|4|HAYIR|%17|EVET|3|EVET|%26|EVET|3|EVET|%21|EVET|2|HAYIR|%17|EVET|4|HAYIR|%17|EVET
144|2026-07-25 14:59:17|3|3/2|EVET|%43|%12|HAYIR|%30|0|HAYIR|%0|HAYIR|%0|3/2|EVET|%21|--|HAYIR|%47|TEPE_YON|FRAGMENTARY_2|TEPE>VADI>TEPE|PATTERN_BREAK:0,59|EVET|3|EVET|%16|EVET|1|HAYIR|%33|EVET|3|EVET|%29|EVET|4|HAYIR|%16|EVET|3|EVET|%20|EVET|3|EVET|%20|EVET|2|HAYIR|%20|EVET|3|EVET|%29|EVET|4|HAYIR|%16|EVET|3|EVET|%29|EVET|3|EVET|%25|EVET|3|EVET|%16|EVET|3|EVET|%16|EVET
145|2026-07-25 14:59:18|3|--|HAYIR|%42|%12|HAYIR|%30|0|HAYIR|%0|HAYIR|%0|1/3|HAYIR|%20|--|HAYIR|%46|VADI_YON|FRAGMENTARY_2|VADI>DONGU_TERS>VADI|PATTERN_BREAK:0,59|EVET|1|HAYIR|%20|EVET|2|HAYIR|%32|EVET|1|HAYIR|%32|EVET|4|EVET|%16|EVET|1|HAYIR|%24|EVET|1|HAYIR|%24|EVET|1|HAYIR|%20|EVET|3|HAYIR|%32|EVET|3|HAYIR|%16|EVET|1|HAYIR|%32|EVET|1|HAYIR|%28|EVET|3|HAYIR|%20|EVET|3|HAYIR|%20|EVET
146|2026-07-25 14:59:24|4|--|HAYIR|%42|%12|HAYIR|%29|0|HAYIR|%0|HAYIR|%0|4/2|HAYIR|%20|--|HAYIR|%46|TEPE_YON|FRAGMENTARY_2|TEPE>DONGU_TERS>TEPE|PATTERN_BREAK:0,59|EVET|4|HAYIR|%19|EVET|1|HAYIR|%30|EVET|2|EVET|%30|EVET|3|HAYIR|%19|EVET|4|HAYIR|%23|EVET|4|HAYIR|%23|EVET|3|HAYIR|%19|EVET|3|HAYIR|%30|EVET|2|EVET|%15|EVET|2|EVET|%30|EVET|2|EVET|%26|EVET|3|HAYIR|%19|EVET|2|EVET|%19|EVET
147|2026-07-25 14:59:26|2|3/2|HAYIR|%42|%12|EVET|%30|0|HAYIR|%0|HAYIR|%0|3/4|HAYIR|%20|--|HAYIR|%45|TEPE_YON|FRAGMENTARY_2|TEPE>TEPE>TEPE|PATTERN_BREAK:0,59|EVET|3|HAYIR|%18|EVET|2|EVET|%29|EVET|3|HAYIR|%33|EVET|2|EVET|%18|EVET|4|HAYIR|%22|EVET|4|HAYIR|%22|EVET|4|HAYIR|%18|EVET|2|EVET|%29|EVET|4|HAYIR|%18|EVET|3|HAYIR|%33|EVET|3|HAYIR|%29|EVET|3|HAYIR|%18|EVET|4|HAYIR|%22|EVET
148|2026-07-25 14:59:29|2|2|HAYIR|%42|%12|HAYIR|%30|0|HAYIR|%0|HAYIR|%0|2/3|HAYIR|%20|--|HAYIR|%45|TEPE_YON|FRAGMENTARY_2|BLOK_TERS>TEPE>TEPE||HAYIR|2|HAYIR|%17|EVET|1|HAYIR|%32|EVET|2|HAYIR|%32|EVET|2|HAYIR|%21|EVET|2|HAYIR|%21|EVET|2|HAYIR|%21|EVET|3|EVET|%17|EVET|2|HAYIR|%32|EVET|2|HAYIR|%17|EVET|2|HAYIR|%32|EVET|3|EVET|%28|EVET|2|HAYIR|%17|EVET|2|HAYIR|%21|EVET
149|2026-07-25 14:59:33|3|2/1|HAYIR|%42|%12|HAYIR|%30|0|HAYIR|%0|HAYIR|%0|4/1|HAYIR|%20|--|HAYIR|%45|VADI_YON|FRAGMENTARY_2|BLOK_TERS>VADI>VADI||HAYIR|4|HAYIR|%17|EVET|2|HAYIR|%31|EVET|4|HAYIR|%31|EVET|2|HAYIR|%20|EVET|4|HAYIR|%20|EVET|4|HAYIR|%20|EVET|1|HAYIR|%20|EVET|3|EVET|%31|EVET|4|HAYIR|%17|EVET|4|HAYIR|%31|EVET|1|HAYIR|%31|EVET|2|HAYIR|%17|EVET|1|HAYIR|%20|EVET
150|2026-07-25 14:59:36|3|3/2|HAYIR|%41|%11|HAYIR|%29|0|HAYIR|%0|HAYIR|%0|3/4|HAYIR|%19|--|HAYIR|%44|DONGU_TERS_YON|FRAGMENTARY_2|BLOK_DUZ>DONGU_TERS>DONGU_TERS|PATTERN_BREAK:0,59|EVET|3|HAYIR|%16|EVET|3|HAYIR|%30|EVET|3|HAYIR|%30|EVET|4|HAYIR|%20|EVET|4|HAYIR|%20|EVET|4|HAYIR|%20|EVET|2|HAYIR|%20|EVET|3|HAYIR|%33|EVET|3|HAYIR|%16|EVET|3|HAYIR|%30|EVET|4|HAYIR|%30|EVET|3|HAYIR|%16|EVET|3|HAYIR|%20|EVET
151|2026-07-25 14:59:39|1|2/1|EVET|%42|%12|HAYIR|%29|0|HAYIR|%0|HAYIR|%0|2/1|EVET|%20|--|HAYIR|%44|TEPE_YON|FRAGMENTARY_2|TEPE>VADI>TEPE|PATTERN_BREAK:0,59|EVET|2|EVET|%16|EVET|2|EVET|%29|EVET|2|EVET|%29|EVET|3|HAYIR|%19|EVET|2|EVET|%19|EVET|2|EVET|%19|EVET|2|EVET|%19|EVET|2|EVET|%32|EVET|1|HAYIR|%16|EVET|2|EVET|%29|EVET|2|EVET|%29|EVET|3|HAYIR|%16|EVET|2|EVET|%19|EVET
152|2026-07-25 15:00:31|2|2/3|HAYIR|%41|%12|HAYIR|%29|0|HAYIR|%0|HAYIR|%0|4/2|EVET|%21|--|HAYIR|%43|TEPE_YON|FRAGMENTARY_2|DONGU_TERS>TEPE>TEPE||HAYIR|4|EVET|%18|EVET|3|HAYIR|%31|EVET|4|EVET|%31|EVET|3|HAYIR|%18|EVET|4|EVET|%21|EVET|4|EVET|%21|EVET|4|EVET|%21|EVET|2|HAYIR|%34|EVET|2|HAYIR|%15|EVET|4|EVET|%31|EVET|2|HAYIR|%31|EVET|2|HAYIR|%15|EVET|4|EVET|%21|EVET
153|2026-07-25 15:01:43|4|3/2|HAYIR|%41|%12|HAYIR|%28|0|HAYIR|%0|HAYIR|%0|3/2|HAYIR|%21|--|HAYIR|%43|VADI_YON|FRAGMENTARY_2|DONGU_TERS>VADI>VADI|PATTERN_BREAK:0,59|EVET|3|HAYIR|%21|EVET|2|HAYIR|%30|EVET|3|HAYIR|%33|EVET|2|HAYIR|%18|EVET|2|HAYIR|%24|EVET|3|HAYIR|%24|EVET|3|HAYIR|%24|EVET|3|HAYIR|%33|EVET|2|HAYIR|%15|EVET|3|HAYIR|%33|EVET|3|HAYIR|%30|EVET|2|HAYIR|%15|EVET|2|HAYIR|%24|EVET
154|2026-07-25 15:02:39|1|2/1|HAYIR|%40|%12|HAYIR|%28|0|HAYIR|%0|HAYIR|%0|2/1|HAYIR|%20|--|HAYIR|%42|TEPE_YON|FRAGMENTARY_2|ARTIS>TEPE>TEPE|PATTERN_BREAK:0,59|EVET|2|HAYIR|%20|EVET|3|HAYIR|%29|EVET|2|HAYIR|%32|EVET|3|HAYIR|%17|EVET|2|HAYIR|%23|EVET|2|HAYIR|%23|EVET|2|HAYIR|%23|EVET|2|HAYIR|%32|EVET|1|HAYIR|%14|EVET|2|HAYIR|%32|EVET|2|HAYIR|%29|EVET|2|HAYIR|%14|EVET|1|HAYIR|%23|EVET
155|2026-07-25 15:03:42|4|--|HAYIR|%40|%12|HAYIR|%28|0|HAYIR|%0|HAYIR|%0|3/1|EVET|%21|--|HAYIR|%42|BLOK_DUZ_TEKRAR|FRAGMENTARY_2|TEPE>TEPE>BLOK_DUZ|REGIME_SHIFT:0,75,PATTERN_BREAK:0,59|EVET|3|EVET|%20|EVET|1|HAYIR|%28|EVET|1|HAYIR|%31|EVET|1|HAYIR|%17|EVET|3|EVET|%22|EVET|3|EVET|%22|EVET|3|EVET|%22|EVET|3|EVET|%31|EVET|2|HAYIR|%14|EVET|3|EVET|%31|EVET|1|HAYIR|%28|EVET|2|HAYIR|%14|EVET|3|EVET|%22|EVET
156|2026-07-25 15:04:55|3|3/1|HAYIR|%41|%12|EVET|%28|0|HAYIR|%0|HAYIR|%0|3/2|HAYIR|%21|--|HAYIR|%42|VADI_YON|FRAGMENTARY_2|TEPE>TEPE>VADI|REGIME_SHIFT:0,50|EVET|3|HAYIR|%0|EVET|2|HAYIR|%0|EVET|3|HAYIR|%0|EVET|2|HAYIR|%0|EVET|3|HAYIR|%0|EVET|3|HAYIR|%0|EVET|1|EVET|%0|EVET|1|EVET|%0|EVET|3|HAYIR|%0|EVET|3|HAYIR|%0|EVET|3|HAYIR|%0|EVET|3|HAYIR|%0|EVET|3|HAYIR|%0|EVET
157|2026-07-26 01:38:22|1|2/1|HAYIR|%40|%12|HAYIR|%28|0|HAYIR|%0|HAYIR|%0|2/1|HAYIR|%21|--|HAYIR|%41|VADI_YON|FRAGMENTARY_2|BLOK_TERS>VADI>VADI|PATTERN_BREAK:0,59|EVET|2|HAYIR|%0|EVET|1|HAYIR|%0|EVET|2|HAYIR|%0|EVET|3|HAYIR|%0|EVET|2|HAYIR|%0|EVET|2|HAYIR|%0|EVET|2|HAYIR|%0|EVET|2|HAYIR|%0|EVET|1|HAYIR|%0|EVET|2|HAYIR|%0|EVET|2|HAYIR|%0|EVET|2|HAYIR|%0|EVET|2|HAYIR|%0|EVET
158|2026-07-26 01:38:23|4|3/1|HAYIR|%40|%11|HAYIR|%28|0|HAYIR|%0|HAYIR|%0|3/1|HAYIR|%21|--|HAYIR|%41|TEPE_YON|FRAGMENTARY_2|BLOK_DUZ>DONGU_TERS>TEPE|PATTERN_BREAK:0,59|EVET|3|HAYIR|%0|EVET|1|HAYIR|%0|EVET|1|HAYIR|%0|EVET|2|HAYIR|%0|EVET|3|HAYIR|%0|EVET|3|HAYIR|%0|EVET|3|HAYIR|%0|EVET|3|HAYIR|%0|EVET|2|HAYIR|%0|EVET|3|HAYIR|%0|EVET|1|HAYIR|%0|EVET|2|HAYIR|%0|EVET|3|HAYIR|%0|EVET
159|2026-07-26 01:38:24|4|--|HAYIR|%40|%11|HAYIR|%28|0|HAYIR|%0|HAYIR|%0|2/1|HAYIR|%20|--|HAYIR|%40|TEPE_YON|FRAGMENTARY_2|TEPE>TEPE>TEPE|PATTERN_BREAK:0,59|EVET|2|HAYIR|%0|EVET|1|HAYIR|%0|EVET|1|HAYIR|%0|EVET|2|HAYIR|%0|EVET|1|HAYIR|%0|EVET|1|HAYIR|%0|EVET|3|EVET|%0|EVET|3|EVET|%0|EVET|2|HAYIR|%0|EVET|1|HAYIR|%0|EVET|1|HAYIR|%0|EVET|2|HAYIR|%0|EVET|2|HAYIR|%0|EVET
160|2026-07-26 01:38:27|3|--|HAYIR|%39|%11|HAYIR|%27|0|HAYIR|%0|HAYIR|%0|1/3|HAYIR|%20|--|HAYIR|%40|VADI_YON|FRAGMENTARY_2|TEPE>TEPE>VADI|PATTERN_BREAK:0,59|EVET|1|HAYIR|%0|EVET|1|HAYIR|%0|EVET|1|HAYIR|%0|EVET|2|EVET|%0|EVET|1|HAYIR|%0|EVET|1|HAYIR|%0|EVET|1|HAYIR|%0|EVET|3|HAYIR|%0|EVET|3|HAYIR|%0|EVET|1|HAYIR|%0|EVET|1|HAYIR|%0|EVET|3|HAYIR|%0|EVET|1|HAYIR|%0|EVET
161|2026-07-26 01:38:29|2|--|HAYIR|%39|%11|HAYIR|%27|0|HAYIR|%0|HAYIR|%0|1/4|HAYIR|%20|--|HAYIR|%40|TEPE_YON|FRAGMENTARY_2|BLOK_TERS>VADI>TEPE|PATTERN_BREAK:0,59|EVET|1|HAYIR|%0|EVET|1|HAYIR|%0|EVET|2|HAYIR|%0|EVET|1|HAYIR|%20|EVET|2|HAYIR|%0|EVET|1|HAYIR|%0|EVET|4|HAYIR|%40|EVET|4|HAYIR|%40|EVET|4|HAYIR|%0|EVET|1|HAYIR|%0|EVET|1|HAYIR|%0|EVET|2|HAYIR|%0|EVET|4|HAYIR|%0|EVET
162|2026-07-26 01:38:30|3|--|HAYIR|%38|%11|HAYIR|%27|0|HAYIR|%0|HAYIR|%0|1/4|HAYIR|%20|--|HAYIR|%39|VADI_YON|FRAGMENTARY_2|BLOK_DUZ>TEPE>VADI|PATTERN_BREAK:0,59|EVET|1|HAYIR|%0|EVET|1|HAYIR|%0|EVET|1|HAYIR|%0|EVET|4|HAYIR|%16|EVET|4|HAYIR|%0|EVET|4|HAYIR|%0|EVET|1|HAYIR|%33|EVET|3|HAYIR|%33|EVET|3|HAYIR|%0|EVET|4|HAYIR|%0|EVET|4|HAYIR|%0|EVET|3|HAYIR|%0|EVET|1|HAYIR|%0|EVET
163|2026-07-26 01:38:31|2|--|HAYIR|%38|%11|HAYIR|%27|0|HAYIR|%0|HAYIR|%0|4/1|HAYIR|%20|--|HAYIR|%39|VADI_YON|FRAGMENTARY_2|TEPE>BLOK_DUZ>VADI|PATTERN_BREAK:0,59|EVET|4|HAYIR|%0|EVET|2|EVET|%0|EVET|1|HAYIR|%0|EVET|1|HAYIR|%14|EVET|4|HAYIR|%0|EVET|4|HAYIR|%0|EVET|4|HAYIR|%28|EVET|2|EVET|%28|EVET|3|HAYIR|%0|EVET|4|HAYIR|%0|EVET|4|HAYIR|%0|EVET|2|EVET|%0|EVET|4|HAYIR|%0|EVET
164|2026-07-26 01:38:33|2|--|HAYIR|%38|%11|HAYIR|%26|0|HAYIR|%0|HAYIR|%0|2/3|HAYIR|%20|--|HAYIR|%39|TEPE_YON|FRAGMENTARY_2|TEPE>VADI>TEPE|PATTERN_BREAK:0,59|EVET|2|HAYIR|%0|EVET|2|HAYIR|%12|EVET|2|HAYIR|%0|EVET|3|HAYIR|%12|EVET|2|HAYIR|%0|EVET|2|HAYIR|%0|EVET|3|HAYIR|%25|EVET|2|HAYIR|%37|EVET|2|HAYIR|%0|EVET|2|HAYIR|%0|EVET|2|HAYIR|%0|EVET|2|HAYIR|%12|EVET|3|HAYIR|%0|EVET
165|2026-07-26 01:38:34|4|--|HAYIR|%37|%11|HAYIR|%26|0|HAYIR|%0|HAYIR|%0|2/1|HAYIR|%19|--|HAYIR|%38|VADI_YON|FRAGMENTARY_2|VADI>VADI>VADI|PATTERN_BREAK:0,59|EVET|2|HAYIR|%0|EVET|2|HAYIR|%11|EVET|1|EVET|%0|EVET|3|HAYIR|%11|EVET|2|HAYIR|%0|EVET|2|HAYIR|%0|EVET|3|HAYIR|%22|EVET|3|HAYIR|%33|EVET|2|HAYIR|%0|EVET|2|HAYIR|%0|EVET|2|HAYIR|%0|EVET|2|HAYIR|%11|EVET|2|HAYIR|%0|EVET
166|2026-07-26 01:38:37|1|2/1|EVET|%38|%11|HAYIR|%26|0|HAYIR|%0|HAYIR|%0|2/1|EVET|%20|--|HAYIR|%38|DONGU_TERS_YON|FRAGMENTARY_2|BLOK_DUZ>TEPE>DONGU_TERS||HAYIR|2|EVET|%0|EVET|1|HAYIR|%10|EVET|2|EVET|%10|EVET|3|HAYIR|%10|EVET|2|EVET|%0|EVET|2|EVET|%0|EVET|2|EVET|%20|EVET|2|EVET|%30|EVET|1|HAYIR|%0|EVET|2|EVET|%0|EVET|2|EVET|%0|EVET|2|EVET|%10|EVET|1|HAYIR|%0|EVET
167|2026-07-26 01:38:37|2|--|HAYIR|%38|%11|HAYIR|%26|0|HAYIR|%0|HAYIR|%0|4/3|EVET|%21|--|HAYIR|%38|VADI_YON|FRAGMENTARY_2|TEPE>TEPE>VADI|PATTERN_BREAK:0,59|EVET|4|EVET|%9|EVET|2|HAYIR|%9|EVET|4|EVET|%18|EVET|1|HAYIR|%9|EVET|3|HAYIR|%9|EVET|4|EVET|%9|EVET|4|EVET|%27|EVET|2|HAYIR|%36|EVET|4|EVET|%0|EVET|4|EVET|%9|EVET|4|EVET|%9|EVET|3|HAYIR|%18|EVET|4|EVET|%0|EVET
168|2026-07-26 01:38:39|4|3/2|HAYIR|%37|%11|HAYIR|%26|0|HAYIR|%0|HAYIR|%0|3/1|HAYIR|%21|--|HAYIR|%37|VADI_YON|FRAGMENTARY_2|VADI>VADI>VADI||HAYIR|3|HAYIR|%16|EVET|2|HAYIR|%8|EVET|3|HAYIR|%25|EVET|2|HAYIR|%8|EVET|3|HAYIR|%8|EVET|3|HAYIR|%16|EVET|3|HAYIR|%33|EVET|3|HAYIR|%33|EVET|2|HAYIR|%8|EVET|3|HAYIR|%16|EVET|3|HAYIR|%16|EVET|3|HAYIR|%16|EVET|1|EVET|%8|EVET
169|2026-07-26 01:38:42|1|2/1|HAYIR|%38|%11|EVET|%26|0|HAYIR|%0|HAYIR|%0|2/4|HAYIR|%20|--|HAYIR|%37|DONGU_YON|FRAGMENTARY_2|VADI>TEPE>DONGU||HAYIR|2|HAYIR|%15|EVET|2|HAYIR|%7|EVET|4|HAYIR|%23|EVET|3|HAYIR|%7|EVET|4|HAYIR|%7|EVET|4|HAYIR|%15|EVET|2|HAYIR|%30|EVET|2|HAYIR|%30|EVET|1|EVET|%7|EVET|4|HAYIR|%15|EVET|2|HAYIR|%15|EVET|3|HAYIR|%15|EVET|1|EVET|%15|EVET
170|2026-07-26 01:38:43|1|--|HAYIR|%38|%11|HAYIR|%26|0|HAYIR|%0|HAYIR|%0|3/1|EVET|%21|--|HAYIR|%37|DONGU_TERS_YON|FRAGMENTARY_2|TEPE>VADI>DONGU_TERS|PATTERN_BREAK:0,59|EVET|3|EVET|%14|EVET|2|HAYIR|%7|EVET|1|HAYIR|%21|EVET|3|EVET|%7|EVET|3|EVET|%7|EVET|3|EVET|%14|EVET|3|EVET|%28|EVET|2|HAYIR|%28|EVET|1|HAYIR|%14|EVET|3|EVET|%14|EVET|3|EVET|%14|EVET|3|EVET|%14|EVET|3|EVET|%21|EVET
171|2026-07-26 01:38:46|3|--|HAYIR|%37|%11|HAYIR|%26|0|HAYIR|%0|HAYIR|%0|4/3|HAYIR|%21|--|HAYIR|%36|DONGU_TERS_YON|FRAGMENTARY_2|DONGU_TERS>VADI>DONGU_TERS|PATTERN_BREAK:0,59|EVET|4|HAYIR|%20|EVET|2|HAYIR|%6|EVET|4|HAYIR|%20|EVET|2|HAYIR|%13|EVET|3|HAYIR|%13|EVET|3|HAYIR|%20|EVET|2|HAYIR|%33|EVET|3|HAYIR|%26|EVET|2|HAYIR|%13|EVET|4|HAYIR|%20|EVET|4|HAYIR|%20|EVET|2|HAYIR|%20|EVET|4|HAYIR|%26|EVET
172|2026-07-26 01:38:47|1|2/1|HAYIR|%37|%11|HAYIR|%26|0|HAYIR|%0|HAYIR|%0|2/3|HAYIR|%21|--|HAYIR|%36|DONGU_YON|FRAGMENTARY_2|VADI>TEPE>DONGU|PATTERN_BREAK:0,59|EVET|2|HAYIR|%18|EVET|2|HAYIR|%6|EVET|3|EVET|%18|EVET|4|HAYIR|%12|EVET|3|EVET|%12|EVET|3|EVET|%18|EVET|2|HAYIR|%31|EVET|2|HAYIR|%25|EVET|1|HAYIR|%12|EVET|3|EVET|%18|EVET|3|EVET|%18|EVET|2|HAYIR|%18|EVET|2|HAYIR|%25|EVET
173|2026-07-26 01:38:48|3|--|HAYIR|%37|%11|HAYIR|%25|0|HAYIR|%0|HAYIR|%0|4/3|HAYIR|%20|--|HAYIR|%36|TEPE_YON|FRAGMENTARY_2|TEPE>VADI>TEPE|PATTERN_BREAK:0,59|EVET|4|HAYIR|%17|EVET|2|EVET|%5|EVET|4|HAYIR|%23|EVET|2|EVET|%11|EVET|4|HAYIR|%17|EVET|4|HAYIR|%23|EVET|1|HAYIR|%29|EVET|1|HAYIR|%23|EVET|1|HAYIR|%11|EVET|4|HAYIR|%23|EVET|4|HAYIR|%23|EVET|3|HAYIR|%17|EVET|4|HAYIR|%23|EVET
174|2026-07-26 01:38:51|2|--|HAYIR|%36|%11|HAYIR|%25|0|HAYIR|%0|HAYIR|%0|4/1|HAYIR|%20|--|HAYIR|%36|TEPE_YON|FRAGMENTARY_2|VADI>DONGU_TERS>TEPE|PATTERN_BREAK:0,59|EVET|4|HAYIR|%16|EVET|2|HAYIR|%11|EVET|1|HAYIR|%22|EVET|2|HAYIR|%16|EVET|1|HAYIR|%16|EVET|1|HAYIR|%22|EVET|4|HAYIR|%27|EVET|1|HAYIR|%22|EVET|4|HAYIR|%11|EVET|1|HAYIR|%22|EVET|1|HAYIR|%22|EVET|2|HAYIR|%16|EVET|4|HAYIR|%22|EVET
175|2026-07-26 01:38:52|3|--|HAYIR|%36|%11|HAYIR|%25|0|HAYIR|%0|HAYIR|%0|2/1|HAYIR|%20|--|HAYIR|%35|DONGU_YON|FRAGMENTARY_2|VADI>VADI>DONGU|PATTERN_BREAK:0,59|EVET|2|HAYIR|%15|EVET|3|HAYIR|%10|EVET|3|HAYIR|%21|EVET|2|HAYIR|%15|EVET|2|HAYIR|%15|EVET|2|HAYIR|%21|EVET|2|HAYIR|%26|EVET|3|HAYIR|%21|EVET|2|HAYIR|%10|EVET|2|HAYIR|%21|EVET|2|HAYIR|%21|EVET|3|HAYIR|%15|EVET|2|HAYIR|%21|EVET
176|2026-07-26 01:38:55|1|2/1|HAYIR|%36|%11|HAYIR|%25|0|HAYIR|%0|HAYIR|%0|2/1|HAYIR|%20|--|HAYIR|%35|TEPE_YON|FRAGMENTARY_2|TEPE>VADI>TEPE|PATTERN_BREAK:0,59|EVET|2|HAYIR|%15|EVET|2|HAYIR|%10|EVET|2|HAYIR|%20|EVET|1|HAYIR|%15|EVET|2|HAYIR|%15|EVET|2|HAYIR|%20|EVET|2|HAYIR|%25|EVET|2|HAYIR|%20|EVET|1|HAYIR|%10|EVET|2|HAYIR|%20|EVET|2|HAYIR|%20|EVET|2|HAYIR|%15|EVET|2|HAYIR|%20|EVET
177|2026-07-26 01:38:57|4|--|HAYIR|%35|%10|HAYIR|%25|0|HAYIR|%0|HAYIR|%0|4/3|HAYIR|%20|--|HAYIR|%35|DONGU_YON|FRAGMENTARY_2|BLOK_TERS>DONGU>DONGU|PATTERN_BREAK:0,59|EVET|4|HAYIR|%14|EVET|2|EVET|%9|EVET|4|HAYIR|%19|EVET|1|HAYIR|%14|EVET|4|HAYIR|%14|EVET|4|HAYIR|%19|EVET|1|HAYIR|%23|EVET|1|HAYIR|%19|EVET|2|EVET|%9|EVET|4|HAYIR|%19|EVET|4|HAYIR|%19|EVET|2|EVET|%14|EVET|3|HAYIR|%19|EVET
178|2026-07-26 01:38:58|2|--|HAYIR|%35|%10|HAYIR|%24|0|HAYIR|%0|HAYIR|%0|2/3|EVET|%20|--|HAYIR|%34|DONGU_YON|FRAGMENTARY_2|VADI>DONGU_TERS>DONGU|PATTERN_BREAK:0,59|EVET|2|EVET|%13|EVET|3|HAYIR|%13|EVET|1|HAYIR|%18|EVET|1|HAYIR|%13|EVET|2|EVET|%13|EVET|2|EVET|%18|EVET|4|HAYIR|%22|EVET|2|EVET|%18|EVET|4|HAYIR|%13|EVET|2|EVET|%18|EVET|1|HAYIR|%18|EVET|2|EVET|%18|EVET|2|EVET|%18|EVET
179|2026-07-26 01:38:59|2|3/2|HAYIR|%35|%10|HAYIR|%24|0|HAYIR|%0|HAYIR|%0|3/2|HAYIR|%20|--|HAYIR|%34|TEPE_YON|FRAGMENTARY_2|DONGU>DONGU_TERS>TEPE||HAYIR|3|HAYIR|%17|EVET|2|HAYIR|%13|EVET|3|HAYIR|%17|EVET|2|HAYIR|%13|EVET|3|HAYIR|%17|EVET|3|HAYIR|%21|EVET|3|HAYIR|%21|EVET|3|HAYIR|%21|EVET|4|EVET|%13|EVET|3|HAYIR|%21|EVET|3|HAYIR|%17|EVET|2|HAYIR|%21|EVET|3|HAYIR|%21|EVET
180|2026-07-26 01:39:01|4|1/2|HAYIR|%35|%10|HAYIR|%24|0|HAYIR|%0|HAYIR|%0|1/2|HAYIR|%20|--|HAYIR|%34|DONGU_TERS_YON|FRAGMENTARY_2|TEPE>DONGU>DONGU_TERS||HAYIR|1|HAYIR|%16|EVET|2|HAYIR|%12|EVET|1|HAYIR|%16|EVET|3|EVET|%12|EVET|2|HAYIR|%16|EVET|1|HAYIR|%20|EVET|1|HAYIR|%20|EVET|3|EVET|%20|EVET|2|HAYIR|%16|EVET|1|HAYIR|%20|EVET|1|HAYIR|%16|EVET|3|EVET|%20|EVET|1|HAYIR|%20|EVET
181|2026-07-26 01:39:09|3|--|HAYIR|%34|%10|HAYIR|%24|0|HAYIR|%0|HAYIR|%0|2/1|HAYIR|%20|--|HAYIR|%34|DONGU_TERS_YON|FRAGMENTARY_2|VADI>TEPE>DONGU_TERS|PATTERN_BREAK:0,59|EVET|2|HAYIR|%16|EVET|3|EVET|%12|EVET|4|HAYIR|%16|EVET|2|HAYIR|%16|EVET|2|HAYIR|%16|EVET|1|HAYIR|%20|EVET|1|HAYIR|%20|EVET|2|HAYIR|%24|EVET|1|HAYIR|%16|EVET|2|HAYIR|%20|EVET|2|HAYIR|%16|EVET|3|EVET|%24|EVET|1|HAYIR|%20|EVET
182|2026-07-26 01:39:11|3|3/1|HAYIR|%34|%10|HAYIR|%24|0|HAYIR|%0|HAYIR|%0|3/1|HAYIR|%20|--|HAYIR|%33|VADI_YON|FRAGMENTARY_2|TEPE>TEPE>VADI|PATTERN_BREAK:0,59|EVET|3|HAYIR|%15|EVET|2|HAYIR|%15|EVET|3|HAYIR|%15|EVET|3|HAYIR|%15|EVET|3|HAYIR|%15|EVET|3|HAYIR|%19|EVET|1|HAYIR|%19|EVET|3|HAYIR|%23|EVET|1|HAYIR|%15|EVET|3|HAYIR|%19|EVET|3|HAYIR|%15|EVET|3|HAYIR|%26|EVET|3|HAYIR|%19|EVET
183|2026-07-26 01:39:14|4|--|HAYIR|%34|%10|HAYIR|%23|0|HAYIR|%0|HAYIR|%0|2/3|HAYIR|%20|--|HAYIR|%33|DONGU_YON|FRAGMENTARY_2|TEPE>DONGU>DONGU|PATTERN_BREAK:0,59|EVET|2|HAYIR|%14|EVET|3|HAYIR|%14|EVET|2|HAYIR|%14|EVET|3|HAYIR|%14|EVET|2|HAYIR|%14|EVET|2|HAYIR|%18|EVET|3|HAYIR|%18|EVET|3|HAYIR|%22|EVET|2|HAYIR|%14|EVET|2|HAYIR|%18|EVET|2|HAYIR|%14|EVET|3|HAYIR|%25|EVET|2|HAYIR|%18|EVET
184|2026-07-26 01:39:15|4|--|HAYIR|%34|%10|HAYIR|%23|0|HAYIR|%0|HAYIR|%0|4/3|HAYIR|%20|--|HAYIR|%33|DONGU_YON|FRAGMENTARY_2|VADI>TEPE>DONGU|PATTERN_BREAK:0,59|EVET|4|HAYIR|%14|EVET|3|EVET|%14|EVET|2|HAYIR|%14|EVET|2|HAYIR|%14|EVET|4|HAYIR|%14|EVET|4|HAYIR|%17|EVET|3|EVET|%17|EVET|3|EVET|%21|EVET|2|HAYIR|%14|EVET|3|EVET|%17|EVET|4|HAYIR|%14|EVET|2|HAYIR|%25|EVET|3|EVET|%17|EVET
185|2026-07-26 01:39:17|3|3/2|HAYIR|%33|%10|HAYIR|%23|0|HAYIR|%0|HAYIR|%0|2/1|HAYIR|%19|--|HAYIR|%33|DONGU_YON|FRAGMENTARY_2|TEPE>DONGU>DONGU||HAYIR|2|HAYIR|%13|EVET|3|HAYIR|%17|EVET|1|EVET|%13|EVET|2|HAYIR|%13|EVET|1|EVET|%13|EVET|1|EVET|%17|EVET|1|EVET|%20|EVET|3|HAYIR|%24|EVET|1|EVET|%13|EVET|1|EVET|%20|EVET|2|HAYIR|%13|EVET|3|HAYIR|%24|EVET|3|HAYIR|%20|EVET
186|2026-07-26 01:39:20|1|2/4|HAYIR|%33|%10|HAYIR|%23|0|HAYIR|%0|HAYIR|%0|2/4|HAYIR|%19|--|HAYIR|%32|DONGU_YON|FRAGMENTARY_2|TEPE>DONGU>DONGU|PATTERN_BREAK:0,59|EVET|2|HAYIR|%13|EVET|3|HAYIR|%16|EVET|2|HAYIR|%16|EVET|2|HAYIR|%13|EVET|2|HAYIR|%16|EVET|2|HAYIR|%20|EVET|2|HAYIR|%23|EVET|2|HAYIR|%23|EVET|1|EVET|%16|EVET|2|HAYIR|%23|EVET|2|HAYIR|%13|EVET|3|HAYIR|%23|EVET|2|HAYIR|%20|EVET
187|2026-07-26 01:39:24|1|--|HAYIR|%33|%10|HAYIR|%23|0|HAYIR|%0|HAYIR|%0|1/3|EVET|%20|--|HAYIR|%32|DONGU_YON|FRAGMENTARY_2|VADI>TEPE>DONGU|PATTERN_BREAK:0,59|EVET|1|EVET|%0|EVET|3|HAYIR|%0|EVET|2|HAYIR|%0|EVET|3|HAYIR|%0|EVET|1|EVET|%0|EVET|1|EVET|%0|EVET|3|HAYIR|%0|EVET|4|HAYIR|%0|EVET|1|EVET|%0|EVET|1|EVET|%0|EVET|1|EVET|%0|EVET|2|HAYIR|%0|EVET|3|HAYIR|%0|EVET
188|2026-07-26 02:22:25|1|--|HAYIR|%33|%10|HAYIR|%23|0|HAYIR|%0|HAYIR|%0|3/1|HAYIR|%20|--|HAYIR|%32|TEPE_YON|FRAGMENTARY_2|TEPE>DONGU_TERS>TEPE|PATTERN_BREAK:0,59|EVET|3|HAYIR|%0|EVET|3|HAYIR|%0|EVET|3|HAYIR|%0|EVET|4|HAYIR|%0|EVET|3|HAYIR|%0|EVET|3|HAYIR|%0|EVET|4|HAYIR|%0|EVET|1|HAYIR|%0|EVET|1|HAYIR|%0|EVET|3|HAYIR|%0|EVET|3|HAYIR|%0|EVET|3|HAYIR|%0|EVET|3|HAYIR|%0|EVET
189|2026-07-26 02:22:25|2|--|HAYIR|%32|%10|HAYIR|%22|0|HAYIR|%0|HAYIR|%0|2/4|HAYIR|%20|--|HAYIR|%32|TEPE_YON|FRAGMENTARY_2|DONGU>DONGU_TERS>TEPE|PATTERN_BREAK:0,59|EVET|2|HAYIR|%0|EVET|2|HAYIR|%0|EVET|2|HAYIR|%0|EVET|4|HAYIR|%0|EVET|2|HAYIR|%0|EVET|2|HAYIR|%0|EVET|4|HAYIR|%0|EVET|1|EVET|%0|EVET|4|HAYIR|%0|EVET|2|HAYIR|%0|EVET|3|HAYIR|%0|EVET|2|HAYIR|%0|EVET|4|HAYIR|%0|EVET
190|2026-07-26 02:22:27|1|--|HAYIR|%32|%9|HAYIR|%22|0|HAYIR|%0|HAYIR|%0|4/1|EVET|%20|--|HAYIR|%31|VADI_YON|FRAGMENTARY_2|DONGU>VADI>VADI|PATTERN_BREAK:0,59|EVET|4|EVET|%0|EVET|2|HAYIR|%0|EVET|1|HAYIR|%0|EVET|4|EVET|%0|EVET|4|EVET|%0|EVET|4|EVET|%0|EVET|2|HAYIR|%0|EVET|1|HAYIR|%0|EVET|1|HAYIR|%0|EVET|4|EVET|%0|EVET|4|EVET|%0|EVET|2|HAYIR|%0|EVET|1|HAYIR|%0|EVET
191|2026-07-26 02:22:29|4|3/1|HAYIR|%32|%9|HAYIR|%22|0|HAYIR|%0|HAYIR|%0|3/1|HAYIR|%20|--|HAYIR|%31|VADI_YON|FRAGMENTARY_2|DONGU>DONGU>VADI||HAYIR|3|HAYIR|%0|EVET|2|EVET|%0|EVET|1|HAYIR|%0|EVET|4|HAYIR|%0|EVET|1|HAYIR|%0|EVET|1|HAYIR|%0|EVET|3|HAYIR|%0|EVET|3|HAYIR|%0|EVET|3|HAYIR|%0|EVET|1|HAYIR|%0|EVET|1|HAYIR|%0|EVET|2|EVET|%0|EVET|3|HAYIR|%0|EVET
192|2026-07-26 02:22:33|2|2/1|HAYIR|%32|%9|EVET|%23|0|HAYIR|%0|HAYIR|%0|2/4|HAYIR|%20|--|HAYIR|%31|TEPE_YON|FRAGMENTARY_2|DONGU_TERS>DONGU>TEPE||HAYIR|2|HAYIR|%40|EVET|3|HAYIR|%20|EVET|2|HAYIR|%0|EVET|1|EVET|%20|EVET|2|HAYIR|%40|EVET|2|HAYIR|%40|EVET|4|HAYIR|%0|EVET|2|HAYIR|%20|EVET|4|HAYIR|%20|EVET|2|HAYIR|%40|EVET|2|HAYIR|%40|EVET|2|HAYIR|%20|EVET|2|HAYIR|%0|EVET
193|2026-07-26 02:22:33|1|1/4|EVET|%33|%10|HAYIR|%22|0|HAYIR|%0|HAYIR|%0|1/4|EVET|%20|--|HAYIR|%31|TEPE_YON|FRAGMENTARY_2|VADI>DONGU>TEPE|PATTERN_BREAK:0,59|EVET|1|EVET|%33|EVET|3|HAYIR|%16|EVET|1|EVET|%0|EVET|1|EVET|%33|EVET|1|EVET|%33|EVET|1|EVET|%33|EVET|2|HAYIR|%0|EVET|1|EVET|%16|EVET|1|EVET|%16|EVET|1|EVET|%33|EVET|1|EVET|%33|EVET|2|HAYIR|%16|EVET|1|EVET|%0|EVET
194|2026-07-26 02:22:34|1|--|HAYIR|%33|%10|HAYIR|%22|0|HAYIR|%0|HAYIR|%0|3/1|HAYIR|%20|--|HAYIR|%31|TEPE_YON|FRAGMENTARY_2|DONGU>DONGU>TEPE|PATTERN_BREAK:0,59|EVET|3|HAYIR|%42|EVET|3|HAYIR|%14|EVET|1|EVET|%14|EVET|1|EVET|%42|EVET|3|HAYIR|%42|EVET|3|HAYIR|%42|EVET|3|HAYIR|%0|EVET|1|EVET|%28|EVET|1|EVET|%28|EVET|3|HAYIR|%42|EVET|3|HAYIR|%42|EVET|1|EVET|%14|EVET|1|EVET|%14|EVET
195|2026-07-26 02:22:35|1|--|HAYIR|%32|%10|HAYIR|%22|0|HAYIR|%0|HAYIR|%0|3/2|EVET|%21|--|HAYIR|%30|TEPE_YON|FRAGMENTARY_2|TEPE>DONGU>TEPE|PATTERN_BREAK:0,59|EVET|3|EVET|%37|EVET|1|HAYIR|%12|EVET|2|HAYIR|%25|EVET|1|HAYIR|%50|EVET|3|EVET|%37|EVET|3|EVET|%37|EVET|2|HAYIR|%0|EVET|1|HAYIR|%37|EVET|1|HAYIR|%37|EVET|3|EVET|%37|EVET|3|EVET|%37|EVET|1|HAYIR|%25|EVET|1|HAYIR|%25|EVET
196|2026-07-26 02:22:38|3|--|HAYIR|%32|%10|HAYIR|%22|0|HAYIR|%0|HAYIR|%0|4/1|HAYIR|%21|--|HAYIR|%30|VADI_YON|FRAGMENTARY_2|DALGA_TEK_SIM_2>TEPE>VADI|PATTERN_BREAK:0,59|EVET|4|HAYIR|%44|EVET|2|HAYIR|%11|EVET|4|HAYIR|%22|EVET|1|HAYIR|%44|EVET|4|HAYIR|%44|EVET|4|HAYIR|%44|EVET|1|HAYIR|%0|EVET|1|HAYIR|%33|EVET|1|HAYIR|%33|EVET|4|HAYIR|%44|EVET|4|HAYIR|%44|EVET|1|HAYIR|%22|EVET|4|HAYIR|%22|EVET
197|2026-07-26 02:22:38|3|3/1|HAYIR|%32|%10|HAYIR|%22|0|HAYIR|%0|HAYIR|%0|3/4|HAYIR|%20|--|HAYIR|%30|TEPE_YON|FRAGMENTARY_2|TEPE>TEPE>TEPE|PATTERN_BREAK:0,59|EVET|3|HAYIR|%40|EVET|3|HAYIR|%10|EVET|3|HAYIR|%20|EVET|2|EVET|%40|EVET|3|HAYIR|%40|EVET|3|HAYIR|%40|EVET|4|HAYIR|%0|EVET|3|HAYIR|%30|EVET|1|HAYIR|%30|EVET|3|HAYIR|%40|EVET|3|HAYIR|%40|EVET|1|HAYIR|%20|EVET|3|HAYIR|%20|EVET
198|2026-07-26 02:22:41|2|--|HAYIR|%32|%10|HAYIR|%22|0|HAYIR|%0|HAYIR|%0|4/3|HAYIR|%20|--|HAYIR|%30|VADI_YON|FRAGMENTARY_2|TEPE>VADI>VADI|PATTERN_BREAK:0,59|EVET|4|HAYIR|%36|EVET|2|HAYIR|%9|EVET|4|HAYIR|%18|EVET|1|HAYIR|%45|EVET|4|HAYIR|%36|EVET|4|HAYIR|%36|EVET|4|HAYIR|%0|EVET|2|HAYIR|%27|EVET|4|HAYIR|%27|EVET|4|HAYIR|%36|EVET|4|HAYIR|%36|EVET|1|HAYIR|%18|EVET|4|HAYIR|%18|EVET
199|2026-07-26 02:22:41|3|1/2|HAYIR|%32|%10|HAYIR|%22|0|HAYIR|%0|HAYIR|%0|1/2|HAYIR|%20|--|HAYIR|%30|VADI_YON|FRAGMENTARY_2|DALGA_TEK_SIM_1>VADI>VADI||HAYIR|1|HAYIR|%33|EVET|3|HAYIR|%8|EVET|1|HAYIR|%16|EVET|2|HAYIR|%41|EVET|1|HAYIR|%33|EVET|1|HAYIR|%33|EVET|1|HAYIR|%0|EVET|3|HAYIR|%25|EVET|1|HAYIR|%25|EVET|1|HAYIR|%33|EVET|1|HAYIR|%33|EVET|1|HAYIR|%16|EVET|1|HAYIR|%16|EVET
200|2026-07-26 02:22:45|4|--|HAYIR|%31|%9|HAYIR|%21|0|HAYIR|%0|HAYIR|%0|2/3|HAYIR|%20|--|HAYIR|%29|BLOK_DUZ_TEKRAR|FRAGMENTARY_2|BLOK_DUZ>TEPE>BLOK_DUZ|REGIME_SHIFT:0,75,PATTERN_BREAK:0,59|EVET|2|HAYIR|%30|EVET|3|HAYIR|%7|EVET|3|HAYIR|%15|EVET|2|HAYIR|%38|EVET|1|HAYIR|%30|EVET|1|HAYIR|%30|EVET|3|HAYIR|%0|EVET|3|HAYIR|%23|EVET|2|HAYIR|%23|EVET|3|HAYIR|%30|EVET|3|HAYIR|%30|EVET|1|HAYIR|%15|EVET|2|HAYIR|%15|EVET
201|2026-07-26 02:22:46|4|3/2|HAYIR|%31|%9|HAYIR|%21|0|HAYIR|%0|HAYIR|%0|3/2|HAYIR|%20|--|HAYIR|%29|TEPE_YON|FRAGMENTARY_2|DALGA_TEK_SIM_1>TEPE>TEPE|REGIME_SHIFT:0,50|EVET|3|HAYIR|%28|EVET|3|HAYIR|%7|EVET|3|HAYIR|%14|EVET|2|HAYIR|%35|EVET|3|HAYIR|%28|EVET|3|HAYIR|%28|EVET|3|HAYIR|%0|EVET|3|HAYIR|%21|EVET|2|HAYIR|%21|EVET|3|HAYIR|%28|EVET|3|HAYIR|%28|EVET|3|HAYIR|%14|EVET|3|HAYIR|%14|EVET
202|2026-07-26 02:22:47|4|--|HAYIR|%31|%9|HAYIR|%21|0|HAYIR|%0|HAYIR|%0|2/3|HAYIR|%20|--|HAYIR|%29|TEPE_YON|FRAGMENTARY_2|BLOK_TERS>TEPE>TEPE|PATTERN_BREAK:0,59|EVET|2|HAYIR|%26|EVET|3|EVET|%6|EVET|2|HAYIR|%13|EVET|3|EVET|%33|EVET|2|HAYIR|%26|EVET|2|HAYIR|%26|EVET|2|HAYIR|%0|EVET|3|EVET|%20|EVET|2|HAYIR|%20|EVET|2|HAYIR|%26|EVET|2|HAYIR|%26|EVET|3|EVET|%13|EVET|3|EVET|%13|EVET
203|2026-07-26 02:22:49|3|1/3|HAYIR|%31|%9|HAYIR|%21|0|HAYIR|%0|HAYIR|%0|1/2|HAYIR|%20|--|HAYIR|%29|VADI_YON|FRAGMENTARY_2|BLOK_TERS>TEPE>VADI||HAYIR|1|HAYIR|%25|EVET|3|HAYIR|%12|EVET|1|HAYIR|%12|EVET|4|EVET|%37|EVET|1|HAYIR|%25|EVET|1|HAYIR|%25|EVET|1|HAYIR|%0|EVET|3|HAYIR|%25|EVET|1|HAYIR|%18|EVET|1|HAYIR|%25|EVET|1|HAYIR|%25|EVET|3|HAYIR|%18|EVET|1|HAYIR|%18|EVET
204|2026-07-26 02:22:51|4|--|HAYIR|%30|%9|HAYIR|%21|0|HAYIR|%0|HAYIR|%0|2/4|EVET|%20|--|HAYIR|%29|VADI_YON|FRAGMENTARY_2|BLOK_TERS>VADI>VADI|PATTERN_BREAK:0,59|EVET|2|EVET|%23|EVET|3|HAYIR|%11|EVET|1|HAYIR|%11|EVET|3|HAYIR|%41|EVET|2|EVET|%23|EVET|2|EVET|%23|EVET|3|HAYIR|%0|EVET|4|HAYIR|%23|EVET|3|HAYIR|%17|EVET|2|EVET|%23|EVET|2|EVET|%23|EVET|3|HAYIR|%17|EVET|2|EVET|%17|EVET
205|2026-07-26 02:23:36|2|--|HAYIR|%30|%9|HAYIR|%21|0|HAYIR|%0|HAYIR|%0|2/3|HAYIR|%20|--|HAYIR|%28|TEPE_YON|FRAGMENTARY_2|BLOK_DUZ>TEPE>TEPE|PATTERN_BREAK:0,59|EVET|2|HAYIR|%27|EVET|3|HAYIR|%11|EVET|1|EVET|%11|EVET|3|HAYIR|%38|EVET|3|HAYIR|%27|EVET|3|HAYIR|%27|EVET|4|HAYIR|%0|EVET|1|EVET|%22|EVET|4|HAYIR|%16|EVET|3|HAYIR|%27|EVET|2|HAYIR|%27|EVET|3|HAYIR|%16|EVET|2|HAYIR|%22|EVET
206|2026-07-26 02:24:56|1|1/4|EVET|%31|%10|HAYIR|%21|0|HAYIR|%0|HAYIR|%0|1/4|EVET|%21|--|HAYIR|%28|TEPE_YON|FRAGMENTARY_2|TEPE>VADI>TEPE||HAYIR|1|EVET|%26|EVET|3|HAYIR|%10|EVET|1|EVET|%15|EVET|1|EVET|%36|EVET|1|EVET|%26|EVET|1|EVET|%26|EVET|2|HAYIR|%0|EVET|1|EVET|%26|EVET|1|EVET|%15|EVET|1|EVET|%26|EVET|1|EVET|%26|EVET|3|HAYIR|%15|EVET|1|EVET|%21|EVET
207|2026-07-26 02:26:31|1|1/3|HAYIR|%31|%10|EVET|%21|0|HAYIR|%0|HAYIR|%0|1/3|HAYIR|%20|--|HAYIR|%28|VADI_YON|FRAGMENTARY_2|ARTIS>VADI>VADI||HAYIR|1|HAYIR|%30|EVET|3|EVET|%10|EVET|1|HAYIR|%20|EVET|1|HAYIR|%40|EVET|1|HAYIR|%30|EVET|1|HAYIR|%30|EVET|3|EVET|%0|EVET|1|HAYIR|%30|EVET|1|HAYIR|%20|EVET|1|HAYIR|%30|EVET|1|HAYIR|%30|EVET|1|HAYIR|%15|EVET|1|HAYIR|%25|EVET
208|2026-07-26 02:27:50|3|4/3|EVET|%32|%10|HAYIR|%21|0|HAYIR|%0|HAYIR|%0|4/3|HAYIR|%20|--|EVET|%28|VADI_YON|FRAGMENTARY_2|TEPE>BLOK_DUZ>VADI||HAYIR|4|HAYIR|%0|EVET|2|HAYIR|%0|EVET|4|HAYIR|%0|EVET|1|EVET|%0|EVET|4|HAYIR|%0|EVET|4|HAYIR|%0|EVET|1|EVET|%0|EVET|3|HAYIR|%0|EVET|1|EVET|%0|EVET|4|HAYIR|%0|EVET|4|HAYIR|%0|EVET|1|EVET|%0|EVET|4|HAYIR|%0|EVET
209|2026-07-26 02:50:09|1|--|HAYIR|%31|%10|HAYIR|%21|0|HAYIR|%0|HAYIR|%0|3/2|HAYIR|%20|T•K|EVET|%29|BLOK_TERS_TEKRAR|FRAGMENTARY_2|TEPE>TEPE>BLOK_TERS|REGIME_SHIFT:0,75,PATTERN_BREAK:0,59|EVET|3|HAYIR|%0|EVET|3|HAYIR|%0|EVET|3|HAYIR|%0|EVET|3|HAYIR|%0|EVET|3|HAYIR|%0|EVET|3|HAYIR|%0|EVET|2|HAYIR|%0|EVET|1|EVET|%0|EVET|1|EVET|%0|EVET|3|HAYIR|%0|EVET|3|HAYIR|%0|EVET|1|EVET|%0|EVET|2|HAYIR|%0|EVET
210|2026-07-26 02:50:09|1|1/3|HAYIR|%32|%10|EVET|%21|0|HAYIR|%0|HAYIR|%0|1/3|HAYIR|%20|C•K|HAYIR|%29|TEPE_YON|FRAGMENTARY_2|BLOK_TERS>TEPE>TEPE|REGIME_SHIFT:0,75|EVET|1|HAYIR|%0|EVET|3|EVET|%0|EVET|2|HAYIR|%0|EVET|3|EVET|%0|EVET|1|HAYIR|%0|EVET|1|HAYIR|%0|EVET|3|EVET|%0|EVET|1|HAYIR|%0|EVET|1|HAYIR|%0|EVET|1|HAYIR|%0|EVET|1|HAYIR|%0|EVET|1|HAYIR|%0|EVET|3|EVET|%0|EVET
211|2026-07-26 02:50:10|3|1/2|HAYIR|%32|%10|HAYIR|%21|0|HAYIR|%0|HAYIR|%0|3/1|EVET|%20|T•K|EVET|%29|DONGU_YON|FRAGMENTARY_2|BLOK_TERS>VADI>DONGU||HAYIR|3|EVET|%0|EVET|3|EVET|%0|EVET|1|HAYIR|%0|EVET|1|HAYIR|%0|EVET|1|HAYIR|%0|EVET|4|HAYIR|%0|EVET|1|HAYIR|%0|EVET|1|HAYIR|%0|EVET|1|HAYIR|%0|EVET|1|HAYIR|%0|EVET|1|HAYIR|%0|EVET|1|HAYIR|%0|EVET|4|HAYIR|%0|EVET
212|2026-07-26 02:50:10|3|3/2|HAYIR|%32|%10|EVET|%22|0|HAYIR|%0|HAYIR|%0|2/3|EVET|%21|T•B|HAYIR|%29|VADI_YON|FRAGMENTARY_2|BLOK_DUZ>VADI>VADI|PATTERN_BREAK:0,59|EVET|2|EVET|%0|EVET|3|HAYIR|%0|EVET|2|EVET|%0|EVET|2|EVET|%0|EVET|3|HAYIR|%0|EVET|3|HAYIR|%0|EVET|2|EVET|%0|EVET|3|HAYIR|%0|EVET|1|HAYIR|%0|EVET|2|EVET|%0|EVET|3|HAYIR|%0|EVET|1|HAYIR|%0|EVET|3|HAYIR|%0|EVET
213|2026-07-26 02:50:16|2|3/4|EVET|%32|%10|HAYIR|%21|0|HAYIR|%0|HAYIR|%0|3/4|EVET|%21|T•K|EVET|%29|TEPE_YON|FRAGMENTARY_2|BLOK_DUZ>TEPE>TEPE||HAYIR|3|EVET|%40|EVET|3|EVET|%40|EVET|3|EVET|%20|EVET|1|HAYIR|%60|EVET|3|EVET|%0|EVET|3|EVET|%0|EVET|1|HAYIR|%60|EVET|1|HAYIR|%20|EVET|4|HAYIR|%40|EVET|3|EVET|%20|EVET|4|HAYIR|%0|EVET|1|HAYIR|%40|EVET|4|HAYIR|%20|EVET
214|2026-07-26 02:50:16|3|4/3|EVET|%33|%11|HAYIR|%21|0|HAYIR|%0|HAYIR|%0|4/1|EVET|%22|C•B|EVET|%30|TEPE_YON|FRAGMENTARY_2|TEPE>TEPE>TEPE||HAYIR|4|EVET|%50|EVET|3|HAYIR|%50|EVET|4|EVET|%33|EVET|3|HAYIR|%50|EVET|4|EVET|%16|EVET|4|EVET|%16|EVET|1|HAYIR|%50|EVET|1|HAYIR|%16|EVET|1|HAYIR|%33|EVET|4|EVET|%33|EVET|4|EVET|%0|EVET|3|HAYIR|%33|EVET|1|HAYIR|%16|EVET
215|2026-07-26 02:50:17|4|4|EVET|%33|%12|HAYIR|%21|0|HAYIR|%0|HAYIR|%0|4/2|EVET|%22|C•B|EVET|%30|VADI_YON|FRAGMENTARY_2|VADI>VADI>VADI||HAYIR|4|EVET|%57|EVET|3|HAYIR|%42|EVET|4|EVET|%42|EVET|2|HAYIR|%42|EVET|4|EVET|%28|EVET|4|EVET|%28|EVET|2|HAYIR|%42|EVET|3|HAYIR|%14|EVET|3|HAYIR|%28|EVET|4|EVET|%42|EVET|4|EVET|%14|EVET|3|HAYIR|%28|EVET|2|HAYIR|%14|EVET
216|2026-07-26 02:50:28|4|4/3|EVET|%34|%12|HAYIR|%21|0|HAYIR|%0|HAYIR|%0|4/3|EVET|%23|T•B|EVET|%31|TEPE_YON|FRAGMENTARY_2|VADI>VADI>TEPE|PATTERN_BREAK:0,59|EVET|4|EVET|%62|EVET|3|HAYIR|%37|EVET|4|EVET|%50|EVET|3|HAYIR|%37|EVET|4|EVET|%37|EVET|4|EVET|%37|EVET|3|HAYIR|%37|EVET|3|HAYIR|%12|EVET|3|HAYIR|%25|EVET|4|EVET|%50|EVET|4|EVET|%25|EVET|3|HAYIR|%25|EVET|3|HAYIR|%12|EVET
217|2026-07-26 02:50:30|4|3/4|EVET|%34|%13|HAYIR|%21|0|HAYIR|%0|HAYIR|%0|3/2|EVET|%23|T•B|EVET|%31|TEPE_YON|FRAGMENTARY_2|BLOK_DUZ>BLOK_TERS>TEPE|PATTERN_BREAK:0,59|EVET|3|EVET|%66|EVET|2|HAYIR|%33|EVET|3|EVET|%55|EVET|3|EVET|%33|EVET|3|EVET|%44|EVET|3|EVET|%44|EVET|3|EVET|%33|EVET|4|HAYIR|%11|EVET|3|EVET|%22|EVET|3|EVET|%55|EVET|3|EVET|%33|EVET|3|EVET|%22|EVET|3|EVET|%11|EVET
218|2026-07-26 02:50:33|3|4|EVET|%34|%13|HAYIR|%21|0|HAYIR|%0|HAYIR|%0|4/1|EVET|%24|C•B|EVET|%31|VADI_YON|FRAGMENTARY_2|BLOK_DUZ>TEPE>VADI||HAYIR|4|EVET|%70|EVET|3|HAYIR|%30|EVET|4|EVET|%60|EVET|4|EVET|%40|EVET|4|EVET|%50|EVET|4|EVET|%50|EVET|1|HAYIR|%40|EVET|4|EVET|%10|EVET|1|HAYIR|%30|EVET|4|EVET|%60|EVET|1|HAYIR|%40|EVET|3|HAYIR|%30|EVET|1|HAYIR|%20|EVET
219|2026-07-26 02:50:41|4|2|EVET|%35|%14|HAYIR|%21|0|HAYIR|%0|HAYIR|%0|2/4|EVET|%24|C•K|EVET|%32|VADI_YON|FRAGMENTARY_2|BLOK_TERS>DONGU>VADI||HAYIR|2|EVET|%72|EVET|3|HAYIR|%27|EVET|2|EVET|%63|EVET|2|EVET|%45|EVET|2|EVET|%54|EVET|2|EVET|%54|EVET|2|EVET|%36|EVET|4|HAYIR|%18|EVET|3|HAYIR|%27|EVET|2|EVET|%63|EVET|2|EVET|%36|EVET|3|HAYIR|%27|EVET|2|EVET|%18|EVET
220|2026-07-26 02:50:42|2|1/3|EVET|%35|%14|HAYIR|%21|0|HAYIR|%0|HAYIR|%0|1/2|EVET|%25|T•K=1|EVET|%32|TEPE_YON|FRAGMENTARY_2|VADI>VADI>TEPE|PATTERN_BREAK:0,59|EVET|1|EVET|%75|EVET|3|HAYIR|%25|EVET|1|EVET|%66|EVET|3|HAYIR|%50|EVET|1|EVET|%58|EVET|1|EVET|%58|EVET|1|EVET|%41|EVET|1|EVET|%16|EVET|3|HAYIR|%25|EVET|1|EVET|%66|EVET|2|HAYIR|%41|EVET|3|HAYIR|%25|EVET|2|HAYIR|%25|EVET
221|2026-07-26 02:50:44|1|1|EVET|%36|%15|HAYIR|%20|0|HAYIR|%0|HAYIR|%0|1/4|EVET|%25|T•K|EVET|%33|TEPE_YON|FRAGMENTARY_2|DONGU_TERS>TEPE>TEPE||HAYIR|1|EVET|%76|EVET|3|HAYIR|%23|EVET|1|EVET|%69|EVET|1|EVET|%46|EVET|1|EVET|%61|EVET|1|EVET|%61|EVET|2|HAYIR|%46|EVET|1|EVET|%23|EVET|1|EVET|%23|EVET|1|EVET|%69|EVET|1|EVET|%38|EVET|1|EVET|%23|EVET|1|EVET|%23|EVET
222|2026-07-26 02:50:47|1|3|EVET|%36|%15|HAYIR|%20|0|HAYIR|%0|HAYIR|%0|3/1|EVET|%26|T•B|EVET|%33|VADI_YON|FRAGMENTARY_2|TEPE>TEPE>VADI||HAYIR|3|EVET|%78|EVET|3|EVET|%21|EVET|3|EVET|%71|EVET|3|EVET|%50|EVET|3|EVET|%64|EVET|3|EVET|%64|EVET|3|EVET|%42|EVET|1|HAYIR|%28|EVET|1|HAYIR|%28|EVET|3|EVET|%71|EVET|3|EVET|%42|EVET|1|HAYIR|%28|EVET|3|EVET|%28|EVET
223|2026-07-26 02:50:48|3|1|HAYIR|%36|%15|HAYIR|%20|0|HAYIR|%0|HAYIR|%0|1/3|HAYIR|%25|T•K|EVET|%33|VADI_YON|FRAGMENTARY_2|BLOK_TERS>VADI>VADI||HAYIR|1|HAYIR|%80|EVET|3|HAYIR|%26|EVET|1|HAYIR|%73|EVET|1|HAYIR|%53|EVET|3|HAYIR|%66|EVET|1|HAYIR|%66|EVET|1|HAYIR|%46|EVET|3|HAYIR|%26|EVET|4|HAYIR|%26|EVET|1|HAYIR|%73|EVET|3|HAYIR|%46|EVET|1|HAYIR|%26|EVET|4|HAYIR|%33|EVET
224|2026-07-26 02:50:55|2|3/1|EVET|%36|%16|HAYIR|%20|0|HAYIR|%0|HAYIR|%0|3/4|EVET|%26|T•K|EVET|%34|BLOK_TERS_TEKRAR|FRAGMENTARY_2|VADI>TEPE>BLOK_TERS|REGIME_SHIFT:0,75,PATTERN_BREAK:0,59|EVET|3|EVET|%75|EVET|3|EVET|%25|EVET|2|HAYIR|%68|EVET|4|HAYIR|%50|EVET|1|HAYIR|%62|EVET|1|HAYIR|%62|EVET|1|HAYIR|%43|EVET|1|HAYIR|%25|EVET|3|EVET|%25|EVET|1|HAYIR|%68|EVET|1|HAYIR|%43|EVET|1|HAYIR|%25|EVET|3|EVET|%31|EVET
225|2026-07-26 02:51:00|3|1/4|HAYIR|%36|%15|HAYIR|%20|0|HAYIR|%0|HAYIR|%0|4/1|HAYIR|%26|C•K|EVET|%34|TEPE_YON|FRAGMENTARY_2|TEPE>TEPE>TEPE|REGIME_SHIFT:0,50|EVET|4|HAYIR|%76|EVET|3|HAYIR|%29|EVET|1|HAYIR|%64|EVET|4|HAYIR|%47|EVET|1|HAYIR|%58|EVET|1|HAYIR|%58|EVET|1|HAYIR|%41|EVET|4|HAYIR|%23|EVET|4|HAYIR|%29|EVET|1|HAYIR|%64|EVET|4|HAYIR|%41|EVET|1|HAYIR|%23|EVET|1|HAYIR|%35|EVET
226|2026-07-26 02:51:01|2|2/3|HAYIR|%36|%15|EVET|%20|0|HAYIR|%0|HAYIR|%0|3/2|EVET|%26|C•K|HAYIR|%34|VADI_YON|FRAGMENTARY_2|TEPE>VADI>VADI|PATTERN_BREAK:0,59|EVET|3|EVET|%72|EVET|3|EVET|%27|EVET|2|HAYIR|%61|EVET|4|HAYIR|%44|EVET|2|HAYIR|%55|EVET|2|HAYIR|%55|EVET|1|HAYIR|%38|EVET|1|HAYIR|%22|EVET|3|EVET|%27|EVET|2|HAYIR|%61|EVET|4|HAYIR|%38|EVET|1|HAYIR|%22|EVET|3|EVET|%33|EVET
227|2026-07-26 02:51:02|3|4/2|HAYIR|%37|%15|EVET|%21|0|HAYIR|%0|HAYIR|%0|4/2|HAYIR|%26|T•K|EVET|%34|VADI_YON|FRAGMENTARY_2|DALGA_TEK_SIM_2>VADI>VADI||HAYIR|4|HAYIR|%73|EVET|3|HAYIR|%31|EVET|1|HAYIR|%57|EVET|3|HAYIR|%42|EVET|4|HAYIR|%52|EVET|4|HAYIR|%52|EVET|2|EVET|%36|EVET|4|HAYIR|%21|EVET|2|EVET|%31|EVET|4|HAYIR|%57|EVET|4|HAYIR|%36|EVET|3|HAYIR|%21|EVET|2|EVET|%36|EVET
228|2026-07-26 02:51:05|2|3/2|HAYIR|%36|%15|HAYIR|%21|0|HAYIR|%0|HAYIR|%0|3/2|HAYIR|%26|C•B|EVET|%35|DONGU_YON|FRAGMENTARY_2|BLOK_DUZ>TEPE>DONGU||HAYIR|3|HAYIR|%70|EVET|3|HAYIR|%30|EVET|3|HAYIR|%55|EVET|4|EVET|%40|EVET|2|HAYIR|%50|EVET|2|HAYIR|%50|EVET|3|HAYIR|%40|EVET|3|HAYIR|%20|EVET|3|HAYIR|%35|EVET|3|HAYIR|%55|EVET|3|HAYIR|%35|EVET|3|HAYIR|%20|EVET|3|HAYIR|%40|EVET
229|2026-07-26 02:51:08|4|1/2|HAYIR|%36|%15|HAYIR|%21|0|HAYIR|%0|HAYIR|%0|1/2|HAYIR|%26|T•K|EVET|%35|DONGU_YON|FRAGMENTARY_2|TEPE>TEPE>DONGU|PATTERN_BREAK:0,59|EVET|1|HAYIR|%66|EVET|3|EVET|%28|EVET|1|HAYIR|%52|EVET|1|HAYIR|%42|EVET|1|HAYIR|%47|EVET|1|HAYIR|%47|EVET|2|HAYIR|%38|EVET|2|HAYIR|%19|EVET|3|EVET|%33|EVET|1|HAYIR|%52|EVET|1|HAYIR|%33|EVET|3|EVET|%19|EVET|1|HAYIR|%38|EVET
230|2026-07-26 02:51:12|3|4/3|EVET|%37|%16|HAYIR|%20|0|HAYIR|%0|HAYIR|%0|3/4|HAYIR|%25|T•B|EVET|%35|DONGU_YON|FRAGMENTARY_2|VADI>VADI>DONGU||HAYIR|3|HAYIR|%63|EVET|3|HAYIR|%31|EVET|4|EVET|%50|EVET|2|HAYIR|%40|EVET|3|HAYIR|%45|EVET|1|HAYIR|%45|EVET|2|HAYIR|%36|EVET|3|HAYIR|%18|EVET|2|HAYIR|%36|EVET|4|EVET|%50|EVET|3|HAYIR|%31|EVET|3|HAYIR|%22|EVET|4|EVET|%36|EVET
231|2026-07-26 02:51:13|4|2/4|HAYIR|%36|%15|HAYIR|%20|0|HAYIR|%0|HAYIR|%0|2/4|HAYIR|%25|C•B|HAYIR|%35|DONGU_YON|FRAGMENTARY_2|VADI>VADI>DONGU||HAYIR|2|HAYIR|%60|EVET|3|HAYIR|%30|EVET|3|HAYIR|%52|EVET|1|EVET|%39|EVET|4|HAYIR|%43|EVET|2|HAYIR|%43|EVET|2|HAYIR|%34|EVET|4|HAYIR|%17|EVET|3|HAYIR|%34|EVET|2|HAYIR|%52|EVET|2|HAYIR|%30|EVET|3|HAYIR|%21|EVET|2|HAYIR|%39|EVET
232|2026-07-26 02:51:16|1|1/2|HAYIR|%36|%15|HAYIR|%20|0|HAYIR|%0|HAYIR|%0|1/2|HAYIR|%25|C•K|EVET|%36|DONGU_YON|FRAGMENTARY_2|BLOK_DUZ>BLOK_TERS>DONGU|PATTERN_BREAK:0,59|EVET|1|HAYIR|%58|EVET|4|EVET|%29|EVET|1|HAYIR|%50|EVET|3|HAYIR|%41|EVET|1|HAYIR|%41|EVET|1|HAYIR|%41|EVET|2|HAYIR|%33|EVET|1|HAYIR|%16|EVET|1|HAYIR|%33|EVET|1|HAYIR|%50|EVET|1|HAYIR|%29|EVET|3|HAYIR|%20|EVET|1|HAYIR|%37|EVET
233|2026-07-26 02:51:18|4|3/2|HAYIR|%36|%15|EVET|%21|0|HAYIR|%0|HAYIR|%0|3/2|HAYIR|%25|C•K|EVET|%36|DONGU_YON|FRAGMENTARY_2|BLOK_DUZ>TEPE>DONGU|PATTERN_BREAK:0,59|EVET|3|HAYIR|%56|EVET|4|HAYIR|%32|EVET|3|HAYIR|%48|EVET|1|HAYIR|%40|EVET|3|HAYIR|%40|EVET|3|HAYIR|%40|EVET|2|EVET|%32|EVET|4|HAYIR|%16|EVET|3|HAYIR|%32|EVET|3|HAYIR|%48|EVET|3|HAYIR|%28|EVET|3|HAYIR|%20|EVET|3|HAYIR|%36|EVET
234|2026-07-26 02:51:19|2|1/2|HAYIR|%36|%15|HAYIR|%21|0|HAYIR|%0|HAYIR|%0|2/1|HAYIR|%25|T•K|EVET|%36|DONGU_YON|FRAGMENTARY_2|BLOK_TERS>VADI>DONGU||HAYIR|2|HAYIR|%53|EVET|3|EVET|%30|EVET|1|HAYIR|%46|EVET|1|HAYIR|%38|EVET|1|HAYIR|%38|EVET|2|HAYIR|%38|EVET|3|EVET|%34|EVET|3|EVET|%15|EVET|3|EVET|%30|EVET|1|HAYIR|%46|EVET|2|HAYIR|%26|EVET|1|HAYIR|%19|EVET|2|HAYIR|%34|EVET
235|2026-07-26 02:51:24|3|2/1|HAYIR|%37|%15|EVET|%21|0|HAYIR|%0|HAYIR|%0|2/1|HAYIR|%25|T•K|EVET|%37|DONGU_TERS_YON|FRAGMENTARY_2|VADI>VADI>DONGU_TERS|PATTERN_BREAK:0,59|EVET|2|HAYIR|%51|EVET|3|HAYIR|%33|EVET|1|EVET|%44|EVET|3|HAYIR|%37|EVET|3|HAYIR|%37|EVET|2|HAYIR|%37|EVET|2|HAYIR|%37|EVET|4|HAYIR|%18|EVET|2|HAYIR|%33|EVET|2|HAYIR|%44|EVET|1|EVET|%25|EVET|1|EVET|%18|EVET|2|HAYIR|%33|EVET
236|2026-07-26 02:51:28|1|--|HAYIR|%36|%15|HAYIR|%21|0|HAYIR|%0|HAYIR|%0|2/1|HAYIR|%25|T•B|EVET|%37|DONGU_TERS_YON|FRAGMENTARY_2|DONGU_TERS>DONGU>DONGU_TERS|PATTERN_BREAK:0,59|EVET|2|HAYIR|%50|EVET|3|HAYIR|%32|EVET|4|EVET|%46|EVET|3|HAYIR|%35|EVET|1|HAYIR|%35|EVET|1|HAYIR|%35|EVET|4|EVET|%35|EVET|1|HAYIR|%17|EVET|1|HAYIR|%32|EVET|1|HAYIR|%42|EVET|2|HAYIR|%28|EVET|1|HAYIR|%21|EVET|2|HAYIR|%32|EVET
237|2026-07-26 02:51:42|4|2/3|HAYIR|%37|%15|EVET|%21|%0|0|HAYIR|%0|HAYIR|%0|2/4|HAYIR|%25|%0|C•K|HAYIR|%37|%0|DONGU_TERS_YON|FRAGMENTARY_2|TEPE>DONGU>DONGU_TERS|PATTERN_BREAK:0,59|EVET|%0|2|HAYIR|%0|EVET|%0|3|EVET|%0|EVET|%0|2|HAYIR|%0|EVET|%0|4|HAYIR|%0|EVET|%0|2|HAYIR|%0|EVET|%0|2|HAYIR|%0|EVET|%0|2|HAYIR|%0|EVET|%0|2|HAYIR|%0|EVET|%0|3|EVET|%0|EVET|%0|2|HAYIR|%0|EVET|%0|4|HAYIR|%0|EVET|%0|1|HAYIR|%0|EVET|%0|2|HAYIR|%0|EVET|%0
238|2026-07-29 19:54:24|3|4/3|HAYIR|%37|%15|HAYIR|%21|%28|0|HAYIR|%0|HAYIR|%0|3/4|HAYIR|%24|%32|C•B|EVET|%37|%58|VADI_YON|FRAGMENTARY_2|BLOK_TERS>DONGU>VADI|PATTERN_BREAK:0,59|EVET|%34|3|HAYIR|%0|EVET|%32|3|HAYIR|%0|EVET|%33|3|HAYIR|%0|EVET|%58|4|HAYIR|%0|EVET|%47|3|HAYIR|%0|EVET|%38|3|HAYIR|%0|EVET|%40|2|EVET|%0|EVET|%29|4|HAYIR|%0|EVET|%37|2|EVET|%0|EVET|%26|3|HAYIR|%0|EVET|%30|3|HAYIR|%0|EVET|%72|1|HAYIR|%0|EVET|%26|4|HAYIR|%0|EVET|%29
239|2026-07-29 19:54:25|2|3/4|HAYIR|%36|%15|HAYIR|%21|%38|0|HAYIR|%0|HAYIR|%0|3/4|HAYIR|%24|%48|C•B|EVET|%37|%54|TEPE_YON|FRAGMENTARY_2|VADI>DONGU>TEPE|PATTERN_BREAK:0,59|EVET|%61|3|HAYIR|%0|EVET|%48|3|HAYIR|%0|EVET|%30|2|EVET|%0|EVET|%45|4|HAYIR|%0|EVET|%40|3|HAYIR|%0|EVET|%29|3|HAYIR|%0|EVET|%38|3|HAYIR|%0|EVET|%34|4|HAYIR|%0|EVET|%29|3|HAYIR|%0|EVET|%29|3|HAYIR|%0|EVET|%30|3|HAYIR|%0|EVET|%51|1|HAYIR|%0|EVET|%26|3|HAYIR|%0|EVET|%36
240|2026-07-29 19:54:25|2|3/4|HAYIR|%36|%15|HAYIR|%21|%32|0|HAYIR|%0|HAYIR|%0|2/4|HAYIR|%24|%36|T•K|EVET|%38|%52|DONGU_YON|FRAGMENTARY_2|TEPE>DONGU>DONGU|PATTERN_BREAK:0,59|EVET|%43|2|HAYIR|%0|EVET|%36|3|HAYIR|%0|EVET|%29|4|HAYIR|%0|EVET|%38|3|HAYIR|%0|EVET|%38|2|HAYIR|%0|EVET|%43|2|HAYIR|%0|EVET|%58|4|HAYIR|%0|EVET|%32|3|HAYIR|%0|EVET|%46|3|HAYIR|%0|EVET|%28|2|HAYIR|%0|EVET|%30|4|HAYIR|%0|EVET|%48|1|EVET|%0|EVET|%26|3|HAYIR|%0|EVET|%29
241|2026-07-29 19:54:26|1|2/1|EVET|%36|%15|HAYIR|%21|%29|0|HAYIR|%0|HAYIR|%0|1/4|HAYIR|%24|%59|T•B|HAYIR|%38|%56|TEPE_YON|FRAGMENTARY_2|DONGU>DONGU>TEPE|PATTERN_BREAK:0,59|EVET|%30|1|HAYIR|%0|EVET|%59|3|HAYIR|%0|EVET|%27|2|EVET|%0|EVET|%58|4|HAYIR|%0|EVET|%32|3|HAYIR|%0|EVET|%37|1|HAYIR|%0|EVET|%52|4|HAYIR|%0|EVET|%35|1|HAYIR|%0|EVET|%32|1|HAYIR|%0|EVET|%32|1|HAYIR|%0|EVET|%28|3|HAYIR|%0|EVET|%70|3|HAYIR|%0|EVET|%27|1|HAYIR|%0|EVET|%48
242|2026-07-29 19:54:27|2|3/4|HAYIR|%36|%15|HAYIR|%21|%41|0|HAYIR|%0|HAYIR|%0|4/3|HAYIR|%24|%42|T•B|HAYIR|%37|%54|VADI_YON|FRAGMENTARY_2|DONGU>DONGU>VADI|PATTERN_BREAK:0,59|EVET|%67|4|HAYIR|%0|EVET|%42|3|HAYIR|%20|EVET|%28|3|HAYIR|%40|EVET|%40|1|HAYIR|%0|EVET|%69|4|HAYIR|%0|EVET|%26|4|HAYIR|%0|EVET|%38|3|HAYIR|%20|EVET|%33|4|HAYIR|%0|EVET|%26|3|HAYIR|%40|EVET|%27|4|HAYIR|%0|EVET|%30|1|HAYIR|%0|EVET|%25|3|HAYIR|%20|EVET|%27|4|HAYIR|%0|EVET|%33
243|2026-07-29 19:54:27|2|2/3|HAYIR|%36|%15|HAYIR|%21|%36|0|HAYIR|%0|HAYIR|%0|1/3|EVET|%24|%34|T•B|EVET|%38|%55|TEPE_YON|FRAGMENTARY_2|DONGU>DONGU_TERS>TEPE|PATTERN_BREAK:0,59|EVET|%33|1|EVET|%0|EVET|%34|3|HAYIR|%16|EVET|%27|2|HAYIR|%33|EVET|%55|1|EVET|%0|EVET|%33|3|HAYIR|%0|EVET|%28|1|EVET|%0|EVET|%29|1|EVET|%16|EVET|%31|3|HAYIR|%0|EVET|%41|3|HAYIR|%33|EVET|%27|1|EVET|%0|EVET|%27|1|EVET|%0|EVET|%42|3|HAYIR|%16|EVET|%27|1|EVET|%0|EVET|%29
244|2026-07-29 19:54:28|1|2/1|EVET|%36|%15|HAYIR|%21|%30|0|HAYIR|%0|HAYIR|%0|1/4|HAYIR|%24|%53|T•K|EVET|%38|%54|BLOK_TERS_TEKRAR|FRAGMENTARY_2|DONGU>DONGU_TERS>BLOK_TERS|REGIME_SHIFT:0,75|EVET|%26|1|HAYIR|%14|EVET|%53|3|HAYIR|%14|EVET|%30|2|EVET|%28|EVET|%56|4|HAYIR|%14|EVET|%32|1|HAYIR|%0|EVET|%43|1|HAYIR|%14|EVET|%46|4|HAYIR|%28|EVET|%32|4|HAYIR|%0|EVET|%27|1|HAYIR|%28|EVET|%31|1|HAYIR|%14|EVET|%31|3|HAYIR|%14|EVET|%70|3|HAYIR|%14|EVET|%27|1|HAYIR|%14|EVET|%42
245|2026-07-29 19:54:29|2|2/3|HAYIR|%37|%15|EVET|%21|%36|0|HAYIR|%0|HAYIR|%0|2/4|HAYIR|%24|%33|C•K|HAYIR|%38|%55|VADI_YON|FRAGMENTARY_2|DONGU>DONGU_TERS>VADI|REGIME_SHIFT:0,50|EVET|%56|2|HAYIR|%12|EVET|%33|2|HAYIR|%12|EVET|%27|3|EVET|%37|EVET|%32|1|HAYIR|%12|EVET|%54|2|HAYIR|%0|EVET|%26|4|HAYIR|%12|EVET|%35|3|EVET|%25|EVET|%32|2|HAYIR|%0|EVET|%30|3|EVET|%25|EVET|%26|4|HAYIR|%12|EVET|%26|2|HAYIR|%12|EVET|%43|3|EVET|%12|EVET|%27|2|HAYIR|%12|EVET|%30
246|2026-07-29 19:54:30|3|3/2|HAYIR|%37|%15|HAYIR|%21|%42|0|HAYIR|%0|HAYIR|%0|2/1|HAYIR|%24|%38|C•K|EVET|%38|%52|DONGU_YON|FRAGMENTARY_2|DONGU>VADI>DONGU|PATTERN_BREAK:0,59|EVET|%52|2|HAYIR|%11|EVET|%38|3|HAYIR|%11|EVET|%26|3|HAYIR|%44|EVET|%87|3|HAYIR|%11|EVET|%50|1|EVET|%0|EVET|%35|1|EVET|%11|EVET|%38|2|HAYIR|%33|EVET|%33|2|HAYIR|%0|EVET|%35|2|HAYIR|%33|EVET|%28|3|HAYIR|%11|EVET|%33|1|EVET|%11|EVET|%83|3|HAYIR|%22|EVET|%27|2|HAYIR|%11|EVET|%31
247|2026-07-29 19:54:31|1|4/2|HAYIR|%37|%15|EVET|%21|%55|0|HAYIR|%0|HAYIR|%0|2/4|EVET|%24|%35|C•K|EVET|%38|%53|DONGU_YON|FRAGMENTARY_2|DONGU>TEPE>DONGU||HAYIR|%54|2|EVET|%10|EVET|%35|3|HAYIR|%10|EVET|%27|4|HAYIR|%40|EVET|%60|3|HAYIR|%10|EVET|%48|2|EVET|%10|EVET|%32|2|EVET|%20|EVET|%38|2|EVET|%30|EVET|%33|1|HAYIR|%0|EVET|%35|1|HAYIR|%30|EVET|%31|2|EVET|%10|EVET|%28|2|EVET|%20|EVET|%47|3|HAYIR|%20|EVET|%27|2|EVET|%10|EVET|%37
248|2026-07-29 19:54:31|2|4/2|EVET|%37|%16|HAYIR|%21|%28|0|HAYIR|%0|HAYIR|%0|2/4|HAYIR|%24|%32|C•K|EVET|%39|%52|DONGU_YON|FRAGMENTARY_2|AZALIS>DONGU>DONGU|PATTERN_BREAK:0,59|EVET|%35|2|HAYIR|%18|EVET|%32|1|HAYIR|%9|EVET|%26|4|EVET|%36|EVET|%49|1|HAYIR|%9|EVET|%42|2|HAYIR|%18|EVET|%45|2|HAYIR|%27|EVET|%42|3|HAYIR|%36|EVET|%34|2|HAYIR|%0|EVET|%31|3|HAYIR|%27|EVET|%28|2|HAYIR|%18|EVET|%30|4|EVET|%27|EVET|%69|1|HAYIR|%18|EVET|%26|3|HAYIR|%18|EVET|%29
249|2026-07-29 19:54:32|4|1/3|HAYIR|%37|%16|HAYIR|%21|%49|0|HAYIR|%0|HAYIR|%0|1/3|HAYIR|%24|%41|T•K|HAYIR|%39|%58|DONGU_YON|FRAGMENTARY_2|TEPE>TEPE>DONGU|PATTERN_BREAK:0,59|EVET|%60|1|HAYIR|%16|EVET|%41|3|HAYIR|%8|EVET|%27|1|HAYIR|%41|EVET|%57|1|HAYIR|%8|EVET|%67|2|HAYIR|%16|EVET|%28|1|HAYIR|%25|EVET|%36|2|HAYIR|%33|EVET|%31|2|HAYIR|%0|EVET|%31|3|HAYIR|%25|EVET|%30|1|HAYIR|%16|EVET|%36|1|HAYIR|%33|EVET|%69|1|HAYIR|%16|EVET|%26|3|HAYIR|%16|EVET|%31
250|2026-07-29 19:54:32|4|3/2|EVET|%37|%16|HAYIR|%21|%43|0|HAYIR|%0|HAYIR|%0|3/4|EVET|%24|%49|T•B|EVET|%39|%51|VADI_YON|FRAGMENTARY_2|DONGU>VADI>VADI|PATTERN_BREAK:0,59|EVET|%56|3|EVET|%15|EVET|%49|3|EVET|%7|EVET|%25|3|EVET|%38|EVET|%81|3|EVET|%7|EVET|%47|2|HAYIR|%15|EVET|%44|3|EVET|%23|EVET|%39|3|EVET|%30|EVET|%46|3|EVET|%0|EVET|%34|3|EVET|%23|EVET|%29|3|EVET|%15|EVET|%43|2|HAYIR|%30|EVET|%75|1|HAYIR|%15|EVET|%26|3|EVET|%15|EVET|%38
251|2026-07-29 19:54:33|3|4|HAYIR|%37|%16|HAYIR|%21|%74|0|HAYIR|%0|HAYIR|%0|4/2|HAYIR|%24|%37|C•B|EVET|%39|%56|TEPE_YON|FRAGMENTARY_2|TEPE>TEPE>TEPE||HAYIR|%72|4|HAYIR|%21|EVET|%37|3|EVET|%14|EVET|%29|4|HAYIR|%42|EVET|%80|4|HAYIR|%14|EVET|%48|1|HAYIR|%14|EVET|%28|4|HAYIR|%28|EVET|%35|2|HAYIR|%35|EVET|%31|2|HAYIR|%7|EVET|%32|2|HAYIR|%28|EVET|%27|4|HAYIR|%21|EVET|%37|4|HAYIR|%28|EVET|%73|1|HAYIR|%14|EVET|%26|2|HAYIR|%21|EVET|%27
252|2026-07-29 19:54:34|3|1/3|HAYIR|%37|%16|EVET|%21|%34|0|HAYIR|%0|HAYIR|%0|3/4|EVET|%25|%33|T•B|EVET|%39|%52|TEPE_YON|FRAGMENTARY_2|DONGU_TERS>BLOK_TERS>TEPE|PATTERN_BREAK:0,59|EVET|%46|3|EVET|%20|EVET|%33|4|HAYIR|%20|EVET|%35|1|HAYIR|%40|EVET|%35|4|HAYIR|%13|EVET|%34|3|EVET|%13|EVET|%33|3|EVET|%26|EVET|%39|2|HAYIR|%33|EVET|%40|3|EVET|%6|EVET|%36|2|HAYIR|%26|EVET|%26|3|EVET|%20|EVET|%28|3|EVET|%26|EVET|%73|1|HAYIR|%13|EVET|%26|4|HAYIR|%20|EVET|%26
253|2026-07-29 19:54:35|3|4/1|HAYIR|%37|%16|HAYIR|%21|%37|0|HAYIR|%0|HAYIR|%0|4/1|HAYIR|%25|%34|T•B|HAYIR|%39|%54|VADI_YON|FRAGMENTARY_2|VADI>VADI>VADI|PATTERN_BREAK:0,59|EVET|%42|4|HAYIR|%25|EVET|%34|3|HAYIR|%18|EVET|%30|1|HAYIR|%37|EVET|%40|4|HAYIR|%12|EVET|%39|1|HAYIR|%18|EVET|%30|4|HAYIR|%31|EVET|%41|4|HAYIR|%31|EVET|%38|3|HAYIR|%12|EVET|%38|2|EVET|%25|EVET|%26|4|HAYIR|%25|EVET|%31|4|HAYIR|%31|EVET|%60|1|HAYIR|%12|EVET|%26|3|HAYIR|%18|EVET|%33
254|2026-07-29 19:54:36|2|3|HAYIR|%37|%16|HAYIR|%21|%80|0|HAYIR|%0|HAYIR|%0|3/4|HAYIR|%24|%52|T•K|EVET|%40|%54|TEPE_YON|FRAGMENTARY_2|TEPE>DONGU>TEPE||HAYIR|%90|3|HAYIR|%23|EVET|%52|3|HAYIR|%17|EVET|%28|3|HAYIR|%35|EVET|%69|1|EVET|%11|EVET|%43|3|HAYIR|%17|EVET|%37|3|HAYIR|%29|EVET|%53|3|HAYIR|%29|EVET|%32|3|HAYIR|%11|EVET|%30|3|HAYIR|%29|EVET|%27|3|HAYIR|%23|EVET|%38|3|HAYIR|%29|EVET|%90|3|HAYIR|%11|EVET|%27|3|HAYIR|%17|EVET|%33
255|2026-07-29 19:54:36|1|1/2|EVET|%37|%16|HAYIR|%21|%51|0|HAYIR|%0|HAYIR|%0|1/2|EVET|%25|%47|C•K|EVET|%40|%59|TEPE_YON|FRAGMENTARY_2|TEPE>DONGU>TEPE|PATTERN_BREAK:0,59|EVET|%70|1|EVET|%22|EVET|%47|1|EVET|%16|EVET|%29|1|EVET|%33|EVET|%55|1|EVET|%16|EVET|%34|1|EVET|%16|EVET|%34|1|EVET|%27|EVET|%53|2|HAYIR|%27|EVET|%36|1|EVET|%11|EVET|%33|1|EVET|%27|EVET|%30|1|EVET|%22|EVET|%37|1|EVET|%27|EVET|%89|3|HAYIR|%11|EVET|%27|1|EVET|%16|EVET|%38
256|2026-07-29 19:54:37|1|3/1|EVET|%38|%16|HAYIR|%21|%33|0|HAYIR|%0|HAYIR|%0|3/1|EVET|%25|%48|T•B|EVET|%40|%55|BLOK_TERS_TEKRAR|FRAGMENTARY_2|BLOK_TERS>DONGU>BLOK_TERS|REGIME_SHIFT:0,75,PATTERN_BREAK:0,59|EVET|%51|3|EVET|%26|EVET|%48|2|HAYIR|%21|EVET|%31|4|HAYIR|%36|EVET|%35|3|EVET|%21|EVET|%47|1|HAYIR|%21|EVET|%31|3|EVET|%31|EVET|%37|3|EVET|%26|EVET|%44|3|EVET|%15|EVET|%34|1|HAYIR|%31|EVET|%31|3|EVET|%26|EVET|%34|3|EVET|%31|EVET|%83|3|EVET|%10|EVET|%27|3|EVET|%21|EVET|%37
257|2026-07-29 19:54:40|3|1/3|EVET|%38|%17|HAYIR|%21|%33|0|HAYIR|%0|HAYIR|%0|1/3|EVET|%25|%32|T•K|EVET|%40|%56|VADI_YON|WEAK_PERIODIC_3|BLOK_TERS>DONGU>VADI|REGIME_SHIFT:0,50|EVET|%31|1|EVET|%30|EVET|%32|3|HAYIR|%20|EVET|%31|2|HAYIR|%35|EVET|%30|1|EVET|%25|EVET|%31|2|HAYIR|%20|EVET|%27|4|HAYIR|%35|EVET|%30|2|HAYIR|%30|EVET|%31|3|HAYIR|%20|EVET|%31|2|HAYIR|%30|EVET|%27|1|EVET|%30|EVET|%28|3|HAYIR|%35|EVET|%41|3|HAYIR|%15|EVET|%27|2|HAYIR|%25|EVET|%27
258|2026-07-29 19:54:41|1|1/3|HAYIR|%38|%17|EVET|%21|%40|0|HAYIR|%0|HAYIR|%0|1/2|HAYIR|%25|%38|T•K|EVET|%41|%56|BLOK_TERS_TEKRAR|FRAGMENTARY_2|VADI>VADI>BLOK_TERS|REGIME_SHIFT:0,75,PATTERN_BREAK:0,61|EVET|%58|1|HAYIR|%33|EVET|%38|3|EVET|%19|EVET|%31|1|HAYIR|%33|EVET|%69|3|EVET|%28|EVET|%47|1|HAYIR|%19|EVET|%44|1|HAYIR|%33|EVET|%53|2|HAYIR|%28|EVET|%35|1|HAYIR|%19|EVET|%34|1|HAYIR|%28|EVET|%31|1|HAYIR|%33|EVET|%38|1|HAYIR|%33|EVET|%55|3|EVET|%14|EVET|%27|2|HAYIR|%23|EVET|%41
259|2026-07-29 19:54:41|3|2/4|HAYIR|%39|%17|EVET|%21|%42|0|HAYIR|%0|HAYIR|%0|2/4|HAYIR|%25|%42|C•K|EVET|%41|%56|VADI_YON|FRAGMENTARY_2|VADI>TEPE>VADI|REGIME_SHIFT:0,75,PATTERN_BREAK:0,59|EVET|%66|2|HAYIR|%31|EVET|%42|3|HAYIR|%22|EVET|%32|2|HAYIR|%31|EVET|%70|2|HAYIR|%31|EVET|%43|2|HAYIR|%18|EVET|%30|2|HAYIR|%31|EVET|%42|1|HAYIR|%27|EVET|%31|2|HAYIR|%18|EVET|%34|2|HAYIR|%27|EVET|%27|2|HAYIR|%31|EVET|%39|2|HAYIR|%31|EVET|%66|3|HAYIR|%18|EVET|%27|1|HAYIR|%22|EVET|%28
260|2026-07-29 19:54:42|4|3/2|EVET|%39|%17|HAYIR|%21|%33|0|HAYIR|%0|HAYIR|%0|2/3|HAYIR|%25|%37|T•B|EVET|%41|%56|VADI_YON|FRAGMENTARY_2|DALGA_TEK_SIM_1>TEPE>VADI|PATTERN_BREAK:0,59|EVET|%37|2|HAYIR|%30|EVET|%37|3|EVET|%21|EVET|%33|3|EVET|%30|EVET|%79|4|HAYIR|%30|EVET|%31|3|EVET|%17|EVET|%46|3|EVET|%30|EVET|%57|3|EVET|%26|EVET|%30|3|EVET|%17|EVET|%30|3|EVET|%26|EVET|%32|3|EVET|%30|EVET|%42|2|HAYIR|%30|EVET|%65|3|EVET|%17|EVET|%27|2|HAYIR|%21|EVET|%35
261|2026-07-29 19:54:44|3|4/2|HAYIR|%39|%17|HAYIR|%21|%34|0|HAYIR|%0|HAYIR|%0|4/3|HAYIR|%25|%39|C•B|HAYIR|%41|%55|DONGU_TERS_YON|FRAGMENTARY_2|VADI>VADI>DONGU_TERS|PATTERN_BREAK:0,59|EVET|%50|4|HAYIR|%29|EVET|%39|3|HAYIR|%25|EVET|%33|4|HAYIR|%33|EVET|%40|2|HAYIR|%29|EVET|%37|4|HAYIR|%20|EVET|%41|4|HAYIR|%33|EVET|%57|1|EVET|%29|EVET|%29|2|HAYIR|%20|EVET|%28|2|HAYIR|%29|EVET|%26|4|HAYIR|%33|EVET|%33|3|HAYIR|%29|EVET|%50|1|EVET|%20|EVET|%26|3|HAYIR|%20|EVET|%27
262|2026-07-29 19:54:44|1|1/2|HAYIR|%38|%17|HAYIR|%21|%32|0|HAYIR|%0|HAYIR|%0|2/1|HAYIR|%25|%40|T•K|HAYIR|%41|%51|TEPE_YON|FRAGMENTARY_2|VADI>TEPE>TEPE|PATTERN_BREAK:0,59|EVET|%47|2|HAYIR|%28|EVET|%40|3|HAYIR|%24|EVET|%41|1|HAYIR|%32|EVET|%42|1|HAYIR|%28|EVET|%27|2|HAYIR|%20|EVET|%30|2|HAYIR|%32|EVET|%46|2|HAYIR|%32|EVET|%32|1|HAYIR|%20|EVET|%34|1|HAYIR|%28|EVET|%30|1|HAYIR|%32|EVET|%28|2|HAYIR|%28|EVET|%61|1|HAYIR|%24|EVET|%26|2|HAYIR|%20|EVET|%37
263|2026-07-29 19:54:45|4|3/4|HAYIR|%39|%17|EVET|%21|%33|0|HAYIR|%0|HAYIR|%0|3/4|HAYIR|%25|%35|C•K|EVET|%41|%55|DONGU_YON|FRAGMENTARY_2|TEPE>TEPE>DONGU|PATTERN_BREAK:0,59|EVET|%43|3|HAYIR|%26|EVET|%35|3|HAYIR|%23|EVET|%38|4|EVET|%30|EVET|%40|4|EVET|%26|EVET|%38|4|EVET|%19|EVET|%41|4|EVET|%30|EVET|%45|3|HAYIR|%30|EVET|%33|3|HAYIR|%19|EVET|%30|3|HAYIR|%26|EVET|%33|3|HAYIR|%30|EVET|%31|4|EVET|%26|EVET|%50|1|HAYIR|%23|EVET|%26|3|HAYIR|%19|EVET|%40
264|2026-07-29 19:54:45|4|3/4|HAYIR|%39|%17|HAYIR|%21|%57|0|HAYIR|%0|HAYIR|%0|3/4|HAYIR|%25|%66|T•B|HAYIR|%41|%58|DONGU_YON|FRAGMENTARY_2|DONGU_TERS>BLOK_TERS>DONGU|PATTERN_BREAK:0,59|EVET|%73|3|HAYIR|%25|EVET|%66|4|HAYIR|%22|EVET|%36|3|HAYIR|%33|EVET|%95|3|HAYIR|%29|EVET|%63|3|HAYIR|%22|EVET|%46|3|HAYIR|%33|EVET|%75|3|HAYIR|%29|EVET|%50|3|HAYIR|%18|EVET|%48|3|HAYIR|%25|EVET|%32|3|HAYIR|%29|EVET|%57|3|HAYIR|%29|EVET|%71|1|HAYIR|%22|EVET|%26|3|HAYIR|%18|EVET|%45
265|2026-07-29 19:54:48|2|3/1|HAYIR|%38|%17|HAYIR|%21|%36|0|HAYIR|%0|HAYIR|%0|1/2|HAYIR|%25|%36|T•K|HAYIR|%41|%53|TEPE_YON|FRAGMENTARY_2|VADI>VADI>TEPE|PATTERN_BREAK:0,59|EVET|%46|1|HAYIR|%25|EVET|%36|3|HAYIR|%21|EVET|%31|3|HAYIR|%32|EVET|%70|3|HAYIR|%28|EVET|%51|1|HAYIR|%21|EVET|%31|2|HAYIR|%32|EVET|%35|3|HAYIR|%28|EVET|%31|2|HAYIR|%17|EVET|%27|3|HAYIR|%25|EVET|%27|3|HAYIR|%28|EVET|%34|1|HAYIR|%28|EVET|%66|1|HAYIR|%21|EVET|%26|2|HAYIR|%17|EVET|%28
266|2026-07-29 19:54:49|4|1/3|HAYIR|%38|%17|HAYIR|%21|%33|0|HAYIR|%0|HAYIR|%0|3/1|HAYIR|%24|%31|T•B|EVET|%41|%59|TEPE_YON|FRAGMENTARY_2|BLOK_DUZ>BLOK_TERS>TEPE|PATTERN_BREAK:0,59|EVET|%49|3|HAYIR|%24|EVET|%31|4|EVET|%20|EVET|%29|1|HAYIR|%31|EVET|%64|1|HAYIR|%27|EVET|%39|3|HAYIR|%20|EVET|%29|1|HAYIR|%31|EVET|%30|3|HAYIR|%27|EVET|%32|2|HAYIR|%17|EVET|%27|3|HAYIR|%24|EVET|%31|1|HAYIR|%27|EVET|%29|2|HAYIR|%27|EVET|%45|1|HAYIR|%20|EVET|%26|3|HAYIR|%17|EVET|%29
267|2026-07-29 19:54:49|4|3/2|HAYIR|%38|%16|HAYIR|%21|%58|0|HAYIR|%0|HAYIR|%0|3/2|HAYIR|%24|%54|C•B|HAYIR|%41|%55|DONGU_YON|FRAGMENTARY_2|TEPE>VADI>DONGU||HAYIR|%72|3|HAYIR|%23|EVET|%54|3|HAYIR|%23|EVET|%29|3|HAYIR|%30|EVET|%83|3|HAYIR|%26|EVET|%49|2|HAYIR|%20|EVET|%42|3|HAYIR|%30|EVET|%45|3|HAYIR|%26|EVET|%37|3|HAYIR|%16|EVET|%42|3|HAYIR|%23|EVET|%31|3|HAYIR|%26|EVET|%45|2|HAYIR|%26|EVET|%63|3|HAYIR|%20|EVET|%27|3|HAYIR|%16|EVET|%40
268|2026-07-29 19:55:00|1|3/1|HAYIR|%38|%16|HAYIR|%21|%32|0|HAYIR|%0|HAYIR|%0|1/4|HAYIR|%24|%32|T•B|HAYIR|%41|%52|VADI_YON|FRAGMENTARY_2|BLOK_TERS>VADI>VADI|PATTERN_BREAK:0,59|EVET|%36|1|HAYIR|%22|EVET|%32|3|HAYIR|%22|EVET|%34|3|HAYIR|%29|EVET|%100|2|EVET|%25|EVET|%45|3|HAYIR|%19|EVET|%45|1|HAYIR|%29|EVET|%34|4|HAYIR|%25|EVET|%31|1|HAYIR|%16|EVET|%26|1|HAYIR|%22|EVET|%29|3|HAYIR|%25|EVET|%38|3|HAYIR|%25|EVET|%78|3|HAYIR|%19|EVET|%27|1|HAYIR|%16|EVET|%35
269|2026-07-29 19:55:01|2|4/1|EVET|%38|%17|HAYIR|%21|%35|0|HAYIR|%0|HAYIR|%0|4/3|EVET|%25|%44|C•K|EVET|%41|%55|TEPE_YON|FRAGMENTARY_2|BLOK_TERS>DONGU_TERS>TEPE|PATTERN_BREAK:0,59|EVET|%47|4|EVET|%21|EVET|%44|3|HAYIR|%21|EVET|%32|4|EVET|%28|EVET|%81|1|HAYIR|%28|EVET|%51|4|EVET|%18|EVET|%34|4|EVET|%28|EVET|%48|3|HAYIR|%25|EVET|%29|1|HAYIR|%15|EVET|%30|3|HAYIR|%21|EVET|%26|4|EVET|%25|EVET|%36|4|EVET|%25|EVET|%86|3|HAYIR|%18|EVET|%27|4|EVET|%15|EVET|%32
270|2026-07-29 19:55:01|4|1/3|HAYIR|%38|%17|HAYIR|%21|%56|0|HAYIR|%0|HAYIR|%0|1/3|HAYIR|%24|%31|T•K|HAYIR|%41|%57|DONGU_YON|FRAGMENTARY_2|BLOK_TERS>TEPE>DONGU||HAYIR|%65|1|HAYIR|%24|EVET|%31|3|HAYIR|%21|EVET|%40|1|HAYIR|%30|EVET|%40|1|HAYIR|%27|EVET|%57|3|HAYIR|%21|EVET|%32|1|HAYIR|%30|EVET|%37|3|HAYIR|%24|EVET|%31|4|EVET|%15|EVET|%30|3|HAYIR|%21|EVET|%30|3|HAYIR|%27|EVET|%29|1|HAYIR|%27|EVET|%69|3|HAYIR|%18|EVET|%27|3|HAYIR|%18|EVET|%26
271|2026-07-29 19:55:02|4|3|HAYIR|%38|%17|HAYIR|%21|%65|0|HAYIR|%0|HAYIR|%0|3/1|HAYIR|%24|%53|T•B|EVET|%41|%55|DONGU_YON|FRAGMENTARY_2|BLOK_TERS>DONGU>DONGU||HAYIR|%73|3|HAYIR|%23|EVET|%53|3|HAYIR|%20|EVET|%29|3|HAYIR|%29|EVET|%70|4|HAYIR|%26|EVET|%32|3|HAYIR|%20|EVET|%44|3|HAYIR|%29|EVET|%61|3|HAYIR|%23|EVET|%31|3|HAYIR|%17|EVET|%33|3|HAYIR|%20|EVET|%29|3|HAYIR|%26|EVET|%43|2|HAYIR|%26|EVET|%58|3|HAYIR|%17|EVET|%27|3|HAYIR|%17|EVET|%35
272|2026-07-29 19:55:04|1|2/3|HAYIR|%38|%17|HAYIR|%21|%48|0|HAYIR|%0|HAYIR|%0|2/1|HAYIR|%24|%54|C•K|EVET|%41|%54|DONGU_YON|FRAGMENTARY_2|BLOK_TERS>DONGU>DONGU||HAYIR|%53|2|HAYIR|%22|EVET|%54|3|HAYIR|%20|EVET|%29|2|HAYIR|%28|EVET|%97|4|HAYIR|%25|EVET|%39|4|HAYIR|%20|EVET|%25|2|HAYIR|%28|EVET|%44|2|HAYIR|%22|EVET|%32|1|EVET|%17|EVET|%26|1|EVET|%20|EVET|%28|2|HAYIR|%25|EVET|%41|3|HAYIR|%25|EVET|%68|3|HAYIR|%17|EVET|%27|2|HAYIR|%17|EVET|%36
273|2026-07-29 19:55:05|1|3/1|HAYIR|%37|%16|HAYIR|%20|%46|0|HAYIR|%0|HAYIR|%0|3/1|HAYIR|%24|%58|T•K|HAYIR|%41|%54|DONGU_TERS_YON|FRAGMENTARY_2|VADI>TEPE>DONGU_TERS|PATTERN_BREAK:0,59|EVET|%58|3|HAYIR|%22|EVET|%58|3|HAYIR|%19|EVET|%30|3|HAYIR|%27|EVET|%66|3|HAYIR|%25|EVET|%64|3|HAYIR|%19|EVET|%37|3|HAYIR|%27|EVET|%59|3|HAYIR|%22|EVET|%46|1|HAYIR|%19|EVET|%34|1|HAYIR|%22|EVET|%30|3|HAYIR|%25|EVET|%47|3|HAYIR|%25|EVET|%86|3|HAYIR|%16|EVET|%27|3|HAYIR|%16|EVET|%41
274|2026-07-29 19:55:08|4|3/2|HAYIR|%38|%16|EVET|%21|%41|0|HAYIR|%0|HAYIR|%0|3/2|HAYIR|%24|%45|T•B|HAYIR|%41|%51|VADI_YON|FRAGMENTARY_2|TEPE>TEPE>VADI|PATTERN_BREAK:0,59|EVET|%49|3|HAYIR|%21|EVET|%45|3|HAYIR|%18|EVET|%29|3|HAYIR|%27|EVET|%100|2|EVET|%24|EVET|%36|3|HAYIR|%18|EVET|%43|3|HAYIR|%27|EVET|%54|3|HAYIR|%21|EVET|%30|4|HAYIR|%18|EVET|%32|3|HAYIR|%21|EVET|%28|3|HAYIR|%24|EVET|%42|3|HAYIR|%24|EVET|%96|1|HAYIR|%16|EVET|%26|3|HAYIR|%16|EVET|%33
275|2026-07-29 19:55:09|2|1/4|HAYIR|%38|%16|HAYIR|%21|%25|0|HAYIR|%0|HAYIR|%0|2/1|EVET|%24|%29|C•B|EVET|%41|%51|TEPE_YON|FRAGMENTARY_2|DONGU>DONGU>TEPE|PATTERN_BREAK:0,59|EVET|%27|2|EVET|%21|EVET|%29|3|HAYIR|%18|EVET|%26|3|HAYIR|%26|EVET|%46|4|HAYIR|%26|EVET|%37|1|HAYIR|%18|EVET|%27|2|EVET|%26|EVET|%31|4|HAYIR|%21|EVET|%33|1|HAYIR|%18|EVET|%29|4|HAYIR|%21|EVET|%27|3|HAYIR|%23|EVET|%28|1|HAYIR|%23|EVET|%47|1|HAYIR|%15|EVET|%26|4|HAYIR|%15|EVET|%28
276|2026-07-29 19:55:10|2|4/3|HAYIR|%38|%16|EVET|%21|%31|0|HAYIR|%0|HAYIR|%0|4/1|HAYIR|%24|%33|T•B|EVET|%41|%53|TEPE_YON|FRAGMENTARY_2|VADI>VADI>TEPE|PATTERN_BREAK:0,59|EVET|%36|4|HAYIR|%23|EVET|%33|3|EVET|%17|EVET|%28|4|HAYIR|%25|EVET|%52|1|HAYIR|%25|EVET|%37|4|HAYIR|%17|EVET|%44|4|HAYIR|%28|EVET|%48|1|HAYIR|%20|EVET|%35|3|EVET|%17|EVET|%31|4|HAYIR|%20|EVET|%27|4|HAYIR|%23|EVET|%33|3|EVET|%23|EVET|%66|1|HAYIR|%15|EVET|%26|1|HAYIR|%15|EVET|%34
277|2026-07-29 19:55:12|3|1/4|HAYIR|%38|%16|EVET|%21|%27|0|HAYIR|%0|HAYIR|%0|1/2|HAYIR|%24|%31|T•B|EVET|%42|%52|VADI_YON|FRAGMENTARY_2|TEPE>TEPE>VADI|PATTERN_BREAK:0,59|EVET|%39|1|HAYIR|%22|EVET|%31|3|HAYIR|%20|EVET|%30|3|HAYIR|%25|EVET|%43|3|HAYIR|%25|EVET|%30|4|EVET|%17|EVET|%31|4|EVET|%27|EVET|%30|1|HAYIR|%20|EVET|%30|4|EVET|%20|EVET|%29|1|HAYIR|%20|EVET|%27|3|HAYIR|%22|EVET|%25|1|HAYIR|%25|EVET|%34|1|HAYIR|%15|EVET|%26|1|HAYIR|%15|EVET|%35
278|2026-07-29 19:55:13|4|4/2|HAYIR|%38|%16|HAYIR|%21|%34|0|HAYIR|%0|HAYIR|%0|4/3|HAYIR|%24|%31|C•K|HAYIR|%41|%55|VADI_YON|FRAGMENTARY_2|TEPE>DONGU>VADI|PATTERN_BREAK:0,59|EVET|%47|4|HAYIR|%21|EVET|%31|3|EVET|%19|EVET|%29|2|HAYIR|%24|EVET|%36|1|HAYIR|%24|EVET|%32|3|EVET|%19|EVET|%43|3|EVET|%29|EVET|%49|2|HAYIR|%19|EVET|%30|4|HAYIR|%21|EVET|%38|3|EVET|%19|EVET|%27|3|EVET|%21|EVET|%30|4|HAYIR|%24|EVET|%89|1|HAYIR|%14|EVET|%26|2|HAYIR|%14|EVET|%32
279|2026-07-29 19:55:14|3|3/4|EVET|%38|%16|HAYIR|%21|%50|0|HAYIR|%0|HAYIR|%0|3/1|EVET|%24|%35|T•B|EVET|%42|%55|TEPE_YON|FRAGMENTARY_2|VADI>DONGU>TEPE||HAYIR|%54|3|EVET|%21|EVET|%35|3|EVET|%21|EVET|%32|1|HAYIR|%23|EVET|%33|1|HAYIR|%23|EVET|%31|3|EVET|%21|EVET|%44|3|EVET|%30|EVET|%55|4|HAYIR|%19|EVET|%31|4|HAYIR|%21|EVET|%32|1|HAYIR|%21|EVET|%26|3|EVET|%23|EVET|%31|3|EVET|%23|EVET|%48|1|HAYIR|%14|EVET|%26|1|HAYIR|%14|EVET|%27
280|2026-07-29 19:55:15|3|2/4|HAYIR|%38|%16|HAYIR|%21|%46|0|HAYIR|%0|HAYIR|%0|2/3|HAYIR|%24|%41|C•B|HAYIR|%41|%54|TEPE_YON|FRAGMENTARY_2|VADI>DONGU>TEPE|PATTERN_BREAK:0,59|EVET|%59|2|HAYIR|%23|EVET|%41|3|HAYIR|%23|EVET|%32|2|HAYIR|%23|EVET|%34|2|HAYIR|%23|EVET|%41|2|HAYIR|%23|EVET|%42|2|HAYIR|%32|EVET|%62|2|HAYIR|%18|EVET|%37|3|HAYIR|%20|EVET|%33|1|EVET|%20|EVET|%25|2|HAYIR|%25|EVET|%37|3|HAYIR|%25|EVET|%79|3|HAYIR|%13|EVET|%27|3|HAYIR|%13|EVET|%29
281|2026-07-29 19:55:16|1|2/3|HAYIR|%38|%16|EVET|%21|%47|0|HAYIR|%0|HAYIR|%0|2/4|HAYIR|%24|%44|T•K|EVET|%42|%53|DONGU_YON|FRAGMENTARY_2|TEPE>DONGU_TERS>DONGU|PATTERN_BREAK:0,59|EVET|%59|2|HAYIR|%22|EVET|%44|3|EVET|%22|EVET|%29|3|EVET|%22|EVET|%55|2|HAYIR|%22|EVET|%35|2|HAYIR|%22|EVET|%42|2|HAYIR|%31|EVET|%60|2|HAYIR|%18|EVET|%32|1|HAYIR|%20|EVET|%34|1|HAYIR|%22|EVET|%29|2|HAYIR|%25|EVET|%35|2|HAYIR|%25|EVET|%99|3|EVET|%13|EVET|%27|2|HAYIR|%13|EVET|%34
282|2026-07-29 19:55:17|3|4/2|HAYIR|%38|%16|HAYIR|%21|%34|0|HAYIR|%0|HAYIR|%0|4/2|HAYIR|%24|%36|T•B|EVET|%42|%53|TEPE_YON|FRAGMENTARY_2|VADI>VADI>TEPE|PATTERN_BREAK:0,59|EVET|%38|4|HAYIR|%22|EVET|%36|3|EVET|%24|EVET|%31|3|EVET|%24|EVET|%61|4|HAYIR|%22|EVET|%43|4|HAYIR|%22|EVET|%35|4|HAYIR|%31|EVET|%51|4|HAYIR|%17|EVET|%30|4|HAYIR|%20|EVET|%32|1|HAYIR|%22|EVET|%27|4|HAYIR|%24|EVET|%34|2|HAYIR|%24|EVET|%52|3|EVET|%15|EVET|%27|4|HAYIR|%13|EVET|%29
283|2026-07-29 19:55:17|3|3/4|HAYIR|%38|%16|EVET|%22|%0|0|HAYIR|%0|HAYIR|%0|2/3|EVET|%24|%0|C•K|EVET|%43|%0|DONGU_YON|FRAGMENTARY_2|VADI>TEPE>DONGU|PATTERN_BREAK:0,59|EVET|%0|2|EVET|%0|EVET|%0|3|HAYIR|%0|EVET|%0|4|HAYIR|%0|EVET|%0|2|EVET|%0|EVET|%0|3|HAYIR|%0|EVET|%0|3|HAYIR|%0|EVET|%0|1|HAYIR|%0|EVET|%0|3|HAYIR|%0|EVET|%0|1|HAYIR|%0|EVET|%0|2|EVET|%0|EVET|%0|2|EVET|%0|EVET|%0|3|HAYIR|%0|EVET|%0|3|HAYIR|%0|EVET|%0
284|2026-07-29 19:55:21|2|4/3|EVET|%39|%17|HAYIR|%22|%38|0|HAYIR|%0|HAYIR|%0|3/4|HAYIR|%24|%51|T•B|EVET|%42|%55|DONGU_YON|FRAGMENTARY_2|TEPE>TEPE>DONGU|PATTERN_BREAK:0,59|EVET|%71|3|HAYIR|%0|EVET|%51|3|HAYIR|%0|EVET|%31|3|HAYIR|%0|EVET|%54|1|HAYIR|%0|EVET|%34|3|HAYIR|%0|EVET|%46|3|HAYIR|%0|EVET|%63|4|EVET|%0|EVET|%31|3|HAYIR|%0|EVET|%32|3|HAYIR|%0|EVET|%26|3|HAYIR|%0|EVET|%39|3|HAYIR|%0|EVET|%90|3|HAYIR|%0|EVET|%27|3|HAYIR|%0|EVET|%30
285|2026-07-29 19:55:22|4|4/3|HAYIR|%38|%16|HAYIR|%22|%28|0|HAYIR|%0|HAYIR|%0|1/3|HAYIR|%24|%34|T•B|HAYIR|%42|%54|DONGU_YON|FRAGMENTARY_2|VADI>VADI>DONGU|PATTERN_BREAK:0,59|EVET|%33|1|HAYIR|%0|EVET|%34|3|HAYIR|%0|EVET|%32|3|HAYIR|%0|EVET|%41|1|HAYIR|%0|EVET|%38|1|HAYIR|%0|EVET|%42|1|HAYIR|%0|EVET|%55|3|HAYIR|%0|EVET|%32|4|HAYIR|%0|EVET|%30|3|HAYIR|%0|EVET|%29|1|HAYIR|%0|EVET|%32|1|HAYIR|%0|EVET|%82|1|HAYIR|%0|EVET|%26|4|HAYIR|%0|EVET|%31
286|2026-07-29 19:55:22|2|4/3|EVET|%39|%17|HAYIR|%21|%32|0|HAYIR|%0|HAYIR|%0|2/3|HAYIR|%24|%33|T•B|EVET|%43|%52|DONGU_TERS_YON|FRAGMENTARY_2|VADI>VADI>DONGU_TERS|PATTERN_BREAK:0,59|EVET|%36|2|HAYIR|%0|EVET|%33|3|HAYIR|%0|EVET|%33|4|EVET|%0|EVET|%62|4|EVET|%0|EVET|%44|3|HAYIR|%0|EVET|%45|3|HAYIR|%0|EVET|%29|4|EVET|%0|EVET|%33|3|HAYIR|%0|EVET|%27|4|EVET|%0|EVET|%28|4|EVET|%0|EVET|%31|4|EVET|%0|EVET|%54|1|HAYIR|%0|EVET|%26|2|HAYIR|%0|EVET|%30
287|2026-07-29 19:55:25|4|2/4|HAYIR|%39|%17|HAYIR|%21|%29|0|HAYIR|%0|HAYIR|%0|4/1|HAYIR|%24|%41|T•K|EVET|%43|%52|VADI_YON|FRAGMENTARY_2|BLOK_DUZ>TEPE>VADI|PATTERN_BREAK:0,59|EVET|%34|4|HAYIR|%0|EVET|%41|3|HAYIR|%0|EVET|%38|1|EVET|%0|EVET|%41|4|HAYIR|%0|EVET|%36|4|HAYIR|%0|EVET|%32|4|HAYIR|%0|EVET|%37|2|HAYIR|%0|EVET|%31|4|HAYIR|%0|EVET|%30|3|HAYIR|%0|EVET|%29|4|HAYIR|%0|EVET|%33|2|HAYIR|%0|EVET|%39|1|EVET|%0|EVET|%26|4|HAYIR|%0|EVET|%28
288|2026-07-29 19:55:26|1|2/1|HAYIR|%38|%17|HAYIR|%21|%26|0|HAYIR|%0|HAYIR|%0|1/2|HAYIR|%24|%38|T•B|EVET|%43|%54|DONGU_TERS_YON|FRAGMENTARY_2|TEPE>TEPE>DONGU_TERS|PATTERN_BREAK:0,59|EVET|%34|1|HAYIR|%20|EVET|%38|3|HAYIR|%0|EVET|%31|2|HAYIR|%40|EVET|%49|2|HAYIR|%40|EVET|%49|2|HAYIR|%0|EVET|%30|2|HAYIR|%0|EVET|%38|2|HAYIR|%40|EVET|%30|1|HAYIR|%0|EVET|%30|1|HAYIR|%20|EVET|%29|2|HAYIR|%40|EVET|%33|2|HAYIR|%40|EVET|%57|1|HAYIR|%20|EVET|%26|1|HAYIR|%0|EVET|%37
289|2026-07-29 19:55:27|4|3/2|HAYIR|%38|%17|HAYIR|%21|%37|0|HAYIR|%0|HAYIR|%0|3/2|HAYIR|%24|%39|C•K|EVET|%43|%53|DONGU_TERS_YON|FRAGMENTARY_2|BLOK_TERS>DONGU>DONGU_TERS|PATTERN_BREAK:0,59|EVET|%51|3|HAYIR|%16|EVET|%39|3|HAYIR|%0|EVET|%30|3|HAYIR|%33|EVET|%52|2|HAYIR|%33|EVET|%36|3|HAYIR|%0|EVET|%44|3|HAYIR|%0|EVET|%54|2|HAYIR|%33|EVET|%29|4|EVET|%0|EVET|%29|3|HAYIR|%16|EVET|%28|3|HAYIR|%33|EVET|%36|3|HAYIR|%33|EVET|%53|1|HAYIR|%16|EVET|%26|2|HAYIR|%0|EVET|%31
290|2026-07-29 19:55:27|4|3/2|EVET|%39|%17|HAYIR|%21|%33|0|HAYIR|%0|HAYIR|%0|3/2|EVET|%24|%35|T•K|EVET|%43|%52|DONGU_TERS_YON|FRAGMENTARY_2|DALGA_TEK_SIM_3>TEPE>DONGU_TERS|PATTERN_BREAK:0,59|EVET|%47|3|EVET|%14|EVET|%35|4|HAYIR|%0|EVET|%32|2|HAYIR|%28|EVET|%70|1|HAYIR|%28|EVET|%34|3|EVET|%0|EVET|%27|3|EVET|%0|EVET|%36|1|HAYIR|%28|EVET|%29|3|EVET|%14|EVET|%38|3|EVET|%14|EVET|%27|3|EVET|%28|EVET|%30|3|EVET|%28|EVET|%68|1|HAYIR|%14|EVET|%26|3|EVET|%0|EVET|%32
291|2026-07-29 19:55:30|3|2/1|HAYIR|%39|%17|EVET|%21|%27|0|HAYIR|%0|HAYIR|%0|3/4|HAYIR|%24|%28|T•B|EVET|%44|%50|DONGU_TERS_YON|FRAGMENTARY_2|TEPE>DONGU>DONGU_TERS|PATTERN_BREAK:0,59|EVET|%41|3|HAYIR|%25|EVET|%28|3|HAYIR|%0|EVET|%30|4|HAYIR|%25|EVET|%43|4|HAYIR|%25|EVET|%37|2|HAYIR|%12|EVET|%41|2|HAYIR|%12|EVET|%35|4|HAYIR|%25|EVET|%30|4|HAYIR|%25|EVET|%30|1|EVET|%25|EVET|%28|4|HAYIR|%37|EVET|%29|4|HAYIR|%37|EVET|%72|3|HAYIR|%12|EVET|%27|3|HAYIR|%12|EVET|%30
292|2026-07-29 19:55:31|1|1/3|HAYIR|%39|%17|HAYIR|%21|%27|0|HAYIR|%0|HAYIR|%0|2/4|EVET|%24|%33|T•B|HAYIR|%44|%56|DONGU_TERS_YON|FRAGMENTARY_2|TEPE>DONGU>DONGU_TERS|PATTERN_BREAK:0,59|EVET|%30|2|EVET|%22|EVET|%33|3|HAYIR|%0|EVET|%30|4|HAYIR|%22|EVET|%45|3|HAYIR|%22|EVET|%46|1|HAYIR|%11|EVET|%30|2|EVET|%11|EVET|%42|4|HAYIR|%22|EVET|%33|4|HAYIR|%22|EVET|%33|1|HAYIR|%33|EVET|%28|4|HAYIR|%33|EVET|%28|2|EVET|%33|EVET|%59|3|HAYIR|%11|EVET|%27|2|EVET|%11|EVET|%31
293|2026-07-29 19:55:31|2|4/3|HAYIR|%39|%17|EVET|%22|%43|0|HAYIR|%0|HAYIR|%0|4/2|HAYIR|%24|%42|C•B|EVET|%44|%51|DONGU_TERS_YON|FRAGMENTARY_2|VADI>DONGU>DONGU_TERS|PATTERN_BREAK:0,59|EVET|%65|4|HAYIR|%30|EVET|%42|3|EVET|%0|EVET|%31|4|HAYIR|%20|EVET|%59|1|HAYIR|%20|EVET|%51|3|EVET|%10|EVET|%44|4|HAYIR|%20|EVET|%35|4|HAYIR|%20|EVET|%36|4|HAYIR|%20|EVET|%34|4|HAYIR|%30|EVET|%29|4|HAYIR|%30|EVET|%33|4|HAYIR|%40|EVET|%77|3|EVET|%10|EVET|%27|4|HAYIR|%20|EVET|%38
294|2026-07-29 19:55:33|3|1/3|HAYIR|%39|%17|HAYIR|%22|%31|0|HAYIR|%0|HAYIR|%0|2/1|EVET|%24|%36|C•B|EVET|%44|%52|VADI_YON|FRAGMENTARY_2|BLOK_DUZ>DONGU_TERS>VADI|PATTERN_BREAK:0,59|EVET|%32|2|EVET|%27|EVET|%36|3|HAYIR|%9|EVET|%31|2|EVET|%18|EVET|%47|3|HAYIR|%18|EVET|%31|2|EVET|%18|EVET|%42|2|EVET|%18|EVET|%47|1|HAYIR|%18|EVET|%30|4|HAYIR|%18|EVET|%31|1|HAYIR|%27|EVET|%29|2|EVET|%27|EVET|%30|1|HAYIR|%36|EVET|%88|3|HAYIR|%18|EVET|%27|1|HAYIR|%18|EVET|%33
295|2026-07-29 19:55:34|2|4/3|HAYIR|%39|%17|HAYIR|%21|%34|0|HAYIR|%0|HAYIR|%0|3/4|HAYIR|%24|%43|C•K|EVET|%44|%55|TEPE_YON|FRAGMENTARY_2|TEPE>VADI>TEPE|PATTERN_BREAK:0,59|EVET|%43|3|HAYIR|%33|EVET|%43|3|HAYIR|%8|EVET|%30|2|EVET|%25|EVET|%44|4|HAYIR|%16|EVET|%37|3|HAYIR|%25|EVET|%45|3|HAYIR|%25|EVET|%55|4|HAYIR|%16|EVET|%34|1|HAYIR|%16|EVET|%26|4|HAYIR|%25|EVET|%29|3|HAYIR|%33|EVET|%33|4|HAYIR|%33|EVET|%69|3|HAYIR|%16|EVET|%27|4|HAYIR|%16|EVET|%31
296|2026-07-29 19:55:34|2|4/3|HAYIR|%39|%17|EVET|%22|%36|0|HAYIR|%0|HAYIR|%0|1/4|HAYIR|%24|%31|T•B|EVET|%44|%60|VADI_YON|FRAGMENTARY_2|TEPE>DONGU_TERS>VADI|PATTERN_BREAK:0,59|EVET|%49|1|HAYIR|%30|EVET|%31|3|EVET|%7|EVET|%29|4|HAYIR|%30|EVET|%63|4|HAYIR|%15|EVET|%36|4|HAYIR|%23|EVET|%44|4|HAYIR|%23|EVET|%43|3|EVET|%15|EVET|%30|3|EVET|%15|EVET|%40|4|HAYIR|%23|EVET|%28|4|HAYIR|%30|EVET|%37|4|HAYIR|%30|EVET|%46|3|EVET|%15|EVET|%27|3|EVET|%15|EVET|%30
297|2026-07-29 19:55:35|3|3/1|HAYIR|%39|%16|HAYIR|%22|%34|0|HAYIR|%0|HAYIR|%0|2/4|HAYIR|%24|%33|C•B|EVET|%45|%53|VADI_YON|FRAGMENTARY_2|BLOK_TERS>DONGU_TERS>VADI||HAYIR|%46|2|HAYIR|%28|EVET|%33|3|HAYIR|%14|EVET|%40|4|EVET|%28|EVET|%36|3|HAYIR|%14|EVET|%31|4|EVET|%21|EVET|%28|4|EVET|%21|EVET|%32|1|HAYIR|%21|EVET|%29|1|HAYIR|%21|EVET|%29|1|HAYIR|%21|EVET|%29|4|EVET|%28|EVET|%28|4|EVET|%28|EVET|%35|3|HAYIR|%21|EVET|%27|1|HAYIR|%21|EVET|%31
298|2026-07-29 19:55:36|4|3/4|HAYIR|%39|%16|EVET|%22|%42|0|HAYIR|%0|HAYIR|%0|3/4|HAYIR|%24|%44|C•B|EVET|%45|%56|VADI_YON|FRAGMENTARY_2|VADI>DONGU_TERS>VADI|PATTERN_BREAK:0,59|EVET|%60|3|HAYIR|%26|EVET|%44|3|HAYIR|%13|EVET|%32|3|HAYIR|%33|EVET|%63|1|HAYIR|%13|EVET|%35|3|HAYIR|%26|EVET|%45|3|HAYIR|%26|EVET|%63|2|HAYIR|%20|EVET|%30|4|EVET|%20|EVET|%32|3|HAYIR|%20|EVET|%29|3|HAYIR|%33|EVET|%41|4|EVET|%33|EVET|%86|1|HAYIR|%20|EVET|%26|3|HAYIR|%20|EVET|%33
299|2026-07-29 19:55:36|4|4/3|HAYIR|%39|%16|HAYIR|%22|%40|0|HAYIR|%0|HAYIR|%0|4/3|HAYIR|%24|%38|T•B|HAYIR|%45|%64|TEPE_YON|FRAGMENTARY_2|VADI>DONGU_TERS>TEPE|PATTERN_BREAK:0,59|EVET|%52|4|HAYIR|%25|EVET|%38|3|HAYIR|%12|EVET|%31|4|HAYIR|%31|EVET|%61|3|HAYIR|%12|EVET|%38|4|HAYIR|%25|EVET|%45|4|HAYIR|%25|EVET|%58|3|HAYIR|%18|EVET|%33|3|HAYIR|%25|EVET|%36|3|HAYIR|%18|EVET|%28|4|HAYIR|%31|EVET|%38|4|HAYIR|%37|EVET|%76|4|HAYIR|%18|EVET|%26|3|HAYIR|%18|EVET|%37
300|2026-07-29 19:55:37|2|4/1|HAYIR|%39|%16|EVET|%22|%36|0|HAYIR|%0|HAYIR|%0|4/2|HAYIR|%24|%36|T•B|EVET|%45|%55|TEPE_YON|FRAGMENTARY_2|TEPE>DONGU_TERS>TEPE|PATTERN_BREAK:0,59|EVET|%42|4|HAYIR|%23|EVET|%36|3|HAYIR|%11|EVET|%30|4|HAYIR|%29|EVET|%61|1|EVET|%11|EVET|%38|4|HAYIR|%23|EVET|%28|2|HAYIR|%23|EVET|%32|4|HAYIR|%17|EVET|%34|3|HAYIR|%23|EVET|%30|3|HAYIR|%17|EVET|%28|4|HAYIR|%29|EVET|%33|1|EVET|%35|EVET|%63|4|HAYIR|%17|EVET|%26|4|HAYIR|%17|EVET|%31
301|2026-07-29 19:55:38|1|1/4|HAYIR|%39|%16|EVET|%23|%45|0|HAYIR|%0|HAYIR|%0|1/2|HAYIR|%24|%69|T•B|EVET|%45|%52|TEPE_YON|FRAGMENTARY_2|VADI>DONGU_TERS>TEPE|PATTERN_BREAK:0,59|EVET|%58|1|HAYIR|%22|EVET|%69|3|HAYIR|%11|EVET|%30|1|HAYIR|%27|EVET|%100|3|HAYIR|%16|EVET|%38|1|HAYIR|%22|EVET|%42|1|HAYIR|%22|EVET|%81|2|HAYIR|%16|EVET|%32|4|EVET|%22|EVET|%33|1|HAYIR|%16|EVET|%27|1|HAYIR|%27|EVET|%46|1|HAYIR|%38|EVET|%99|1|HAYIR|%16|EVET|%26|1|HAYIR|%16|EVET|%41
302|2026-07-29 19:55:38|4|2/4|HAYIR|%39|%16|EVET|%23|%33|0|HAYIR|%0|HAYIR|%0|2/4|HAYIR|%24|%34|C•K|EVET|%45|%55|TEPE_YON|FRAGMENTARY_2|DONGU>VADI>TEPE|PATTERN_BREAK:0,59|EVET|%40|2|HAYIR|%21|EVET|%34|3|HAYIR|%10|EVET|%30|2|HAYIR|%26|EVET|%55|4|EVET|%15|EVET|%46|4|EVET|%21|EVET|%28|2|HAYIR|%21|EVET|%31|2|HAYIR|%15|EVET|%30|4|EVET|%26|EVET|%36|3|HAYIR|%15|EVET|%27|2|HAYIR|%26|EVET|%29|2|HAYIR|%36|EVET|%41|4|EVET|%15|EVET|%26|4|EVET|%15|EVET|%33
303|2026-07-29 19:55:39|4|3/2|HAYIR|%39|%16|HAYIR|%23|%48|0|HAYIR|%0|HAYIR|%0|3/2|HAYIR|%24|%44|T•B|EVET|%46|%56|TEPE_YON|FRAGMENTARY_2|DONGU>TEPE>TEPE||HAYIR|%76|3|HAYIR|%20|EVET|%44|4|HAYIR|%10|EVET|%30|3|HAYIR|%25|EVET|%57|1|EVET|%20|EVET|%32|1|EVET|%25|EVET|%41|3|HAYIR|%20|EVET|%43|3|HAYIR|%15|EVET|%29|3|HAYIR|%30|EVET|%36|4|HAYIR|%15|EVET|%27|3|HAYIR|%25|EVET|%33|3|HAYIR|%35|EVET|%81|4|HAYIR|%20|EVET|%26|3|HAYIR|%20|EVET|%33
304|2026-07-29 19:55:42|1|3/4|EVET|%40|%16|HAYIR|%23|%26|0|HAYIR|%0|HAYIR|%0|1/2|HAYIR|%23|%36|T•K|EVET|%46|%56|TEPE_YON|FRAGMENTARY_2|DONGU_TERS>VADI>TEPE|PATTERN_BREAK:0,59|EVET|%35|1|HAYIR|%19|EVET|%36|3|EVET|%9|EVET|%29|1|HAYIR|%23|EVET|%42|3|EVET|%23|EVET|%36|3|EVET|%28|EVET|%43|3|EVET|%19|EVET|%32|4|HAYIR|%14|EVET|%34|4|HAYIR|%28|EVET|%27|1|HAYIR|%14|EVET|%26|2|HAYIR|%23|EVET|%28|3|EVET|%33|EVET|%59|3|EVET|%19|EVET|%26|1|HAYIR|%19|EVET|%32
305|2026-07-29 19:55:42|3|2/4|HAYIR|%40|%16|EVET|%23|%30|0|HAYIR|%0|HAYIR|%0|2/3|HAYIR|%23|%31|T•B|EVET|%46|%53|VADI_YON|FRAGMENTARY_2|DONGU_TERS>VADI>VADI|PATTERN_BREAK:0,59|EVET|%38|2|HAYIR|%18|EVET|%31|3|HAYIR|%13|EVET|%32|2|HAYIR|%22|EVET|%100|2|HAYIR|%27|EVET|%37|2|HAYIR|%31|EVET|%42|2|HAYIR|%22|EVET|%55|4|EVET|%13|EVET|%31|4|EVET|%27|EVET|%36|1|HAYIR|%13|EVET|%28|2|HAYIR|%22|EVET|%39|2|HAYIR|%36|EVET|%85|3|HAYIR|%22|EVET|%27|3|HAYIR|%18|EVET|%27
306|2026-07-29 19:55:43|4|4/3|HAYIR|%40|%16|HAYIR|%23|%35|0|HAYIR|%0|HAYIR|%0|3/2|HAYIR|%23|%35|T•B|HAYIR|%46|%53|VADI_YON|FRAGMENTARY_2|VADI>VADI>VADI|PATTERN_BREAK:0,59|EVET|%44|3|HAYIR|%17|EVET|%35|3|HAYIR|%13|EVET|%32|3|HAYIR|%21|EVET|%82|4|HAYIR|%26|EVET|%31|3|HAYIR|%30|EVET|%34|3|HAYIR|%21|EVET|%42|2|EVET|%17|EVET|%29|4|HAYIR|%30|EVET|%42|4|HAYIR|%13|EVET|%27|3|HAYIR|%21|EVET|%33|2|EVET|%34|EVET|%58|3|HAYIR|%21|EVET|%27|4|HAYIR|%17|EVET|%30
307|2026-07-29 19:55:44|2|2/4|EVET|%40|%17|HAYIR|%23|%26|0|HAYIR|%0|HAYIR|%0|1/2|HAYIR|%23|%30|C•B|EVET|%46|%52|VADI_YON|FRAGMENTARY_2|TEPE>TEPE>VADI|PATTERN_BREAK:0,59|EVET|%37|1|HAYIR|%16|EVET|%30|3|HAYIR|%12|EVET|%31|1|HAYIR|%20|EVET|%45|4|HAYIR|%25|EVET|%34|3|HAYIR|%29|EVET|%31|2|EVET|%20|EVET|%32|4|HAYIR|%20|EVET|%34|4|HAYIR|%29|EVET|%27|4|HAYIR|%12|EVET|%27|3|HAYIR|%20|EVET|%25|1|HAYIR|%37|EVET|%84|3|HAYIR|%20|EVET|%26|4|HAYIR|%16|EVET|%29
308|2026-07-29 19:55:46|2|3/4|HAYIR|%40|%16|HAYIR|%23|%43|0|HAYIR|%0|HAYIR|%0|3/1|HAYIR|%23|%42|T•B|EVET|%46|%59|TEPE_YON|FRAGMENTARY_2|BLOK_TERS>TEPE>TEPE|PATTERN_BREAK:0,59|EVET|%64|3|HAYIR|%16|EVET|%42|3|HAYIR|%12|EVET|%32|3|HAYIR|%20|EVET|%40|3|HAYIR|%24|EVET|%51|2|HAYIR|%28|EVET|%43|3|HAYIR|%24|EVET|%39|3|HAYIR|%20|EVET|%34|3|HAYIR|%28|EVET|%38|4|HAYIR|%12|EVET|%26|3|HAYIR|%20|EVET|%36|3|HAYIR|%36|EVET|%72|3|HAYIR|%20|EVET|%26|3|HAYIR|%16|EVET|%35
309|2026-07-29 19:55:46|1|3/1|HAYIR|%40|%16|EVET|%23|%38|0|HAYIR|%0|HAYIR|%0|1/2|EVET|%23|%38|C•B|HAYIR|%46|%54|VADI_YON|FRAGMENTARY_2|VADI>TEPE>VADI|PATTERN_BREAK:0,59|EVET|%41|1|EVET|%15|EVET|%38|3|HAYIR|%11|EVET|%30|2|HAYIR|%19|EVET|%39|4|HAYIR|%23|EVET|%32|3|HAYIR|%26|EVET|%43|1|EVET|%23|EVET|%33|4|HAYIR|%19|EVET|%33|1|EVET|%26|EVET|%31|1|EVET|%11|EVET|%26|3|HAYIR|%19|EVET|%29|3|HAYIR|%34|EVET|%68|3|HAYIR|%19|EVET|%26|1|EVET|%15|EVET|%36
310|2026-07-29 19:55:47|1|3/1|EVET|%40|%17|HAYIR|%23|%43|0|HAYIR|%0|HAYIR|%0|3/1|EVET|%24|%50|T•K|EVET|%46|%53|DONGU_TERS_YON|FRAGMENTARY_2|VADI>TEPE>DONGU_TERS|PATTERN_BREAK:0,59|EVET|%68|3|EVET|%18|EVET|%50|3|EVET|%11|EVET|%30|3|EVET|%18|EVET|%35|3|EVET|%22|EVET|%46|2|HAYIR|%25|EVET|%43|3|EVET|%25|EVET|%43|3|EVET|%18|EVET|%39|3|EVET|%29|EVET|%33|1|HAYIR|%14|EVET|%28|3|EVET|%18|EVET|%36|3|EVET|%33|EVET|%86|3|EVET|%18|EVET|%26|3|EVET|%18|EVET|%38
311|2026-07-29 19:55:49|3|1/4|HAYIR|%40|%17|HAYIR|%23|%31|0|HAYIR|%0|HAYIR|%0|1/4|HAYIR|%24|%32|C•K|HAYIR|%46|%52|TEPE_YON|FRAGMENTARY_2|TEPE>TEPE>TEPE|PATTERN_BREAK:0,59|EVET|%35|1|HAYIR|%21|EVET|%32|3|EVET|%14|EVET|%31|1|HAYIR|%21|EVET|%47|2|HAYIR|%25|EVET|%29|1|HAYIR|%25|EVET|%30|1|HAYIR|%28|EVET|%36|4|HAYIR|%21|EVET|%33|4|HAYIR|%32|EVET|%27|1|HAYIR|%14|EVET|%27|1|HAYIR|%21|EVET|%30|3|EVET|%35|EVET|%37|1|HAYIR|%21|EVET|%26|4|HAYIR|%21|EVET|%32
312|2026-07-29 19:55:49|3|2/3|EVET|%40|%17|HAYIR|%23|%36|0|HAYIR|%0|HAYIR|%0|2/3|EVET|%24|%48|T•K|EVET|%46|%52|TEPE_YON|FRAGMENTARY_2|TEPE>TEPE>TEPE|PATTERN_BREAK:0,59|EVET|%42|2|EVET|%20|EVET|%48|3|HAYIR|%17|EVET|%31|2|EVET|%20|EVET|%65|2|EVET|%24|EVET|%41|2|EVET|%24|EVET|%34|2|EVET|%27|EVET|%52|2|EVET|%20|EVET|%36|3|HAYIR|%31|EVET|%37|1|HAYIR|%13|EVET|%27|2|EVET|%20|EVET|%39|2|EVET|%37|EVET|%73|4|HAYIR|%20|EVET|%26|1|HAYIR|%20|EVET|%31
313|2026-07-29 19:55:51|2|3|HAYIR|%40|%17|HAYIR|%23|%71|0|HAYIR|%0|HAYIR|%0|3/4|HAYIR|%24|%44|T•B|HAYIR|%46|%51|DONGU_YON|FRAGMENTARY_2|DALGA_TEK_SIM_1>VADI>DONGU||HAYIR|%66|3|HAYIR|%23|EVET|%44|3|HAYIR|%16|EVET|%30|3|HAYIR|%23|EVET|%42|2|EVET|%26|EVET|%34|3|HAYIR|%26|EVET|%44|3|HAYIR|%30|EVET|%60|4|HAYIR|%23|EVET|%33|1|HAYIR|%30|EVET|%26|3|HAYIR|%13|EVET|%26|3|HAYIR|%23|EVET|%34|3|HAYIR|%40|EVET|%83|1|HAYIR|%20|EVET|%26|4|HAYIR|%20|EVET|%27
314|2026-07-29 19:55:51|2|3/4|HAYIR|%40|%17|EVET|%23|%39|0|HAYIR|%0|HAYIR|%0|3/1|HAYIR|%24|%37|C•B|EVET|%46|%53|DONGU_YON|FRAGMENTARY_2|BLOK_DUZ>VADI>DONGU||HAYIR|%47|3|HAYIR|%22|EVET|%37|3|HAYIR|%16|EVET|%29|4|EVET|%22|EVET|%46|4|EVET|%29|EVET|%33|2|HAYIR|%25|EVET|%25|1|HAYIR|%29|EVET|%28|3|HAYIR|%22|EVET|%29|3|HAYIR|%29|EVET|%37|2|HAYIR|%12|EVET|%25|3|HAYIR|%22|EVET|%28|4|EVET|%38|EVET|%45|1|HAYIR|%19|EVET|%26|1|HAYIR|%19|EVET|%33
315|2026-07-29 19:56:09|4|1/2|HAYIR|%40|%17|HAYIR|%23|%37|0|HAYIR|%0|HAYIR|%0|1/2|HAYIR|%24|%38|T•K|EVET|%46|%51|DONGU_YON|FRAGMENTARY_2|BLOK_DUZ>VADI>DONGU|PATTERN_BREAK:0,59|EVET|%55|1|HAYIR|%21|EVET|%38|4|HAYIR|%15|EVET|%30|4|HAYIR|%25|EVET|%49|1|HAYIR|%31|EVET|%29|1|HAYIR|%25|EVET|%41|1|HAYIR|%28|EVET|%52|2|HAYIR|%21|EVET|%33|4|HAYIR|%28|EVET|%27|2|HAYIR|%12|EVET|%26|1|HAYIR|%21|EVET|%28|1|HAYIR|%40|EVET|%37|4|HAYIR|%18|EVET|%26|4|HAYIR|%18|EVET|%27
316|2026-07-29 19:56:10|3|4/2|HAYIR|%40|%17|EVET|%23|%33|0|HAYIR|%0|HAYIR|%0|3/1|HAYIR|%23|%33|C•K|EVET|%47|%51|DONGU_YON|FRAGMENTARY_2|TEPE>TEPE>DONGU|PATTERN_BREAK:0,59|EVET|%30|3|HAYIR|%21|EVET|%33|3|HAYIR|%15|EVET|%29|4|HAYIR|%24|EVET|%69|2|EVET|%30|EVET|%35|3|HAYIR|%24|EVET|%44|3|HAYIR|%27|EVET|%45|4|HAYIR|%21|EVET|%33|2|EVET|%27|EVET|%32|1|HAYIR|%12|EVET|%26|4|HAYIR|%21|EVET|%28|4|HAYIR|%39|EVET|%66|4|HAYIR|%18|EVET|%26|1|HAYIR|%18|EVET|%30
317|2026-07-29 19:56:12|2|4/2|HAYIR|%40|%17|HAYIR|%23|%31|0|HAYIR|%0|HAYIR|%0|2/3|HAYIR|%23|%37|C•K|HAYIR|%47|%55|TEPE_YON|FRAGMENTARY_2|BLOK_TERS>VADI>TEPE|PATTERN_BREAK:0,59|EVET|%46|2|HAYIR|%20|EVET|%37|3|EVET|%14|EVET|%30|2|HAYIR|%23|EVET|%77|4|HAYIR|%32|EVET|%46|2|HAYIR|%23|EVET|%44|2|HAYIR|%26|EVET|%45|4|HAYIR|%20|EVET|%33|4|HAYIR|%29|EVET|%31|4|HAYIR|%11|EVET|%27|2|HAYIR|%20|EVET|%34|3|EVET|%38|EVET|%46|3|EVET|%17|EVET|%27|2|HAYIR|%17|EVET|%30
318|2026-07-29 19:56:16|3|2/4|EVET|%40|%17|HAYIR|%23|%43|0|HAYIR|%0|HAYIR|%0|2/4|EVET|%24|%41|T•B|HAYIR|%46|%54|DONGU_YON|FRAGMENTARY_2|VADI>DONGU_TERS>DONGU|PATTERN_BREAK:0,59|EVET|%53|2|EVET|%20|EVET|%41|3|HAYIR|%17|EVET|%28|4|HAYIR|%22|EVET|%36|2|EVET|%31|EVET|%35|2|EVET|%22|EVET|%44|2|EVET|%25|EVET|%52|4|HAYIR|%20|EVET|%31|4|HAYIR|%28|EVET|%34|2|EVET|%11|EVET|%26|2|EVET|%20|EVET|%35|2|EVET|%40|EVET|%78|3|HAYIR|%20|EVET|%27|4|HAYIR|%17|EVET|%29
319|2026-07-29 19:56:17|2|4/2|EVET|%41|%17|HAYIR|%23|%38|0|HAYIR|%0|HAYIR|%0|2/3|HAYIR|%24|%35|C•B|EVET|%47|%61|VADI_YON|FRAGMENTARY_2|VADI>TEPE>VADI|PATTERN_BREAK:0,59|EVET|%44|2|HAYIR|%22|EVET|%35|3|HAYIR|%16|EVET|%36|2|HAYIR|%22|EVET|%42|2|HAYIR|%33|EVET|%41|2|HAYIR|%25|EVET|%44|2|HAYIR|%27|EVET|%38|4|EVET|%19|EVET|%31|2|HAYIR|%27|EVET|%30|3|HAYIR|%13|EVET|%26|2|HAYIR|%22|EVET|%34|4|EVET|%41|EVET|%68|3|HAYIR|%19|EVET|%27|3|HAYIR|%16|EVET|%29
320|2026-07-29 19:56:18|4|1/2|HAYIR|%40|%17|HAYIR|%23|%46|0|HAYIR|%0|HAYIR|%0|3/1|EVET|%24|%39|T•K|EVET|%47|%57|TEPE_YON|FRAGMENTARY_2|DALGA_TEK_SIM_3>TEPE>TEPE|PATTERN_BREAK:0,59|EVET|%60|3|EVET|%21|EVET|%39|3|EVET|%16|EVET|%30|3|EVET|%21|EVET|%56|1|HAYIR|%32|EVET|%36|3|EVET|%24|EVET|%44|3|EVET|%27|EVET|%43|2|HAYIR|%21|EVET|%32|2|HAYIR|%27|EVET|%37|3|EVET|%13|EVET|%27|3|EVET|%21|EVET|%31|1|HAYIR|%43|EVET|%79|3|EVET|%18|EVET|%27|3|EVET|%16|EVET|%26
321|2026-07-29 19:56:22|3|4|HAYIR|%40|%17|HAYIR|%23|%65|0|HAYIR|%0|HAYIR|%0|4/2|HAYIR|%24|%42|C•B|EVET|%47|%51|DONGU_YON|FRAGMENTARY_2|VADI>DONGU>DONGU||HAYIR|%61|4|HAYIR|%23|EVET|%42|2|EVET|%18|EVET|%27|4|HAYIR|%23|EVET|%67|2|EVET|%31|EVET|%40|4|HAYIR|%26|EVET|%44|4|HAYIR|%28|EVET|%69|2|EVET|%21|EVET|%32|2|EVET|%26|EVET|%33|2|EVET|%15|EVET|%27|4|HAYIR|%23|EVET|%39|4|HAYIR|%42|EVET|%63|3|HAYIR|%21|EVET|%27|1|HAYIR|%18|EVET|%27
322|2026-07-29 19:56:24|2|3/4|HAYIR|%41|%17|EVET|%23|%55|0|HAYIR|%0|HAYIR|%0|3/2|HAYIR|%24|%44|C•B|EVET|%47|%52|ZIGZAK_KOM_SALINIMM|FRAGMENTARY_2|VADI>DONGU>ZIGZAK_KOM||HAYIR|%58|3|HAYIR|%23|EVET|%44|3|HAYIR|%20|EVET|%29|3|HAYIR|%23|EVET|%55|4|EVET|%33|EVET|%42|2|HAYIR|%25|EVET|%32|3|HAYIR|%28|EVET|%42|4|EVET|%23|EVET|%34|2|HAYIR|%28|EVET|%31|4|EVET|%17|EVET|%27|3|HAYIR|%23|EVET|%32|3|HAYIR|%41|EVET|%65|3|HAYIR|%20|EVET|%27|4|EVET|%17|EVET|%29
323|2026-07-29 19:56:25|4|1/2|HAYIR|%41|%17|EVET|%23|%59|0|HAYIR|%0|HAYIR|%0|3/1|HAYIR|%24|%32|T•B|HAYIR|%47|%55|DONGU_YON|FRAGMENTARY_2|TEPE>DONGU>DONGU||HAYIR|%69|3|HAYIR|%22|EVET|%32|2|EVET|%20|EVET|%29|3|HAYIR|%22|EVET|%55|1|HAYIR|%35|EVET|%37|2|EVET|%25|EVET|%28|1|HAYIR|%27|EVET|%42|3|HAYIR|%25|EVET|%31|2|EVET|%27|EVET|%33|3|HAYIR|%20|EVET|%29|2|EVET|%22|EVET|%29|1|HAYIR|%40|EVET|%71|3|HAYIR|%20|EVET|%27|3|HAYIR|%20|EVET|%31
324|2026-07-29 19:56:26|2|4/3|HAYIR|%41|%17|HAYIR|%23|%34|0|HAYIR|%0|HAYIR|%0|4/2|HAYIR|%24|%40|T•B|EVET|%47|%64|DONGU_YON|FRAGMENTARY_2|TEPE>DONGU>DONGU|PATTERN_BREAK:0,59|EVET|%36|4|HAYIR|%21|EVET|%40|3|HAYIR|%21|EVET|%27|4|HAYIR|%21|EVET|%81|3|HAYIR|%34|EVET|%33|4|HAYIR|%26|EVET|%32|4|HAYIR|%26|EVET|%46|4|HAYIR|%24|EVET|%36|2|HAYIR|%29|EVET|%32|4|HAYIR|%19|EVET|%29|4|HAYIR|%24|EVET|%37|4|HAYIR|%39|EVET|%61|4|HAYIR|%19|EVET|%26|2|HAYIR|%19|EVET|%30
325|2026-07-29 19:56:27|1|1/4|HAYIR|%40|%17|HAYIR|%23|%31|0|HAYIR|%0|HAYIR|%0|1/4|HAYIR|%23|%56|C•B|EVET|%47|%55|DONGU_TERS_YON|FRAGMENTARY_2|BLOK_TERS>TEPE>DONGU_TERS|PATTERN_BREAK:0,59|EVET|%44|1|HAYIR|%21|EVET|%56|4|HAYIR|%21|EVET|%26|1|HAYIR|%21|EVET|%58|4|HAYIR|%33|EVET|%48|1|HAYIR|%26|EVET|%35|1|HAYIR|%26|EVET|%68|4|HAYIR|%23|EVET|%31|4|HAYIR|%28|EVET|%34|3|EVET|%19|EVET|%27|1|HAYIR|%23|EVET|%33|1|HAYIR|%38|EVET|%99|4|HAYIR|%19|EVET|%25|1|HAYIR|%19|EVET|%41
326|2026-07-29 19:56:30|3|3/4|HAYIR|%40|%17|HAYIR|%23|%28|0|HAYIR|%0|HAYIR|%0|3/4|HAYIR|%23|%36|C•B|EVET|%48|%53|DONGU_TERS_YON|FRAGMENTARY_2|BLOK_TERS>DONGU>DONGU_TERS|PATTERN_BREAK:0,59|EVET|%33|3|HAYIR|%20|EVET|%36|3|HAYIR|%20|EVET|%29|1|HAYIR|%20|EVET|%48|4|HAYIR|%32|EVET|%35|2|EVET|%25|EVET|%32|3|HAYIR|%25|EVET|%33|2|EVET|%23|EVET|%34|4|HAYIR|%27|EVET|%29|2|EVET|%20|EVET|%29|2|EVET|%23|EVET|%28|3|HAYIR|%37|EVET|%63|4|HAYIR|%18|EVET|%26|3|HAYIR|%18|EVET|%29
327|2026-07-29 19:56:30|2|3/4|HAYIR|%40|%17|HAYIR|%23|%30|0|HAYIR|%0|HAYIR|%0|3/4|HAYIR|%23|%36|C•K|EVET|%48|%53|DONGU_TERS_YON|FRAGMENTARY_2|VADI>VADI>DONGU_TERS|PATTERN_BREAK:0,59|EVET|%41|3|HAYIR|%20|EVET|%36|2|EVET|%20|EVET|%28|1|HAYIR|%20|EVET|%63|4|HAYIR|%31|EVET|%44|1|HAYIR|%27|EVET|%40|3|HAYIR|%25|EVET|%35|4|HAYIR|%25|EVET|%34|4|HAYIR|%27|EVET|%26|4|HAYIR|%22|EVET|%28|1|HAYIR|%25|EVET|%27|3|HAYIR|%36|EVET|%92|4|HAYIR|%18|EVET|%25|4|HAYIR|%18|EVET|%33
328|2026-07-29 19:56:31|2|4/2|HAYIR|%40|%17|HAYIR|%23|%39|0|HAYIR|%0|HAYIR|%0|3/1|HAYIR|%23|%30|C•B|HAYIR|%48|%62|DONGU_YON|FRAGMENTARY_2|BLOK_DUZ>TEPE>DONGU|PATTERN_BREAK:0,59|EVET|%60|3|HAYIR|%20|EVET|%30|3|HAYIR|%22|EVET|%28|4|HAYIR|%20|EVET|%52|4|HAYIR|%31|EVET|%39|4|HAYIR|%26|EVET|%28|4|HAYIR|%24|EVET|%32|4|HAYIR|%24|EVET|%28|3|HAYIR|%26|EVET|%40|4|HAYIR|%22|EVET|%28|4|HAYIR|%24|EVET|%31|4|HAYIR|%35|EVET|%57|4|HAYIR|%17|EVET|%25|1|EVET|%17|EVET|%30
329|2026-07-29 19:56:32|1|3/1|HAYIR|%40|%17|HAYIR|%23|%27|0|HAYIR|%0|HAYIR|%0|1/2|HAYIR|%23|%39|C•B|EVET|%48|%51|TEPE_YON|FRAGMENTARY_2|TEPE>DONGU>TEPE|PATTERN_BREAK:0,59|EVET|%28|1|HAYIR|%19|EVET|%39|2|EVET|%21|EVET|%31|2|EVET|%19|EVET|%35|4|HAYIR|%30|EVET|%31|2|EVET|%26|EVET|%46|2|EVET|%23|EVET|%45|2|EVET|%23|EVET|%30|1|HAYIR|%26|EVET|%27|3|HAYIR|%21|EVET|%28|2|EVET|%23|EVET|%31|3|HAYIR|%34|EVET|%49|1|HAYIR|%17|EVET|%25|1|HAYIR|%19|EVET|%37
330|2026-07-29 19:56:33|2|2/3|HAYIR|%40|%17|HAYIR|%23|%28|0|HAYIR|%0|HAYIR|%0|2/3|HAYIR|%23|%42|C•B|EVET|%48|%57|VADI_YON|FRAGMENTARY_2|BLOK_TERS>ZIGZAK_KOM>VADI|PATTERN_BREAK:0,59|EVET|%26|2|HAYIR|%19|EVET|%42|3|HAYIR|%23|EVET|%39|3|HAYIR|%21|EVET|%35|1|HAYIR|%29|EVET|%43|2|HAYIR|%27|EVET|%46|2|HAYIR|%25|EVET|%60|4|EVET|%25|EVET|%33|2|HAYIR|%25|EVET|%32|4|EVET|%21|EVET|%27|2|HAYIR|%25|EVET|%32|3|HAYIR|%34|EVET|%39|3|HAYIR|%17|EVET|%26|4|EVET|%19|EVET|%34
331|2026-07-29 19:56:34|4|2/1|HAYIR|%40|%17|EVET|%23|%30|0|HAYIR|%0|HAYIR|%0|3/1|HAYIR|%23|%29|T•B|EVET|%48|%53|VADI_YON|FRAGMENTARY_2|VADI>DONGU>VADI|PATTERN_BREAK:0,59|EVET|%27|3|HAYIR|%18|EVET|%29|2|HAYIR|%22|EVET|%32|4|HAYIR|%20|EVET|%57|1|EVET|%29|EVET|%39|4|HAYIR|%27|EVET|%26|1|EVET|%25|EVET|%28|2|HAYIR|%27|EVET|%34|2|HAYIR|%25|EVET|%40|3|HAYIR|%22|EVET|%28|4|HAYIR|%25|EVET|%26|1|EVET|%33|EVET|%68|3|HAYIR|%16|EVET|%26|3|HAYIR|%20|EVET|%29
332|2026-07-29 19:56:35|1|2/4|HAYIR|%40|%16|HAYIR|%23|%29|0|HAYIR|%0|HAYIR|%0|4/1|HAYIR|%23|%33|C•K|EVET|%48|%54|DONGU_TERS_YON|FRAGMENTARY_2|TEPE>DONGU>DONGU_TERS|PATTERN_BREAK:0,59|EVET|%31|4|HAYIR|%18|EVET|%33|3|HAYIR|%22|EVET|%27|4|HAYIR|%20|EVET|%51|2|HAYIR|%30|EVET|%36|4|HAYIR|%26|EVET|%31|1|EVET|%26|EVET|%35|2|HAYIR|%26|EVET|%32|2|HAYIR|%24|EVET|%33|3|HAYIR|%22|EVET|%28|4|HAYIR|%24|EVET|%28|2|HAYIR|%34|EVET|%56|3|HAYIR|%16|EVET|%26|1|EVET|%20|EVET|%29
333|2026-07-29 19:56:36|1|3/1|HAYIR|%40|%16|HAYIR|%23|%40|0|HAYIR|%0|HAYIR|%0|3/1|HAYIR|%23|%58|T•B|HAYIR|%48|%58|VADI_YON|FRAGMENTARY_2|TEPE>DONGU_TERS>VADI|PATTERN_BREAK:0,59|EVET|%54|3|HAYIR|%18|EVET|%58|2|EVET|%22|EVET|%30|3|HAYIR|%20|EVET|%62|3|HAYIR|%30|EVET|%45|3|HAYIR|%26|EVET|%43|3|HAYIR|%28|EVET|%72|3|HAYIR|%26|EVET|%42|3|HAYIR|%24|EVET|%33|1|HAYIR|%22|EVET|%27|3|HAYIR|%24|EVET|%46|3|HAYIR|%34|EVET|%85|3|HAYIR|%16|EVET|%26|3|HAYIR|%22|EVET|%43
334|2026-07-29 19:56:39|2|3/4|EVET|%40|%17|HAYIR|%23|%32|0|HAYIR|%0|HAYIR|%0|4/3|HAYIR|%23|%38|C•B|EVET|%48|%51|VADI_YON|FRAGMENTARY_2|VADI>DONGU_TERS>VADI|PATTERN_BREAK:0,59|EVET|%49|4|HAYIR|%17|EVET|%38|3|EVET|%23|EVET|%27|3|EVET|%19|EVET|%51|3|EVET|%29|EVET|%40|2|HAYIR|%25|EVET|%30|4|HAYIR|%27|EVET|%29|4|HAYIR|%25|EVET|%35|4|HAYIR|%23|EVET|%27|4|HAYIR|%21|EVET|%28|3|EVET|%23|EVET|%29|1|HAYIR|%33|EVET|%44|3|EVET|%15|EVET|%26|4|HAYIR|%21|EVET|%39
335|2026-07-29 19:56:39|3|2/1|HAYIR|%40|%17|EVET|%23|%36|0|HAYIR|%0|HAYIR|%0|2/1|HAYIR|%23|%42|C•K|EVET|%48|%60|DONGU_TERS_YON|FRAGMENTARY_2|DONGU>DONGU_TERS>DONGU_TERS|PATTERN_BREAK:0,59|EVET|%60|2|HAYIR|%17|EVET|%42|2|HAYIR|%25|EVET|%32|2|HAYIR|%21|EVET|%44|3|HAYIR|%30|EVET|%32|1|EVET|%25|EVET|%41|1|EVET|%26|EVET|%50|2|HAYIR|%25|EVET|%36|2|HAYIR|%23|EVET|%43|2|HAYIR|%21|EVET|%30|2|HAYIR|%25|EVET|%33|1|EVET|%32|EVET|%78|3|HAYIR|%17|EVET|%26|2|HAYIR|%21|EVET|%35
336|2026-07-29 19:56:41|1|2/3|EVET|%40|%17|HAYIR|%23|%40|0|HAYIR|%0|HAYIR|%0|2/4|EVET|%23|%48|C•K|EVET|%49|%54|DONGU_TERS_YON|FRAGMENTARY_2|DONGU>DONGU>DONGU_TERS|PATTERN_BREAK:0,59|EVET|%50|2|EVET|%16|EVET|%48|3|HAYIR|%24|EVET|%27|2|EVET|%20|EVET|%40|3|HAYIR|%30|EVET|%32|2|EVET|%26|EVET|%46|2|EVET|%28|EVET|%56|2|EVET|%24|EVET|%32|2|EVET|%22|EVET|%31|2|EVET|%20|EVET|%27|2|EVET|%24|EVET|%37|2|EVET|%33|EVET|%58|3|HAYIR|%16|EVET|%26|2|EVET|%20|EVET|%36
337|2026-07-29 19:56:44|2|4/2|EVET|%40|%17|HAYIR|%23|%52|0|HAYIR|%0|HAYIR|%0|4/3|EVET|%23|%43|C•B|EVET|%49|%58|TEPE_YON|FRAGMENTARY_2|DONGU>TEPE>TEPE||HAYIR|%72|4|EVET|%18|EVET|%43|2|HAYIR|%24|EVET|%31|4|EVET|%22|EVET|%57|2|HAYIR|%29|EVET|%48|2|HAYIR|%27|EVET|%46|4|EVET|%29|EVET|%39|4|EVET|%25|EVET|%33|2|HAYIR|%24|EVET|%30|4|EVET|%22|EVET|%28|2|HAYIR|%25|EVET|%31|4|EVET|%35|EVET|%74|1|HAYIR|%16|EVET|%26|4|EVET|%22|EVET|%36
338|2026-07-29 19:56:44|4|4/3|HAYIR|%41|%17|EVET|%23|%31|0|HAYIR|%0|HAYIR|%0|4/1|HAYIR|%23|%33|C•B|EVET|%49|%54|VADI_YON|FRAGMENTARY_2|TEPE>VADI>VADI|PATTERN_BREAK:0,59|EVET|%39|4|HAYIR|%20|EVET|%33|3|EVET|%23|EVET|%28|4|HAYIR|%23|EVET|%61|2|HAYIR|%29|EVET|%41|4|HAYIR|%27|EVET|%43|4|HAYIR|%30|EVET|%55|2|HAYIR|%27|EVET|%32|2|HAYIR|%23|EVET|%39|3|EVET|%23|EVET|%27|4|HAYIR|%25|EVET|%34|1|HAYIR|%36|EVET|%76|1|HAYIR|%16|EVET|%25|3|EVET|%23|EVET|%27
339|2026-07-29 19:56:46|3|2/1|HAYIR|%41|%17|HAYIR|%23|%39|0|HAYIR|%0|HAYIR|%0|2/1|HAYIR|%23|%36|C•K|HAYIR|%49|%55|TEPE_YON|FRAGMENTARY_2|VADI>VADI>TEPE|PATTERN_BREAK:0,59|EVET|%69|2|HAYIR|%19|EVET|%36|2|HAYIR|%25|EVET|%31|2|HAYIR|%23|EVET|%43|2|HAYIR|%28|EVET|%35|1|HAYIR|%26|EVET|%41|2|HAYIR|%30|EVET|%33|2|HAYIR|%26|EVET|%35|2|HAYIR|%23|EVET|%37|2|HAYIR|%25|EVET|%30|2|HAYIR|%25|EVET|%33|4|HAYIR|%35|EVET|%58|1|HAYIR|%16|EVET|%26|2|HAYIR|%25|EVET|%32
340|2026-07-29 19:56:47|3|2/1|EVET|%41|%17|HAYIR|%23|%30|0|HAYIR|%0|HAYIR|%0|3/2|HAYIR|%23|%29|C•B|EVET|%49|%53|TEPE_YON|FRAGMENTARY_2|DONGU>DONGU_TERS>TEPE|PATTERN_BREAK:0,59|EVET|%45|3|HAYIR|%19|EVET|%29|3|HAYIR|%24|EVET|%29|1|HAYIR|%22|EVET|%39|2|EVET|%28|EVET|%51|4|HAYIR|%26|EVET|%43|4|HAYIR|%29|EVET|%37|2|EVET|%26|EVET|%43|3|HAYIR|%22|EVET|%34|2|EVET|%24|EVET|%29|2|EVET|%24|EVET|%29|3|HAYIR|%35|EVET|%79|1|HAYIR|%15|EVET|%25|2|EVET|%24|EVET|%30
341|2026-07-29 19:56:48|2|4/2|EVET|%41|%18|HAYIR|%23|%54|0|HAYIR|%0|HAYIR|%0|4/3|EVET|%23|%33|C•K|EVET|%49|%54|TEPE_YON|FRAGMENTARY_2|TEPE>VADI>TEPE||HAYIR|%81|4|EVET|%18|EVET|%33|2|HAYIR|%24|EVET|%31|3|HAYIR|%22|EVET|%57|2|HAYIR|%29|EVET|%34|4|EVET|%25|EVET|%42|4|EVET|%29|EVET|%40|4|EVET|%27|EVET|%35|3|HAYIR|%22|EVET|%29|4|EVET|%25|EVET|%29|4|EVET|%25|EVET|%30|3|HAYIR|%34|EVET|%83|1|HAYIR|%15|EVET|%25|4|EVET|%25|EVET|%32
342|2026-07-29 19:56:49|4|3/1|HAYIR|%41|%18|EVET|%23|%37|0|HAYIR|%0|HAYIR|%0|2/1|HAYIR|%23|%31|C•K|EVET|%49|%51|VADI_YON|FRAGMENTARY_2|VADI>VADI>VADI|PATTERN_BREAK:0,59|EVET|%65|2|HAYIR|%20|EVET|%31|3|HAYIR|%23|EVET|%31|2|HAYIR|%22|EVET|%42|1|EVET|%28|EVET|%41|1|EVET|%27|EVET|%40|1|EVET|%30|EVET|%45|3|HAYIR|%28|EVET|%31|2|HAYIR|%22|EVET|%31|3|HAYIR|%27|EVET|%29|2|HAYIR|%27|EVET|%30|1|EVET|%33|EVET|%68|1|EVET|%15|EVET|%25|3|HAYIR|%27|EVET|%31
343|2026-07-29 19:56:50|1|2/1|HAYIR|%41|%18|HAYIR|%23|%36|0|HAYIR|%0|HAYIR|%0|1/2|HAYIR|%23|%37|C•B|EVET|%50|%51|TEPE_YON|FRAGMENTARY_2|DONGU>DONGU_TERS>TEPE|PATTERN_BREAK:0,59|EVET|%43|1|HAYIR|%20|EVET|%37|2|HAYIR|%23|EVET|%29|2|HAYIR|%21|EVET|%41|2|HAYIR|%30|EVET|%34|2|HAYIR|%28|EVET|%46|2|HAYIR|%31|EVET|%52|2|HAYIR|%28|EVET|%34|1|HAYIR|%21|EVET|%30|2|HAYIR|%26|EVET|%28|2|HAYIR|%26|EVET|%36|1|HAYIR|%35|EVET|%50|3|EVET|%16|EVET|%26|1|HAYIR|%26|EVET|%35
344|2026-07-29 19:56:51|3|2/3|HAYIR|%41|%17|HAYIR|%23|%33|0|HAYIR|%0|HAYIR|%0|4/3|EVET|%23|%36|C•K|EVET|%50|%56|TEPE_YON|FRAGMENTARY_2|TEPE>DONGU_TERS>TEPE|PATTERN_BREAK:0,59|EVET|%43|4|EVET|%19|EVET|%36|3|HAYIR|%22|EVET|%28|4|EVET|%21|EVET|%91|2|HAYIR|%29|EVET|%42|2|HAYIR|%27|EVET|%33|4|EVET|%31|EVET|%40|2|HAYIR|%27|EVET|%34|2|HAYIR|%21|EVET|%31|2|HAYIR|%26|EVET|%30|4|EVET|%26|EVET|%33|2|HAYIR|%34|EVET|%78|3|HAYIR|%18|EVET|%26|3|HAYIR|%26|EVET|%27
345|2026-07-29 19:56:54|4|2/3|HAYIR|%41|%17|EVET|%23|%48|0|HAYIR|%0|HAYIR|%0|2/3|HAYIR|%23|%53|C•K|HAYIR|%50|%58|VADI_YON|FRAGMENTARY_2|BLOK_TERS>TEPE>VADI|PATTERN_BREAK:0,59|EVET|%68|2|HAYIR|%20|EVET|%53|4|HAYIR|%22|EVET|%27|2|HAYIR|%22|EVET|%74|2|HAYIR|%29|EVET|%30|2|HAYIR|%27|EVET|%45|2|HAYIR|%32|EVET|%69|3|EVET|%27|EVET|%30|2|HAYIR|%20|EVET|%26|3|EVET|%25|EVET|%28|2|HAYIR|%27|EVET|%43|2|HAYIR|%33|EVET|%72|3|EVET|%17|EVET|%26|2|HAYIR|%25|EVET|%31
346|2026-07-29 19:56:54|3|3/1|EVET|%41|%18|HAYIR|%23|%29|0|HAYIR|%0|HAYIR|%0|3/1|EVET|%23|%29|C•K|HAYIR|%49|%53|DONGU_TERS_YON|FRAGMENTARY_2|VADI>VADI>DONGU_TERS|PATTERN_BREAK:0,59|EVET|%42|3|EVET|%20|EVET|%29|3|EVET|%22|EVET|%29|1|HAYIR|%22|EVET|%46|4|HAYIR|%28|EVET|%41|2|HAYIR|%26|EVET|%28|1|HAYIR|%31|EVET|%26|2|HAYIR|%28|EVET|%33|2|HAYIR|%20|EVET|%32|2|HAYIR|%26|EVET|%30|2|HAYIR|%26|EVET|%26|3|EVET|%33|EVET|%65|3|EVET|%19|EVET|%27|2|HAYIR|%25|EVET|%30
347|2026-07-29 19:56:55|3|2/1|HAYIR|%41|%18|EVET|%23|%54|0|HAYIR|%0|HAYIR|%0|2/1|HAYIR|%23|%38|C•K|EVET|%50|%59|DONGU_TERS_YON|FRAGMENTARY_2|VADI>TEPE>DONGU_TERS||HAYIR|%78|2|HAYIR|%21|EVET|%38|2|HAYIR|%23|EVET|%27|1|EVET|%21|EVET|%44|2|HAYIR|%28|EVET|%56|2|HAYIR|%26|EVET|%32|2|HAYIR|%31|EVET|%37|2|HAYIR|%28|EVET|%45|3|HAYIR|%20|EVET|%37|2|HAYIR|%26|EVET|%29|2|HAYIR|%26|EVET|%34|3|HAYIR|%34|EVET|%73|3|HAYIR|%20|EVET|%27|2|HAYIR|%25|EVET|%35
348|2026-07-29 19:56:57|1|3/2|HAYIR|%41|%18|HAYIR|%23|%40|0|HAYIR|%0|HAYIR|%0|3/2|HAYIR|%23|%44|T•B|EVET|%50|%53|DONGU_TERS_YON|FRAGMENTARY_2|TEPE>TEPE>DONGU_TERS|PATTERN_BREAK:0,59|EVET|%50|3|HAYIR|%21|EVET|%44|3|HAYIR|%23|EVET|%30|3|HAYIR|%23|EVET|%71|2|HAYIR|%27|EVET|%42|3|HAYIR|%26|EVET|%45|3|HAYIR|%30|EVET|%67|2|HAYIR|%27|EVET|%32|3|HAYIR|%20|EVET|%33|3|HAYIR|%26|EVET|%28|3|HAYIR|%26|EVET|%42|2|HAYIR|%33|EVET|%98|3|HAYIR|%20|EVET|%27|2|HAYIR|%24|EVET|%40
349|2026-07-29 19:56:58|4|4/1|HAYIR|%41|%18|HAYIR|%23|%30|0|HAYIR|%0|HAYIR|%0|4/3|HAYIR|%23|%41|C•B|EVET|%50|%51|VADI_YON|FRAGMENTARY_2|TEPE>TEPE>VADI|PATTERN_BREAK:0,59|EVET|%52|4|HAYIR|%21|EVET|%41|2|HAYIR|%22|EVET|%27|4|HAYIR|%22|EVET|%52|4|HAYIR|%27|EVET|%43|4|HAYIR|%25|EVET|%31|4|HAYIR|%30|EVET|%43|3|EVET|%27|EVET|%32|4|HAYIR|%19|EVET|%29|3|EVET|%25|EVET|%30|4|HAYIR|%25|EVET|%34|4|HAYIR|%33|EVET|%61|3|EVET|%19|EVET|%27|4|HAYIR|%24|EVET|%36
350|2026-07-29 19:56:58|3|2/3|EVET|%41|%18|HAYIR|%23|%32|0|HAYIR|%0|HAYIR|%0|2/3|EVET|%23|%34|T•K|EVET|%50|%54|TEPE_YON|FRAGMENTARY_2|VADI>VADI>TEPE|PATTERN_BREAK:0,59|EVET|%42|2|EVET|%20|EVET|%34|3|HAYIR|%22|EVET|%31|2|EVET|%22|EVET|%66|3|HAYIR|%26|EVET|%33|2|EVET|%25|EVET|%44|2|EVET|%29|EVET|%49|2|EVET|%28|EVET|%32|3|HAYIR|%19|EVET|%30|2|EVET|%26|EVET|%28|2|EVET|%25|EVET|%37|3|HAYIR|%32|EVET|%71|4|HAYIR|%20|EVET|%25|3|HAYIR|%23|EVET|%32
351|2026-07-29 19:57:00|2|2/4|EVET|%42|%18|HAYIR|%23|%31|0|HAYIR|%0|HAYIR|%0|2/4|EVET|%24|%34|C•B|EVET|%50|%62|DONGU_YON|FRAGMENTARY_2|BLOK_DUZ>TEPE>DONGU|PATTERN_BREAK:0,59|EVET|%39|2|EVET|%22|EVET|%34|3|HAYIR|%22|EVET|%27|2|EVET|%23|EVET|%56|4|HAYIR|%26|EVET|%37|2|EVET|%26|EVET|%45|2|EVET|%30|EVET|%60|4|HAYIR|%29|EVET|%36|4|HAYIR|%19|EVET|%27|4|HAYIR|%27|EVET|%30|2|EVET|%26|EVET|%34|3|HAYIR|%32|EVET|%64|4|HAYIR|%20|EVET|%25|4|HAYIR|%23|EVET|%35
352|2026-07-29 19:57:01|2|1/4|HAYIR|%42|%18|EVET|%23|%36|0|HAYIR|%0|HAYIR|%0|1/3|HAYIR|%24|%50|T•B|EVET|%50|%58|BLOK_TERS_TEKRAR|FRAGMENTARY_2|TEPE>TEPE>BLOK_TERS|REGIME_SHIFT:0,75,PATTERN_BREAK:0,59|EVET|%47|1|HAYIR|%23|EVET|%50|3|HAYIR|%21|EVET|%29|4|EVET|%24|EVET|%40|4|EVET|%26|EVET|%40|1|HAYIR|%27|EVET|%40|1|HAYIR|%31|EVET|%64|1|HAYIR|%28|EVET|%29|3|HAYIR|%18|EVET|%38|4|EVET|%27|EVET|%30|1|HAYIR|%27|EVET|%35|4|EVET|%31|EVET|%53|4|EVET|%20|EVET|%25|1|HAYIR|%23|EVET|%34
353|2026-07-29 19:57:04|4|3/2|HAYIR|%42|%18|HAYIR|%23|%35|0|HAYIR|%0|HAYIR|%0|3/1|HAYIR|%24|%41|T•B|EVET|%50|%63|VADI_YON|FRAGMENTARY_2|DONGU_TERS>VADI>VADI|REGIME_SHIFT:0,50,PATTERN_BREAK:0,59|EVET|%49|3|HAYIR|%22|EVET|%41|2|HAYIR|%21|EVET|%27|2|HAYIR|%25|EVET|%33|3|HAYIR|%27|EVET|%31|3|HAYIR|%27|EVET|%32|3|HAYIR|%31|EVET|%44|3|HAYIR|%28|EVET|%34|3|HAYIR|%18|EVET|%33|3|HAYIR|%28|EVET|%31|3|HAYIR|%27|EVET|%34|3|HAYIR|%32|EVET|%43|4|HAYIR|%21|EVET|%25|3|HAYIR|%22|EVET|%31
354|2026-07-29 19:57:04|1|3/2|HAYIR|%41|%18|HAYIR|%23|%42|0|HAYIR|%0|HAYIR|%0|1/2|HAYIR|%23|%30|C•K|EVET|%51|%57|VADI_YON|FRAGMENTARY_2|VADI>DONGU_TERS>VADI||HAYIR|%50|1|HAYIR|%22|EVET|%30|3|HAYIR|%21|EVET|%29|2|HAYIR|%25|EVET|%29|3|HAYIR|%26|EVET|%42|2|HAYIR|%26|EVET|%45|2|HAYIR|%30|EVET|%49|2|HAYIR|%28|EVET|%31|2|HAYIR|%18|EVET|%32|3|HAYIR|%28|EVET|%27|2|HAYIR|%26|EVET|%32|1|HAYIR|%32|EVET|%49|4|EVET|%21|EVET|%25|1|HAYIR|%22|EVET|%31
355|2026-07-29 19:57:05|4|4/3|HAYIR|%41|%18|HAYIR|%23|%30|0|HAYIR|%0|HAYIR|%0|4/3|HAYIR|%23|%39|C•B|EVET|%51|%61|TEPE_YON|FRAGMENTARY_2|TEPE>DONGU_TERS>TEPE|PATTERN_BREAK:0,59|EVET|%41|4|HAYIR|%22|EVET|%39|2|EVET|%20|EVET|%28|4|HAYIR|%25|EVET|%63|3|HAYIR|%26|EVET|%33|3|HAYIR|%26|EVET|%32|3|HAYIR|%30|EVET|%39|3|HAYIR|%27|EVET|%33|2|EVET|%18|EVET|%28|3|HAYIR|%27|EVET|%31|4|HAYIR|%26|EVET|%32|3|HAYIR|%31|EVET|%51|4|HAYIR|%22|EVET|%25|3|HAYIR|%22|EVET|%33
356|2026-07-29 19:57:10|2|3/2|HAYIR|%41|%18|HAYIR|%23|%27|0|HAYIR|%0|HAYIR|%0|2/3|HAYIR|%23|%33|T•B|EVET|%51|%63|BLOK_TERS_TEKRAR|FRAGMENTARY_2|TEPE>DONGU_TERS>BLOK_TERS|REGIME_SHIFT:0,75,PATTERN_BREAK:0,59|EVET|%34|2|HAYIR|%21|EVET|%33|4|HAYIR|%21|EVET|%28|3|HAYIR|%24|EVET|%47|1|EVET|%26|EVET|%34|3|HAYIR|%26|EVET|%44|3|HAYIR|%30|EVET|%46|4|HAYIR|%27|EVET|%36|3|HAYIR|%19|EVET|%28|4|HAYIR|%27|EVET|%31|3|HAYIR|%26|EVET|%33|1|EVET|%31|EVET|%40|3|HAYIR|%21|EVET|%26|2|HAYIR|%21|EVET|%28
357|2026-07-29 19:57:11|1|1/4|HAYIR|%41|%18|HAYIR|%23|%44|0|HAYIR|%0|HAYIR|%0|1/4|HAYIR|%23|%51|T•B|EVET|%51|%63|BLOK_TERS_TEKRAR|FRAGMENTARY_2|BLOK_TERS>VADI>BLOK_TERS||HAYIR|%60|1|HAYIR|%21|EVET|%51|3|EVET|%21|EVET|%27|1|HAYIR|%24|EVET|%49|4|HAYIR|%27|EVET|%34|1|HAYIR|%25|EVET|%41|1|HAYIR|%29|EVET|%67|2|HAYIR|%27|EVET|%30|4|HAYIR|%18|EVET|%30|2|HAYIR|%27|EVET|%26|1|HAYIR|%25|EVET|%35|1|HAYIR|%32|EVET|%99|3|EVET|%21|EVET|%26|1|HAYIR|%21|EVET|%33
358|2026-07-29 19:57:12|3|2/3|HAYIR|%41|%18|HAYIR|%23|%33|0|HAYIR|%0|HAYIR|%0|2/4|HAYIR|%23|%44|C•B|EVET|%51|%53|TEPE_YON|FRAGMENTARY_2|VADI>TEPE>TEPE|REGIME_SHIFT:0,50,PATTERN_BREAK:0,59|EVET|%44|2|HAYIR|%21|EVET|%44|3|HAYIR|%22|EVET|%28|2|HAYIR|%24|EVET|%53|4|EVET|%26|EVET|%38|2|HAYIR|%25|EVET|%45|2|HAYIR|%29|EVET|%69|2|HAYIR|%26|EVET|%34|2|HAYIR|%18|EVET|%29|2|HAYIR|%26|EVET|%30|2|HAYIR|%25|EVET|%40|2|HAYIR|%32|EVET|%52|3|HAYIR|%22|EVET|%27|4|EVET|%21|EVET|%30
359|2026-07-29 19:57:15|4|3/2|HAYIR|%41|%18|HAYIR|%23|%62|0|HAYIR|%0|HAYIR|%0|3/2|HAYIR|%23|%39|C•B|HAYIR|%51|%51|TEPE_YON|FRAGMENTARY_2|TEPE>DONGU>TEPE||HAYIR|%79|3|HAYIR|%21|EVET|%39|2|HAYIR|%22|EVET|%31|3|HAYIR|%23|EVET|%65|3|HAYIR|%27|EVET|%35|3|HAYIR|%25|EVET|%33|3|HAYIR|%28|EVET|%45|3|HAYIR|%26|EVET|%32|2|HAYIR|%18|EVET|%31|3|HAYIR|%26|EVET|%30|3|HAYIR|%25|EVET|%37|2|HAYIR|%31|EVET|%64|3|HAYIR|%22|EVET|%27|3|HAYIR|%22|EVET|%34
360|2026-07-29 19:57:16|1|4/3|HAYIR|%41|%18|EVET|%23|%28|0|HAYIR|%0|HAYIR|%0|4/1|HAYIR|%23|%32|C•B|EVET|%51|%50|VADI_YON|FRAGMENTARY_2|DONGU_TERS>BLOK_TERS>VADI|PATTERN_BREAK:0,59|EVET|%32|4|HAYIR|%20|EVET|%32|4|HAYIR|%22|EVET|%33|4|HAYIR|%23|EVET|%81|2|HAYIR|%27|EVET|%46|4|HAYIR|%24|EVET|%31|1|HAYIR|%28|EVET|%40|4|HAYIR|%25|EVET|%29|2|HAYIR|%18|EVET|%28|3|EVET|%25|EVET|%28|4|HAYIR|%24|EVET|%33|1|HAYIR|%31|EVET|%49|3|EVET|%22|EVET|%26|1|HAYIR|%22|EVET|%28
361|2026-07-29 19:57:17|3|4/2|HAYIR|%41|%17|EVET|%23|%28|0|HAYIR|%0|HAYIR|%0|4/3|HAYIR|%23|%49|C•B|EVET|%51|%53|DONGU_TERS_YON|FRAGMENTARY_2|VADI>VADI>DONGU_TERS|PATTERN_BREAK:0,59|EVET|%34|4|HAYIR|%20|EVET|%49|2|EVET|%21|EVET|%28|4|HAYIR|%23|EVET|%95|2|EVET|%26|EVET|%44|4|HAYIR|%24|EVET|%35|4|HAYIR|%28|EVET|%52|2|EVET|%25|EVET|%33|2|EVET|%17|EVET|%28|2|EVET|%26|EVET|%29|4|HAYIR|%24|EVET|%38|2|EVET|%30|EVET|%64|3|HAYIR|%23|EVET|%27|4|HAYIR|%21|EVET|%35
362|2026-07-29 19:57:31|2|4/3|HAYIR|%41|%17|EVET|%23|%25|0|HAYIR|%0|HAYIR|%0|2/4|HAYIR|%23|%30|C•B|EVET|%52|%60|VADI_YON|FRAGMENTARY_2|TEPE>VADI>VADI|PATTERN_BREAK:0,59|EVET|%34|2|HAYIR|%20|EVET|%30|3|EVET|%22|EVET|%28|2|HAYIR|%22|EVET|%38|2|HAYIR|%27|EVET|%49|1|HAYIR|%24|EVET|%41|3|EVET|%27|EVET|%32|4|HAYIR|%26|EVET|%35|3|EVET|%18|EVET|%29|4|HAYIR|%27|EVET|%30|2|HAYIR|%24|EVET|%27|3|EVET|%31|EVET|%91|3|EVET|%22|EVET|%26|4|HAYIR|%21|EVET|%34
363|2026-07-29 19:57:32|3|2/1|HAYIR|%41|%17|HAYIR|%23|%34|0|HAYIR|%0|HAYIR|%0|2/1|HAYIR|%23|%44|C•B|EVET|%52|%51|VADI_YON|FRAGMENTARY_2|TEPE>TEPE>VADI|PATTERN_BREAK:0,59|EVET|%52|2|HAYIR|%20|EVET|%44|2|HAYIR|%23|EVET|%29|2|HAYIR|%22|EVET|%31|2|HAYIR|%27|EVET|%44|2|HAYIR|%23|EVET|%32|2|HAYIR|%28|EVET|%45|2|HAYIR|%26|EVET|%34|2|HAYIR|%20|EVET|%32|2|HAYIR|%27|EVET|%30|2|HAYIR|%23|EVET|%35|2|HAYIR|%32|EVET|%82|4|EVET|%23|EVET|%25|2|HAYIR|%21|EVET|%33
364|2026-07-29 19:57:33|4|4/1|HAYIR|%41|%17|HAYIR|%23|%33|0|HAYIR|%0|HAYIR|%0|4/3|HAYIR|%23|%37|C•K|HAYIR|%52|%60|DONGU_TERS_YON|FRAGMENTARY_2|BLOK_TERS>BLOK_TERS>DONGU_TERS|PATTERN_BREAK:0,59|EVET|%50|4|HAYIR|%19|EVET|%37|3|EVET|%23|EVET|%30|4|HAYIR|%22|EVET|%36|2|HAYIR|%27|EVET|%45|4|HAYIR|%23|EVET|%35|4|HAYIR|%28|EVET|%44|3|EVET|%25|EVET|%31|3|EVET|%19|EVET|%28|3|EVET|%27|EVET|%29|4|HAYIR|%23|EVET|%27|4|HAYIR|%32|EVET|%90|4|HAYIR|%24|EVET|%25|3|EVET|%20|EVET|%31
365|2026-07-29 19:57:36|3|2/1|HAYIR|%41|%17|HAYIR|%23|%30|0|HAYIR|%0|HAYIR|%0|3/2|HAYIR|%23|%44|C•B|EVET|%52|%51|DONGU_TERS_YON|FRAGMENTARY_2|VADI>BLOK_TERS>DONGU_TERS|PATTERN_BREAK:0,59|EVET|%35|3|HAYIR|%19|EVET|%44|2|HAYIR|%24|EVET|%29|3|HAYIR|%21|EVET|%59|3|HAYIR|%26|EVET|%43|3|HAYIR|%23|EVET|%45|3|HAYIR|%28|EVET|%60|2|HAYIR|%26|EVET|%33|3|HAYIR|%20|EVET|%27|2|HAYIR|%28|EVET|%30|3|HAYIR|%23|EVET|%34|3|HAYIR|%31|EVET|%77|4|EVET|%24|EVET|%25|2|HAYIR|%21|EVET|%32
366|2026-07-29 19:57:37|4|4/1|HAYIR|%41|%17|HAYIR|%23|%28|0|HAYIR|%0|HAYIR|%0|2/3|EVET|%23|%38|C•K|EVET|%52|%61|VADI_YON|FRAGMENTARY_2|TEPE>TEPE>VADI|PATTERN_BREAK:0,59|EVET|%41|2|EVET|%19|EVET|%38|3|HAYIR|%24|EVET|%29|1|HAYIR|%21|EVET|%38|2|EVET|%26|EVET|%38|2|EVET|%22|EVET|%44|2|EVET|%27|EVET|%48|3|HAYIR|%26|EVET|%33|4|HAYIR|%20|EVET|%32|3|HAYIR|%27|EVET|%31|2|EVET|%22|EVET|%30|2|EVET|%31|EVET|%93|4|HAYIR|%25|EVET|%26|3|HAYIR|%21|EVET|%36
367|2026-07-29 19:57:39|2|1/4|HAYIR|%41|%17|HAYIR|%23|%30|0|HAYIR|%0|HAYIR|%0|1/2|HAYIR|%23|%38|T•B|EVET|%52|%61|DONGU_TERS_YON|FRAGMENTARY_2|TEPE>TEPE>DONGU_TERS|PATTERN_BREAK:0,59|EVET|%43|1|HAYIR|%20|EVET|%38|2|HAYIR|%23|EVET|%28|1|HAYIR|%21|EVET|%43|1|HAYIR|%27|EVET|%31|3|EVET|%23|EVET|%45|1|HAYIR|%28|EVET|%34|4|HAYIR|%26|EVET|%34|3|EVET|%20|EVET|%27|4|HAYIR|%27|EVET|%30|3|EVET|%23|EVET|%29|1|HAYIR|%32|EVET|%80|4|HAYIR|%25|EVET|%25|1|HAYIR|%21|EVET|%31
368|2026-07-29 19:57:45|3|4/2|HAYIR|%41|%17|HAYIR|%23|%27|0|HAYIR|%0|HAYIR|%0|1/2|EVET|%23|%36|C•B|HAYIR|%52|%52|ZIGZAK_KOM_SALINIMM|FRAGMENTARY_2|BLOK_TERS>VADI>ZIGZAK_KOM|PATTERN_BREAK:0,59|EVET|%34|1|EVET|%20|EVET|%36|3|HAYIR|%23|EVET|%35|1|EVET|%21|EVET|%72|2|HAYIR|%27|EVET|%36|1|EVET|%24|EVET|%40|1|EVET|%28|EVET|%51|2|HAYIR|%25|EVET|%32|4|HAYIR|%21|EVET|%31|2|HAYIR|%27|EVET|%29|1|EVET|%24|EVET|%30|1|EVET|%31|EVET|%89|4|HAYIR|%24|EVET|%25|4|HAYIR|%21|EVET|%30
369|2026-07-29 19:57:46|1|1/3|HAYIR|%41|%17|EVET|%23|%29|0|HAYIR|%0|HAYIR|%0|2/4|HAYIR|%23|%40|C•B|EVET|%52|%60|DONGU_TERS_YON|FRAGMENTARY_2|VADI>DONGU_TERS>DONGU_TERS|PATTERN_BREAK:0,59|EVET|%35|2|HAYIR|%20|EVET|%40|2|HAYIR|%23|EVET|%28|2|HAYIR|%22|EVET|%42|3|EVET|%26|EVET|%34|1|HAYIR|%25|EVET|%41|1|HAYIR|%29|EVET|%44|3|EVET|%25|EVET|%31|3|EVET|%20|EVET|%29|3|EVET|%26|EVET|%29|2|HAYIR|%25|EVET|%28|2|HAYIR|%32|EVET|%67|3|EVET|%24|EVET|%27|2|HAYIR|%20|EVET|%36
370|2026-07-29 19:57:47|3|4/2|EVET|%41|%17|HAYIR|%23|%32|0|HAYIR|%0|HAYIR|%0|4/3|EVET|%23|%36|T•B|EVET|%52|%55|DONGU_TERS_YON|FRAGMENTARY_2|TEPE>VADI>DONGU_TERS|PATTERN_BREAK:0,59|EVET|%46|4|EVET|%20|EVET|%36|3|HAYIR|%22|EVET|%30|4|EVET|%21|EVET|%41|2|HAYIR|%27|EVET|%32|4|EVET|%25|EVET|%31|4|EVET|%28|EVET|%40|2|HAYIR|%26|EVET|%31|2|HAYIR|%21|EVET|%28|2|HAYIR|%27|EVET|%28|4|EVET|%25|EVET|%31|2|HAYIR|%32|EVET|%51|3|HAYIR|%25|EVET|%27|4|EVET|%20|EVET|%33
371|2026-07-29 19:57:49|4|3/2|EVET|%41|%18|HAYIR|%23|%42|0|HAYIR|%0|HAYIR|%0|3/2|EVET|%23|%39|T•B|EVET|%52|%57|DONGU_TERS_YON|FRAGMENTARY_2|DONGU_TERS>VADI>DONGU_TERS|PATTERN_BREAK:0,59|EVET|%65|3|EVET|%21|EVET|%39|2|HAYIR|%22|EVET|%27|3|EVET|%22|EVET|%56|2|HAYIR|%27|EVET|%34|3|EVET|%26|EVET|%46|3|EVET|%29|EVET|%56|3|EVET|%26|EVET|%32|3|EVET|%21|EVET|%30|3|EVET|%27|EVET|%30|3|EVET|%26|EVET|%38|2|HAYIR|%31|EVET|%64|3|EVET|%25|EVET|%27|3|EVET|%21|EVET|%33
372|2026-07-29 19:57:51|3|4/3|EVET|%41|%18|HAYIR|%23|%28|0|HAYIR|%0|HAYIR|%0|3/1|HAYIR|%23|%34|C•B|EVET|%52|%58|DONGU_TERS_YON|FRAGMENTARY_2|DONGU>DONGU_TERS>DONGU_TERS|PATTERN_BREAK:0,59|EVET|%38|3|HAYIR|%22|EVET|%34|3|HAYIR|%22|EVET|%27|3|HAYIR|%23|EVET|%38|3|HAYIR|%26|EVET|%37|4|EVET|%26|EVET|%31|4|EVET|%30|EVET|%30|4|EVET|%26|EVET|%32|3|HAYIR|%22|EVET|%30|2|HAYIR|%28|EVET|%28|3|HAYIR|%26|EVET|%27|3|HAYIR|%31|EVET|%67|3|HAYIR|%25|EVET|%27|2|HAYIR|%22|EVET|%30
373|2026-07-29 19:57:52|4|2/3|HAYIR|%41|%18|EVET|%23|%60|0|HAYIR|%0|HAYIR|%0|2/3|HAYIR|%23|%52|C•K|HAYIR|%52|%62|DONGU_TERS_YON|FRAGMENTARY_2|TEPE>DONGU_TERS>DONGU_TERS||HAYIR|%56|2|HAYIR|%22|EVET|%52|2|HAYIR|%22|EVET|%27|2|HAYIR|%23|EVET|%48|2|HAYIR|%26|EVET|%42|2|HAYIR|%27|EVET|%43|2|HAYIR|%31|EVET|%76|3|EVET|%27|EVET|%34|4|HAYIR|%22|EVET|%32|3|EVET|%27|EVET|%32|2|HAYIR|%26|EVET|%41|2|HAYIR|%31|EVET|%95|3|EVET|%25|EVET|%27|3|EVET|%22|EVET|%38
374|2026-07-29 19:57:53|3|4/3|EVET|%42|%18|HAYIR|%23|%49|0|HAYIR|%0|HAYIR|%0|3/4|HAYIR|%23|%34|C•B|EVET|%52|%56|DONGU_TERS_YON|FRAGMENTARY_2|VADI>VADI>DONGU_TERS||HAYIR|%60|3|HAYIR|%21|EVET|%34|3|HAYIR|%21|EVET|%29|1|HAYIR|%23|EVET|%38|3|HAYIR|%26|EVET|%38|3|HAYIR|%27|EVET|%32|3|HAYIR|%30|EVET|%37|4|EVET|%28|EVET|%33|4|EVET|%21|EVET|%31|4|EVET|%28|EVET|%27|3|HAYIR|%26|EVET|%28|3|HAYIR|%30|EVET|%52|3|HAYIR|%26|EVET|%27|2|HAYIR|%23|EVET|%28
375|2026-07-29 19:58:03|4|3/2|EVET|%42|%18|HAYIR|%23|%47|0|HAYIR|%0|HAYIR|%0|2/3|HAYIR|%23|%48|C•K|HAYIR|%52|%59|DONGU_TERS_YON|FRAGMENTARY_2|VADI>DONGU_TERS>DONGU_TERS||HAYIR|%47|2|HAYIR|%21|EVET|%48|3|EVET|%21|EVET|%28|3|EVET|%22|EVET|%42|2|HAYIR|%26|EVET|%39|2|HAYIR|%27|EVET|%42|2|HAYIR|%30|EVET|%73|3|EVET|%29|EVET|%36|4|HAYIR|%22|EVET|%31|3|EVET|%29|EVET|%33|2|HAYIR|%26|EVET|%38|2|HAYIR|%30|EVET|%95|3|EVET|%26|EVET|%27|3|EVET|%22|EVET|%41
376|2026-07-29 19:58:04|3|4/2|HAYIR|%42|%18|EVET|%23|%55|0|HAYIR|%0|HAYIR|%0|4/3|HAYIR|%23|%32|C•B|EVET|%52|%59|DONGU_TERS_YON|FRAGMENTARY_2|TEPE>ZIGZAK_KOM>DONGU_TERS||HAYIR|%77|4|HAYIR|%21|EVET|%32|4|HAYIR|%22|EVET|%32|4|HAYIR|%23|EVET|%50|3|HAYIR|%25|EVET|%38|3|HAYIR|%26|EVET|%31|3|HAYIR|%30|EVET|%33|4|HAYIR|%30|EVET|%35|3|HAYIR|%22|EVET|%33|4|HAYIR|%30|EVET|%29|4|HAYIR|%25|EVET|%33|4|HAYIR|%30|EVET|%56|4|HAYIR|%26|EVET|%26|4|HAYIR|%23|EVET|%30
377|2026-07-29 19:58:06|2|4/3|HAYIR|%42|%18|HAYIR|%23|%36|0|HAYIR|%0|HAYIR|%0|3/2|HAYIR|%23|%29|C•B|HAYIR|%52|%56|ZIGZAK_KOM_SALINIMM|FRAGMENTARY_2|TEPE>DONGU_TERS>ZIGZAK_KOM|PATTERN_BREAK:0,59|EVET|%62|3|HAYIR|%21|EVET|%29|3|HAYIR|%22|EVET|%31|2|HAYIR|%23|EVET|%50|4|HAYIR|%25|EVET|%34|1|EVET|%26|EVET|%39|2|HAYIR|%29|EVET|%31|4|HAYIR|%29|EVET|%33|4|HAYIR|%22|EVET|%32|4|HAYIR|%29|EVET|%29|3|HAYIR|%25|EVET|%27|3|HAYIR|%29|EVET|%58|4|HAYIR|%26|EVET|%26|4|HAYIR|%23|EVET|%31
378|2026-07-29 19:58:07|1|3/1|HAYIR|%42|%18|HAYIR|%23|%27|0|HAYIR|%0|HAYIR|%0|1/3|HAYIR|%23|%51|C•K|EVET|%52|%56|ZIGZAK_KOM_SALINIMM|FRAGMENTARY_2|VADI>DONGU_TERS>ZIGZAK_KOM|PATTERN_BREAK:0,59|EVET|%32|1|HAYIR|%21|EVET|%51|4|HAYIR|%22|EVET|%33|1|HAYIR|%23|EVET|%46|4|HAYIR|%25|EVET|%33|1|HAYIR|%27|EVET|%40|1|HAYIR|%29|EVET|%68|3|HAYIR|%29|EVET|%33|4|HAYIR|%22|EVET|%36|3|HAYIR|%29|EVET|%31|1|HAYIR|%25|EVET|%30|1|HAYIR|%29|EVET|%93|4|HAYIR|%26|EVET|%26|1|HAYIR|%23|EVET|%30
379|2026-07-29 19:58:11|2|4/3|HAYIR|%42|%18|EVET|%23|%31|0|HAYIR|%0|HAYIR|%0|4/3|HAYIR|%23|%43|C•B|EVET|%53|%56|ZIGZAK_KOM_SALINIMM|FRAGMENTARY_2|DONGU>DONGU_TERS>ZIGZAK_KOM|PATTERN_BREAK:0,59|EVET|%38|4|HAYIR|%20|EVET|%43|3|EVET|%21|EVET|%34|1|HAYIR|%22|EVET|%47|1|HAYIR|%25|EVET|%31|3|EVET|%27|EVET|%30|4|HAYIR|%29|EVET|%37|4|HAYIR|%29|EVET|%31|3|EVET|%21|EVET|%31|4|HAYIR|%29|EVET|%29|3|EVET|%25|EVET|%28|4|HAYIR|%29|EVET|%33|4|HAYIR|%26|EVET|%26|4|HAYIR|%22|EVET|%40
380|2026-07-29 19:58:12|3|4/1|HAYIR|%42|%18|EVET|%24|%24|0|HAYIR|%0|HAYIR|%0|1/2|EVET|%23|%44|C•K|EVET|%53|%67|ZIGZAK_KOM_SALINIMM|FRAGMENTARY_2|VADI>DONGU_TERS>ZIGZAK_KOM|PATTERN_BREAK:0,59|EVET|%25|1|EVET|%20|EVET|%44|4|HAYIR|%22|EVET|%38|2|HAYIR|%22|EVET|%47|2|HAYIR|%24|EVET|%27|1|EVET|%27|EVET|%40|1|EVET|%28|EVET|%63|4|HAYIR|%28|EVET|%33|3|HAYIR|%22|EVET|%34|2|HAYIR|%28|EVET|%28|2|HAYIR|%25|EVET|%28|1|EVET|%28|EVET|%84|4|HAYIR|%25|EVET|%26|1|EVET|%22|EVET|%31
381|2026-07-29 19:58:12|1|2/3|EVET|%42|%18|HAYIR|%24|%55|0|HAYIR|%0|HAYIR|%0|2/3|EVET|%23|%51|C•K|EVET|%53|%54|ZIGZAK_KOM_SALINIMM|FRAGMENTARY_2|TEPE>DONGU_TERS>ZIGZAK_KOM||HAYIR|%60|2|EVET|%21|EVET|%51|3|HAYIR|%22|EVET|%32|2|EVET|%22|EVET|%59|4|HAYIR|%24|EVET|%32|2|EVET|%28|EVET|%43|2|EVET|%29|EVET|%63|3|HAYIR|%28|EVET|%32|3|HAYIR|%22|EVET|%29|3|HAYIR|%28|EVET|%30|2|EVET|%25|EVET|%37|2|EVET|%29|EVET|%67|4|HAYIR|%25|EVET|%25|2|EVET|%23|EVET|%34
382|2026-07-29 19:58:13|2|4/3|EVET|%42|%18|HAYIR|%24|%43|0|HAYIR|%0|HAYIR|%0|4/3|EVET|%24|%58|C•B|EVET|%53|%63|VADI_YON|FRAGMENTARY_2|DONGU>DONGU_TERS>VADI|PATTERN_BREAK:0,59|EVET|%73|4|EVET|%22|EVET|%58|4|EVET|%22|EVET|%28|4|EVET|%23|EVET|%83|2|HAYIR|%24|EVET|%42|4|EVET|%29|EVET|%43|4|EVET|%30|EVET|%61|3|HAYIR|%28|EVET|%31|4|EVET|%22|EVET|%32|4|EVET|%28|EVET|%28|4|EVET|%26|EVET|%43|4|EVET|%30|EVET|%81|3|HAYIR|%25|EVET|%27|4|EVET|%24|EVET|%36
383|2026-07-29 19:58:14|4|3/4|HAYIR|%42|%18|HAYIR|%23|%32|0|HAYIR|%0|HAYIR|%0|3/4|HAYIR|%23|%37|T•B|HAYIR|%53|%62|VADI_YON|FRAGMENTARY_2|DONGU_TERS>DONGU_TERS>VADI|PATTERN_BREAK:0,59|EVET|%45|3|HAYIR|%23|EVET|%37|3|HAYIR|%23|EVET|%29|3|HAYIR|%24|EVET|%50|2|EVET|%24|EVET|%28|4|HAYIR|%30|EVET|%44|4|HAYIR|%31|EVET|%45|3|HAYIR|%28|EVET|%37|3|HAYIR|%23|EVET|%35|3|HAYIR|%28|EVET|%34|3|HAYIR|%27|EVET|%33|1|HAYIR|%31|EVET|%67|3|HAYIR|%25|EVET|%27|1|HAYIR|%25|EVET|%31
384|2026-07-29 19:58:18|2|4/3|HAYIR|%42|%18|HAYIR|%23|%37|0|HAYIR|%0|HAYIR|%0|1/4|HAYIR|%23|%33|T•K|EVET|%53|%58|DONGU_YON|FRAGMENTARY_2|DONGU_TERS>DONGU_TERS>DONGU|PATTERN_BREAK:0,59|EVET|%49|1|HAYIR|%22|EVET|%33|4|HAYIR|%22|EVET|%31|4|HAYIR|%23|EVET|%57|2|EVET|%24|EVET|%32|4|HAYIR|%29|EVET|%43|4|HAYIR|%30|EVET|%43|4|HAYIR|%27|EVET|%32|3|HAYIR|%22|EVET|%33|4|HAYIR|%28|EVET|%29|4|HAYIR|%26|EVET|%34|4|HAYIR|%30|EVET|%59|3|HAYIR|%24|EVET|%27|1|HAYIR|%24|EVET|%29
385|2026-07-29 19:58:19|2|3/4|HAYIR|%42|%18|HAYIR|%23|%36|0|HAYIR|%0|HAYIR|%0|1/3|EVET|%24|%34|T•B|EVET|%53|%60|DONGU_YON|FRAGMENTARY_2|DONGU_TERS>ZIGZAK_KOM>DONGU|PATTERN_BREAK:0,59|EVET|%45|1|EVET|%22|EVET|%34|2|HAYIR|%22|EVET|%31|3|HAYIR|%23|EVET|%31|1|EVET|%25|EVET|%40|3|HAYIR|%29|EVET|%46|3|HAYIR|%30|EVET|%44|4|HAYIR|%27|EVET|%30|3|HAYIR|%22|EVET|%34|4|HAYIR|%28|EVET|%29|3|HAYIR|%26|EVET|%34|3|HAYIR|%30|EVET|%68|3|HAYIR|%24|EVET|%27|1|EVET|%24|EVET|%31
386|2026-07-29 19:58:21|1|3/1|EVET|%42|%18|HAYIR|%23|%25|0|HAYIR|%0|HAYIR|%0|1/2|HAYIR|%24|%41|C•B|EVET|%53|%52|DONGU_YON|FRAGMENTARY_2|DONGU_TERS>ZIGZAK_KOM>DONGU|PATTERN_BREAK:0,59|EVET|%32|1|HAYIR|%23|EVET|%41|4|HAYIR|%22|EVET|%39|1|HAYIR|%23|EVET|%31|4|HAYIR|%26|EVET|%44|3|EVET|%29|EVET|%33|1|HAYIR|%30|EVET|%40|2|HAYIR|%27|EVET|%31|4|HAYIR|%22|EVET|%29|3|EVET|%28|EVET|%30|3|EVET|%26|EVET|%29|3|EVET|%30|EVET|%48|3|EVET|%24|EVET|%27|2|HAYIR|%25|EVET|%29
387|2026-07-29 19:58:22|3|2/4|EVET|%42|%19|HAYIR|%23|%37|0|HAYIR|%0|HAYIR|%0|4/2|HAYIR|%23|%37|C•K|EVET|%53|%61|DONGU_YON|FRAGMENTARY_2|VADI>ZIGZAK_KOM>DONGU|PATTERN_BREAK:0,59|EVET|%51|4|HAYIR|%23|EVET|%37|2|EVET|%22|EVET|%29|4|HAYIR|%23|EVET|%44|4|HAYIR|%25|EVET|%41|2|EVET|%29|EVET|%44|2|EVET|%29|EVET|%43|4|HAYIR|%26|EVET|%32|2|EVET|%22|EVET|%31|2|EVET|%28|EVET|%28|2|EVET|%26|EVET|%34|2|EVET|%30|EVET|%50|3|HAYIR|%25|EVET|%27|4|HAYIR|%25|EVET|%38
388|2026-07-29 19:58:23|2|1/3|HAYIR|%42|%19|HAYIR|%23|%29|0|HAYIR|%0|HAYIR|%0|2/3|EVET|%24|%31|C•K|EVET|%53|%59|DONGU_YON|FRAGMENTARY_2|TEPE>ZIGZAK_KOM>DONGU|PATTERN_BREAK:0,59|EVET|%43|2|EVET|%22|EVET|%31|4|HAYIR|%22|EVET|%31|1|HAYIR|%22|EVET|%36|4|HAYIR|%25|EVET|%38|1|HAYIR|%30|EVET|%40|1|HAYIR|%30|EVET|%40|4|HAYIR|%26|EVET|%31|3|HAYIR|%22|EVET|%29|4|HAYIR|%29|EVET|%28|1|HAYIR|%27|EVET|%27|3|HAYIR|%31|EVET|%94|3|HAYIR|%24|EVET|%27|4|HAYIR|%24|EVET|%29
389|2026-07-29 19:58:24|2|1/4|HAYIR|%42|%19|HAYIR|%23|%38|0|HAYIR|%0|HAYIR|%0|1/4|HAYIR|%24|%50|T•B|HAYIR|%53|%58|DONGU_YON|FRAGMENTARY_2|DONGU>ZIGZAK_KOM>DONGU|PATTERN_BREAK:0,59|EVET|%53|1|HAYIR|%23|EVET|%50|2|EVET|%22|EVET|%38|1|HAYIR|%22|EVET|%44|1|HAYIR|%25|EVET|%38|1|HAYIR|%30|EVET|%40|1|HAYIR|%30|EVET|%70|1|HAYIR|%26|EVET|%30|3|HAYIR|%22|EVET|%30|4|HAYIR|%29|EVET|%28|1|HAYIR|%27|EVET|%41|4|HAYIR|%31|EVET|%64|2|EVET|%24|EVET|%25|1|HAYIR|%24|EVET|%36
390|2026-07-29 19:58:25|2|3/1|EVET|%42|%19|HAYIR|%23|%30|0|HAYIR|%0|HAYIR|%0|1/3|HAYIR|%24|%41|T•B|EVET|%53|%62|VADI_YON|FRAGMENTARY_2|DONGU>VADI>VADI|PATTERN_BREAK:0,59|EVET|%36|1|HAYIR|%23|EVET|%41|4|HAYIR|%23|EVET|%35|1|HAYIR|%22|EVET|%39|1|HAYIR|%25|EVET|%47|3|EVET|%29|EVET|%45|3|EVET|%29|EVET|%41|3|EVET|%26|EVET|%30|3|EVET|%22|EVET|%35|4|HAYIR|%28|EVET|%27|3|EVET|%27|EVET|%31|1|HAYIR|%30|EVET|%40|2|HAYIR|%25|EVET|%26|1|HAYIR|%24|EVET|%33
391|2026-07-29 19:58:31|3|1/2|EVET|%42|%19|HAYIR|%23|%34|0|HAYIR|%0|HAYIR|%0|1/4|EVET|%24|%38|C•K|EVET|%54|%59|VADI_YON|FRAGMENTARY_2|DONGU>VADI>VADI|PATTERN_BREAK:0,59|EVET|%51|1|EVET|%23|EVET|%38|2|HAYIR|%23|EVET|%29|4|HAYIR|%22|EVET|%38|4|HAYIR|%25|EVET|%29|1|EVET|%30|EVET|%39|1|EVET|%30|EVET|%47|2|HAYIR|%26|EVET|%32|2|HAYIR|%23|EVET|%37|2|HAYIR|%28|EVET|%29|1|EVET|%27|EVET|%30|4|HAYIR|%30|EVET|%50|2|HAYIR|%25|EVET|%25|1|EVET|%24|EVET|%35
392|2026-07-29 19:58:34|1|2/3|HAYIR|%42|%19|HAYIR|%23|%56|0|HAYIR|%0|HAYIR|%0|2/3|HAYIR|%24|%51|C•K|EVET|%54|%60|VADI_YON|FRAGMENTARY_2|DONGU>DONGU>VADI||HAYIR|%86|2|HAYIR|%23|EVET|%51|4|HAYIR|%22|EVET|%34|2|HAYIR|%22|EVET|%50|2|HAYIR|%24|EVET|%36|2|HAYIR|%31|EVET|%46|2|HAYIR|%31|EVET|%63|3|HAYIR|%26|EVET|%32|2|HAYIR|%22|EVET|%35|3|HAYIR|%28|EVET|%31|2|HAYIR|%28|EVET|%43|2|HAYIR|%30|EVET|%75|2|HAYIR|%24|EVET|%25|2|HAYIR|%24|EVET|%38
393|2026-07-29 19:58:35|1|1/3|HAYIR|%43|%19|EVET|%23|%32|0|HAYIR|%0|HAYIR|%0|3/1|EVET|%24|%43|T•B|EVET|%54|%54|TEPE_YON|FRAGMENTARY_2|TEPE>DONGU>TEPE|PATTERN_BREAK:0,59|EVET|%38|3|EVET|%23|EVET|%43|2|HAYIR|%22|EVET|%30|4|HAYIR|%21|EVET|%40|3|EVET|%24|EVET|%50|1|HAYIR|%30|EVET|%41|1|HAYIR|%30|EVET|%51|3|EVET|%26|EVET|%40|1|HAYIR|%22|EVET|%28|3|EVET|%28|EVET|%30|3|EVET|%28|EVET|%31|1|HAYIR|%30|EVET|%88|2|HAYIR|%24|EVET|%25|3|EVET|%24|EVET|%40
394|2026-07-29 19:58:40|3|3/2|HAYIR|%42|%19|HAYIR|%23|%38|0|HAYIR|%0|HAYIR|%0|3/4|HAYIR|%24|%29|C•B|EVET|%54|%57|VADI_YON|FRAGMENTARY_2|AZALIS>DONGU>VADI|PATTERN_BREAK:0,59|EVET|%62|3|HAYIR|%24|EVET|%29|4|EVET|%22|EVET|%27|3|HAYIR|%21|EVET|%29|2|HAYIR|%25|EVET|%35|3|HAYIR|%30|EVET|%46|3|HAYIR|%30|EVET|%43|2|HAYIR|%27|EVET|%31|3|HAYIR|%22|EVET|%30|2|HAYIR|%28|EVET|%29|3|HAYIR|%28|EVET|%30|3|HAYIR|%29|EVET|%45|2|HAYIR|%24|EVET|%25|4|EVET|%25|EVET|%35
395|2026-07-29 19:58:41|4|3/2|EVET|%43|%19|HAYIR|%23|%37|0|HAYIR|%0|HAYIR|%0|3/2|EVET|%24|%44|C•B|EVET|%54|%58|VADI_YON|FRAGMENTARY_2|VADI>DONGU>VADI|PATTERN_BREAK:0,59|EVET|%53|3|EVET|%24|EVET|%44|2|HAYIR|%23|EVET|%29|3|EVET|%21|EVET|%57|2|HAYIR|%25|EVET|%32|2|HAYIR|%30|EVET|%37|3|EVET|%30|EVET|%46|3|EVET|%26|EVET|%35|2|HAYIR|%22|EVET|%36|3|EVET|%28|EVET|%33|3|EVET|%28|EVET|%35|2|HAYIR|%29|EVET|%55|3|EVET|%24|EVET|%27|3|EVET|%25|EVET|%44
396|2026-07-29 19:58:57|3|4/2|HAYIR|%42|%19|HAYIR|%23|%48|0|HAYIR|%0|HAYIR|%0|4/3|HAYIR|%24|%35|C•K|HAYIR|%54|%54|TEPE_YON|FRAGMENTARY_2|VADI>DONGU>TEPE||HAYIR|%58|4|HAYIR|%24|EVET|%35|4|HAYIR|%23|EVET|%29|4|HAYIR|%22|EVET|%39|3|EVET|%24|EVET|%37|2|HAYIR|%30|EVET|%45|4|HAYIR|%30|EVET|%34|4|HAYIR|%27|EVET|%31|2|HAYIR|%22|EVET|%35|2|HAYIR|%29|EVET|%28|4|HAYIR|%29|EVET|%30|4|HAYIR|%29|EVET|%53|3|EVET|%24|EVET|%27|2|HAYIR|%26|EVET|%30
397|2026-07-29 19:58:58|3|1/2|EVET|%43|%19|HAYIR|%23|%33|0|HAYIR|%0|HAYIR|%0|1/2|EVET|%24|%44|C•K|EVET|%54|%53|TEPE_YON|FRAGMENTARY_2|TEPE>DONGU>TEPE|PATTERN_BREAK:0,59|EVET|%39|1|EVET|%24|EVET|%44|3|HAYIR|%22|EVET|%36|1|EVET|%21|EVET|%57|2|HAYIR|%25|EVET|%47|1|EVET|%29|EVET|%40|1|EVET|%30|EVET|%63|2|HAYIR|%27|EVET|%39|3|HAYIR|%21|EVET|%33|2|HAYIR|%28|EVET|%27|1|EVET|%28|EVET|%37|3|HAYIR|%28|EVET|%71|3|HAYIR|%25|EVET|%27|2|HAYIR|%26|EVET|%32
398|2026-07-29 19:58:59|1|4/3|HAYIR|%42|%19|HAYIR|%23|%58|0|HAYIR|%0|HAYIR|%0|4/2|HAYIR|%24|%37|T•B|HAYIR|%54|%55|TEPE_YON|FRAGMENTARY_2|DONGU_TERS>VADI>TEPE||HAYIR|%77|4|HAYIR|%25|EVET|%37|3|HAYIR|%22|EVET|%28|4|HAYIR|%22|EVET|%67|2|EVET|%25|EVET|%41|4|HAYIR|%30|EVET|%41|4|HAYIR|%31|EVET|%55|3|HAYIR|%26|EVET|%33|3|HAYIR|%21|EVET|%33|3|HAYIR|%28|EVET|%32|4|HAYIR|%29|EVET|%37|2|EVET|%28|EVET|%97|3|HAYIR|%25|EVET|%27|2|EVET|%26|EVET|%35
399|2026-07-29 19:59:01|2|4/3|HAYIR|%42|%19|HAYIR|%23|%46|0|HAYIR|%0|HAYIR|%0|4/3|HAYIR|%24|%54|T•B|EVET|%54|%55|TEPE_YON|FRAGMENTARY_2|VADI>VADI>TEPE|PATTERN_BREAK:0,59|EVET|%69|4|HAYIR|%25|EVET|%54|3|HAYIR|%22|EVET|%29|4|HAYIR|%22|EVET|%79|2|HAYIR|%25|EVET|%39|4|HAYIR|%30|EVET|%41|4|HAYIR|%31|EVET|%56|4|HAYIR|%26|EVET|%30|3|HAYIR|%21|EVET|%33|4|HAYIR|%28|EVET|%26|4|HAYIR|%29|EVET|%39|4|HAYIR|%29|EVET|%85|3|HAYIR|%25|EVET|%27|4|HAYIR|%26|EVET|%39
400|2026-07-29 19:59:02|1|4/3|EVET|%43|%19|HAYIR|%23|%30|0|HAYIR|%0|HAYIR|%0|4/1|EVET|%24|%28|C•B|EVET|%54|%59|TEPE_YON|FRAGMENTARY_2|TEPE>VADI>TEPE|PATTERN_BREAK:0,59|EVET|%42|4|EVET|%24|EVET|%28|4|EVET|%22|EVET|%27|2|HAYIR|%22|EVET|%33|4|EVET|%25|EVET|%53|4|EVET|%29|EVET|%41|4|EVET|%30|EVET|%50|2|HAYIR|%26|EVET|%32|2|HAYIR|%21|EVET|%28|3|HAYIR|%28|EVET|%31|4|EVET|%29|EVET|%32|4|EVET|%29|EVET|%95|3|HAYIR|%24|EVET|%27|3|HAYIR|%26|EVET|%31
401|2026-07-29 19:59:04|4|2/1|HAYIR|%43|%19|EVET|%23|%29|0|HAYIR|%0|HAYIR|%0|2/4|HAYIR|%24|%31|C•K|EVET|%54|%61|TEPE_YON|FRAGMENTARY_2|TEPE>TEPE>TEPE|PATTERN_BREAK:0,59|EVET|%33|2|HAYIR|%25|EVET|%31|3|HAYIR|%22|EVET|%28|1|EVET|%22|EVET|%37|4|HAYIR|%26|EVET|%37|1|EVET|%30|EVET|%41|1|EVET|%31|EVET|%35|3|HAYIR|%26|EVET|%37|2|HAYIR|%21|EVET|%29|3|HAYIR|%27|EVET|%35|1|EVET|%29|EVET|%27|2|HAYIR|%29|EVET|%34|3|HAYIR|%24|EVET|%27|3|HAYIR|%26|EVET|%32
402|2026-07-29 19:59:06|1|1/3|EVET|%43|%20|HAYIR|%23|%47|0|HAYIR|%0|HAYIR|%0|1/3|EVET|%24|%46|C•K|EVET|%54|%61|VADI_YON|FRAGMENTARY_2|BLOK_TERS>VADI>VADI|PATTERN_BREAK:0,59|EVET|%64|1|EVET|%25|EVET|%46|4|HAYIR|%22|EVET|%29|1|EVET|%22|EVET|%100|2|HAYIR|%26|EVET|%35|1|EVET|%31|EVET|%42|1|EVET|%31|EVET|%75|2|HAYIR|%26|EVET|%31|3|HAYIR|%21|EVET|%29|3|HAYIR|%27|EVET|%30|1|EVET|%30|EVET|%42|1|EVET|%29|EVET|%94|1|EVET|%24|EVET|%25|3|HAYIR|%26|EVET|%31
403|2026-07-29 19:59:07|1|1/3|HAYIR|%43|%20|HAYIR|%23|%41|0|HAYIR|%0|HAYIR|%0|3/1|HAYIR|%24|%40|T•B|HAYIR|%54|%56|TEPE_YON|FRAGMENTARY_2|VADI>VADI>TEPE|PATTERN_BREAK:0,59|EVET|%53|3|HAYIR|%25|EVET|%40|1|HAYIR|%22|EVET|%34|1|HAYIR|%23|EVET|%51|3|HAYIR|%25|EVET|%55|1|HAYIR|%31|EVET|%42|1|HAYIR|%32|EVET|%56|3|HAYIR|%25|EVET|%43|1|HAYIR|%20|EVET|%29|3|HAYIR|%27|EVET|%30|1|HAYIR|%30|EVET|%34|3|HAYIR|%30|EVET|%85|1|HAYIR|%25|EVET|%25|3|HAYIR|%25|EVET|%44
404|2026-07-29 19:59:10|2|3/4|EVET|%43|%20|HAYIR|%23|%50|0|HAYIR|%0|HAYIR|%0|3/4|EVET|%25|%44|C•B|EVET|%54|%63|VADI_YON|FRAGMENTARY_2|DONGU>TEPE>VADI|PATTERN_BREAK:0,59|EVET|%68|3|EVET|%25|EVET|%44|4|HAYIR|%22|EVET|%29|3|EVET|%23|EVET|%54|3|EVET|%25|EVET|%42|3|EVET|%31|EVET|%45|3|EVET|%32|EVET|%62|4|HAYIR|%25|EVET|%29|3|EVET|%20|EVET|%37|4|HAYIR|%27|EVET|%26|3|EVET|%30|EVET|%42|3|EVET|%29|EVET|%50|1|HAYIR|%24|EVET|%25|4|HAYIR|%25|EVET|%36
405|2026-07-29 19:59:11|3|1/2|HAYIR|%43|%20|EVET|%23|%54|0|HAYIR|%0|HAYIR|%0|1/2|HAYIR|%25|%57|C•K|EVET|%55|%63|DONGU_TERS_YON|FRAGMENTARY_2|TEPE>TEPE>DONGU_TERS|PATTERN_BREAK:0,59|EVET|%74|1|HAYIR|%26|EVET|%57|3|HAYIR|%22|EVET|%34|1|HAYIR|%23|EVET|%49|2|EVET|%26|EVET|%35|1|HAYIR|%31|EVET|%42|1|HAYIR|%32|EVET|%80|4|HAYIR|%25|EVET|%31|1|HAYIR|%21|EVET|%29|2|EVET|%27|EVET|%27|1|HAYIR|%31|EVET|%44|1|HAYIR|%30|EVET|%89|1|HAYIR|%24|EVET|%25|1|HAYIR|%25|EVET|%39
406|2026-07-29 19:59:12|2|2/3|HAYIR|%43|%20|HAYIR|%23|%31|0|HAYIR|%0|HAYIR|%0|2/4|HAYIR|%24|%33|C•K|EVET|%55|%59|VADI_YON|FRAGMENTARY_2|BLOK_TERS>TEPE>VADI|PATTERN_BREAK:0,59|EVET|%40|2|HAYIR|%26|EVET|%33|3|HAYIR|%21|EVET|%29|2|HAYIR|%23|EVET|%40|1|EVET|%26|EVET|%36|3|HAYIR|%31|EVET|%33|3|HAYIR|%32|EVET|%34|3|HAYIR|%25|EVET|%30|3|HAYIR|%21|EVET|%30|3|HAYIR|%27|EVET|%26|2|HAYIR|%30|EVET|%29|4|HAYIR|%30|EVET|%74|2|HAYIR|%24|EVET|%25|2|HAYIR|%25|EVET|%30
407|2026-07-29 19:59:16|1|1/2|HAYIR|%43|%20|EVET|%23|%47|0|HAYIR|%0|HAYIR|%0|1/2|HAYIR|%24|%33|C•B|EVET|%55|%55|TEPE_YON|FRAGMENTARY_2|BLOK_DUZ>TEPE>TEPE|PATTERN_BREAK:0,59|EVET|%69|1|HAYIR|%25|EVET|%33|3|HAYIR|%21|EVET|%34|4|HAYIR|%23|EVET|%39|1|HAYIR|%27|EVET|%31|1|HAYIR|%31|EVET|%32|1|HAYIR|%32|EVET|%50|2|EVET|%25|EVET|%31|2|EVET|%20|EVET|%28|3|HAYIR|%27|EVET|%29|1|HAYIR|%30|EVET|%30|1|HAYIR|%29|EVET|%93|1|HAYIR|%24|EVET|%25|3|HAYIR|%25|EVET|%28
408|2026-07-29 19:59:17|2|3/4|EVET|%43|%20|HAYIR|%23|%46|0|HAYIR|%0|HAYIR|%0|3/4|EVET|%25|%47|T•B|EVET|%55|%61|VADI_YON|FRAGMENTARY_2|TEPE>TEPE>VADI|PATTERN_BREAK:0,59|EVET|%65|3|EVET|%25|EVET|%47|4|HAYIR|%21|EVET|%28|3|EVET|%23|EVET|%38|1|HAYIR|%27|EVET|%31|3|EVET|%31|EVET|%45|3|EVET|%32|EVET|%66|3|EVET|%25|EVET|%29|3|EVET|%21|EVET|%31|3|EVET|%27|EVET|%26|3|EVET|%30|EVET|%40|3|EVET|%29|EVET|%54|3|EVET|%24|EVET|%27|4|HAYIR|%24|EVET|%34
409|2026-07-29 19:59:18|3|1|HAYIR|%43|%20|HAYIR|%23|%81|0|HAYIR|%0|HAYIR|%0|1/2|HAYIR|%25|%56|C•K|EVET|%55|%66|DONGU_YON|FRAGMENTARY_2|TEPE>TEPE>DONGU||HAYIR|%88|1|HAYIR|%26|EVET|%56|2|HAYIR|%21|EVET|%37|1|HAYIR|%23|EVET|%48|1|HAYIR|%26|EVET|%30|1|HAYIR|%31|EVET|%42|1|HAYIR|%32|EVET|%80|2|HAYIR|%26|EVET|%31|2|HAYIR|%22|EVET|%33|2|HAYIR|%27|EVET|%28|1|HAYIR|%30|EVET|%42|1|HAYIR|%30|EVET|%79|3|HAYIR|%24|EVET|%27|1|HAYIR|%24|EVET|%36
410|2026-07-29 19:59:20|4|3/4|EVET|%43|%20|HAYIR|%23|%33|0|HAYIR|%0|HAYIR|%0|3/4|EVET|%25|%47|T•B|EVET|%55|%57|ZIGZAK_KOM_SALINIMM|FRAGMENTARY_2|DALGA_TEK_SIM_2>VADI>ZIGZAK_KOM|PATTERN_BREAK:0,59|EVET|%64|3|EVET|%25|EVET|%47|1|HAYIR|%21|EVET|%28|3|EVET|%23|EVET|%41|3|EVET|%26|EVET|%29|3|EVET|%31|EVET|%31|3|EVET|%32|EVET|%40|3|EVET|%25|EVET|%35|3|EVET|%22|EVET|%29|3|EVET|%27|EVET|%34|3|EVET|%30|EVET|%35|4|HAYIR|%29|EVET|%85|3|EVET|%24|EVET|%27|3|EVET|%24|EVET|%46
411|2026-07-29 19:59:21|3|3/4|HAYIR|%43|%20|HAYIR|%23|%57|0|HAYIR|%0|HAYIR|%0|3/4|HAYIR|%25|%33|C•B|HAYIR|%55|%63|ZIGZAK_KOM_SALINIMM|FRAGMENTARY_2|BLOK_DUZ>TEPE>ZIGZAK_KOM||HAYIR|%78|3|HAYIR|%26|EVET|%33|3|HAYIR|%21|EVET|%28|2|HAYIR|%24|EVET|%33|3|HAYIR|%27|EVET|%39|3|HAYIR|%32|EVET|%38|3|HAYIR|%32|EVET|%46|4|HAYIR|%26|EVET|%31|2|HAYIR|%22|EVET|%31|2|HAYIR|%28|EVET|%28|3|HAYIR|%31|EVET|%30|3|HAYIR|%29|EVET|%47|3|HAYIR|%25|EVET|%27|2|HAYIR|%25|EVET|%28
412|2026-07-29 19:59:55|1|4/2|HAYIR|%43|%20|HAYIR|%23|%36|0|HAYIR|%0|HAYIR|%0|2/4|HAYIR|%25|%42|C•K|EVET|%55|%57|ZIGZAK_KOM_SALINIMM|FRAGMENTARY_2|TEPE>VADI>ZIGZAK_KOM|PATTERN_BREAK:0,59|EVET|%53|2|HAYIR|%26|EVET|%42|3|HAYIR|%20|EVET|%29|4|HAYIR|%24|EVET|%55|3|HAYIR|%27|EVET|%40|4|HAYIR|%31|EVET|%40|4|HAYIR|%32|EVET|%47|2|HAYIR|%26|EVET|%33|2|HAYIR|%22|EVET|%30|2|HAYIR|%27|EVET|%29|4|HAYIR|%31|EVET|%31|2|HAYIR|%29|EVET|%70|3|HAYIR|%24|EVET|%27|2|HAYIR|%24|EVET|%39
413|2026-07-29 19:59:57|1|1/3|HAYIR|%43|%20|EVET|%23|%35|0|HAYIR|%0|HAYIR|%0|3/1|EVET|%25|%48|T•B|EVET|%55|%53|TEPE_YON|FRAGMENTARY_2|TEPE>DONGU_TERS>TEPE|PATTERN_BREAK:0,59|EVET|%43|3|EVET|%26|EVET|%48|2|HAYIR|%20|EVET|%36|4|HAYIR|%23|EVET|%33|3|EVET|%26|EVET|%53|1|HAYIR|%31|EVET|%43|1|HAYIR|%32|EVET|%52|3|EVET|%26|EVET|%37|1|HAYIR|%22|EVET|%31|2|HAYIR|%27|EVET|%28|3|EVET|%30|EVET|%35|1|HAYIR|%29|EVET|%81|3|EVET|%24|EVET|%27|3|EVET|%24|EVET|%40
414|2026-07-29 19:59:58|3|4/3|HAYIR|%43|%20|EVET|%23|%37|0|HAYIR|%0|HAYIR|%0|4/3|HAYIR|%25|%43|C•B|EVET|%55|%50|TEPE_YON|FRAGMENTARY_2|BLOK_TERS>VADI>TEPE|PATTERN_BREAK:0,59|EVET|%62|4|HAYIR|%26|EVET|%43|3|EVET|%20|EVET|%28|4|HAYIR|%23|EVET|%48|3|EVET|%27|EVET|%49|3|EVET|%31|EVET|%34|4|HAYIR|%32|EVET|%40|4|HAYIR|%26|EVET|%30|3|EVET|%22|EVET|%36|2|HAYIR|%27|EVET|%27|4|HAYIR|%31|EVET|%31|3|EVET|%29|EVET|%41|1|HAYIR|%25|EVET|%25|4|HAYIR|%25|EVET|%38
415|2026-07-29 20:00:01|3|2/1|HAYIR|%43|%20|HAYIR|%23|%48|0|HAYIR|%0|HAYIR|%0|2/1|HAYIR|%25|%54|C•K|HAYIR|%55|%60|TEPE_YON|FRAGMENTARY_2|VADI>TEPE>TEPE|PATTERN_BREAK:0,59|EVET|%66|2|HAYIR|%26|EVET|%54|2|HAYIR|%21|EVET|%35|2|HAYIR|%23|EVET|%77|2|HAYIR|%28|EVET|%45|2|HAYIR|%31|EVET|%44|2|HAYIR|%31|EVET|%65|2|HAYIR|%26|EVET|%34|3|EVET|%22|EVET|%35|2|HAYIR|%27|EVET|%27|2|HAYIR|%31|EVET|%47|2|HAYIR|%29|EVET|%81|1|HAYIR|%25|EVET|%25|1|HAYIR|%25|EVET|%35
416|2026-07-29 20:00:03|3|1/2|HAYIR|%43|%20|EVET|%23|%34|0|HAYIR|%0|HAYIR|%0|1/2|HAYIR|%25|%35|T•B|HAYIR|%55|%50|TEPE_YON|FRAGMENTARY_2|DONGU_TERS>VADI>TEPE|PATTERN_BREAK:0,59|EVET|%49|1|HAYIR|%26|EVET|%35|3|HAYIR|%21|EVET|%30|4|HAYIR|%23|EVET|%45|2|EVET|%27|EVET|%43|1|HAYIR|%31|EVET|%42|1|HAYIR|%31|EVET|%39|2|EVET|%26|EVET|%33|3|HAYIR|%23|EVET|%39|2|EVET|%27|EVET|%26|1|HAYIR|%30|EVET|%30|4|HAYIR|%29|EVET|%59|1|HAYIR|%24|EVET|%25|1|HAYIR|%24|EVET|%32
417|2026-07-29 20:00:07|2|1/3|HAYIR|%43|%20|HAYIR|%23|%32|0|HAYIR|%0|HAYIR|%0|2/4|HAYIR|%25|%25|T•K|HAYIR|%55|%54|VADI_YON|FRAGMENTARY_2|ARTIS>DONGU>VADI|PATTERN_BREAK:0,59|EVET|%47|2|HAYIR|%26|EVET|%25|2|HAYIR|%20|EVET|%34|4|EVET|%23|EVET|%36|1|HAYIR|%28|EVET|%40|1|HAYIR|%31|EVET|%42|1|HAYIR|%31|EVET|%38|3|HAYIR|%26|EVET|%31|3|HAYIR|%23|EVET|%36|3|HAYIR|%27|EVET|%27|1|HAYIR|%30|EVET|%28|3|HAYIR|%29|EVET|%75|1|HAYIR|%24|EVET|%25|2|HAYIR|%24|EVET|%28
418|2026-07-29 20:00:11|4|3/1|HAYIR|%43|%20|HAYIR|%23|%33|0|HAYIR|%0|HAYIR|%0|1/2|HAYIR|%24|%38|T•K|HAYIR|%55|%55|VADI_YON|FRAGMENTARY_2|TEPE>ZIGZAK_KOM>VADI|PATTERN_BREAK:0,59|EVET|%56|1|HAYIR|%25|EVET|%38|3|HAYIR|%20|EVET|%35|3|HAYIR|%23|EVET|%43|1|HAYIR|%28|EVET|%46|1|HAYIR|%31|EVET|%34|1|HAYIR|%31|EVET|%50|3|HAYIR|%26|EVET|%37|3|HAYIR|%22|EVET|%32|3|HAYIR|%27|EVET|%35|1|HAYIR|%30|EVET|%31|1|HAYIR|%28|EVET|%75|1|HAYIR|%24|EVET|%25|3|HAYIR|%24|EVET|%30
419|2026-07-29 20:00:15|4|1/3|HAYIR|%43|%20|HAYIR|%23|%33|0|HAYIR|%0|HAYIR|%0|3/1|HAYIR|%24|%37|T•K|EVET|%55|%58|TEPE_YON|FRAGMENTARY_2|TEPE>ZIGZAK_KOM>TEPE|PATTERN_BREAK:0,59|EVET|%44|3|HAYIR|%25|EVET|%37|2|EVET|%20|EVET|%36|4|HAYIR|%23|EVET|%42|1|HAYIR|%27|EVET|%35|1|HAYIR|%30|EVET|%29|1|HAYIR|%30|EVET|%37|3|HAYIR|%26|EVET|%32|3|HAYIR|%22|EVET|%43|3|HAYIR|%27|EVET|%34|3|HAYIR|%30|EVET|%34|2|EVET|%28|EVET|%51|2|EVET|%24|EVET|%25|3|HAYIR|%24|EVET|%34
420|2026-07-29 20:00:18|2|1/2|EVET|%43|%20|HAYIR|%23|%28|0|HAYIR|%0|HAYIR|%0|1/2|EVET|%25|%33|T•K|EVET|%55|%59|TEPE_YON|FRAGMENTARY_2|VADI>ZIGZAK_KOM>TEPE|PATTERN_BREAK:0,59|EVET|%33|1|EVET|%25|EVET|%33|3|HAYIR|%21|EVET|%36|3|HAYIR|%23|EVET|%37|1|EVET|%27|EVET|%39|2|HAYIR|%30|EVET|%44|1|EVET|%30|EVET|%35|3|HAYIR|%26|EVET|%30|3|HAYIR|%22|EVET|%31|3|HAYIR|%27|EVET|%27|2|HAYIR|%29|EVET|%26|1|EVET|%29|EVET|%82|3|HAYIR|%24|EVET|%27|2|HAYIR|%24|EVET|%28
421|2026-07-29 20:00:23|1|1/2|EVET|%43|%20|HAYIR|%23|%33|0|HAYIR|%0|HAYIR|%0|1/3|EVET|%25|%35|T•B|EVET|%55|%57|TEPE_YON|FRAGMENTARY_2|BLOK_DUZ>TEPE>TEPE|PATTERN_BREAK:0,59|EVET|%56|1|EVET|%26|EVET|%35|3|HAYIR|%21|EVET|%28|3|HAYIR|%23|EVET|%36|3|HAYIR|%28|EVET|%39|1|EVET|%30|EVET|%30|1|EVET|%31|EVET|%48|2|HAYIR|%26|EVET|%32|1|EVET|%22|EVET|%28|3|HAYIR|%26|EVET|%29|1|EVET|%29|EVET|%27|1|EVET|%29|EVET|%99|3|HAYIR|%24|EVET|%27|2|HAYIR|%23|EVET|%30
422|2026-07-29 20:00:25|1|3/1|HAYIR|%43|%20|HAYIR|%23|%54|0|HAYIR|%0|HAYIR|%0|3/1|HAYIR|%25|%57|T•B|HAYIR|%55|%57|DONGU_YON|FRAGMENTARY_2|TEPE>TEPE>DONGU|PATTERN_BREAK:0,59|EVET|%75|3|HAYIR|%26|EVET|%57|4|HAYIR|%20|EVET|%28|3|HAYIR|%23|EVET|%55|3|HAYIR|%28|EVET|%63|3|HAYIR|%30|EVET|%46|3|HAYIR|%31|EVET|%61|3|HAYIR|%25|EVET|%40|3|HAYIR|%23|EVET|%31|3|HAYIR|%26|EVET|%29|3|HAYIR|%30|EVET|%47|3|HAYIR|%30|EVET|%88|3|HAYIR|%24|EVET|%27|3|HAYIR|%23|EVET|%44
423|2026-07-29 20:00:29|2|3/4|HAYIR|%43|%20|EVET|%23|%52|0|HAYIR|%0|HAYIR|%0|3/4|HAYIR|%25|%49|C•B|EVET|%55|%61|DONGU_YON|FRAGMENTARY_2|TEPE>TEPE>DONGU|PATTERN_BREAK:0,59|EVET|%75|3|HAYIR|%26|EVET|%49|2|HAYIR|%20|EVET|%29|3|HAYIR|%22|EVET|%58|3|HAYIR|%27|EVET|%38|3|HAYIR|%30|EVET|%46|3|HAYIR|%31|EVET|%53|3|HAYIR|%25|EVET|%29|3|HAYIR|%22|EVET|%31|3|HAYIR|%26|EVET|%26|3|HAYIR|%30|EVET|%41|3|HAYIR|%30|EVET|%67|3|HAYIR|%24|EVET|%27|3|HAYIR|%23|EVET|%37
424|2026-07-29 20:00:34|4|1/3|HAYIR|%43|%20|HAYIR|%23|%40|0|HAYIR|%0|HAYIR|%0|1/3|HAYIR|%25|%29|C•K|EVET|%55|%53|VADI_YON|FRAGMENTARY_2|VADI>TEPE>VADI|PATTERN_BREAK:0,59|EVET|%48|1|HAYIR|%26|EVET|%29|3|HAYIR|%20|EVET|%28|1|HAYIR|%22|EVET|%27|1|HAYIR|%27|EVET|%38|3|HAYIR|%30|EVET|%28|1|HAYIR|%31|EVET|%31|3|HAYIR|%25|EVET|%36|2|HAYIR|%22|EVET|%32|3|HAYIR|%26|EVET|%33|3|HAYIR|%29|EVET|%28|1|HAYIR|%29|EVET|%65|3|HAYIR|%24|EVET|%27|3|HAYIR|%23|EVET|%28
425|2026-07-29 20:00:38|4|2/1|HAYIR|%43|%20|HAYIR|%23|%0|0|HAYIR|%0|HAYIR|%0|3/2|HAYIR|%25|%0|T•K|EVET|%56|%0|VADI_YON|FRAGMENTARY_2|VADI>VADI>VADI||HAYIR|%0|3|HAYIR|%0|EVET|%0|2|HAYIR|%0|EVET|%0|3|HAYIR|%0|EVET|%0|1|EVET|%0|EVET|%0|3|HAYIR|%0|EVET|%0|1|EVET|%0|EVET|%0|2|HAYIR|%0|EVET|%0|2|HAYIR|%0|EVET|%0|3|HAYIR|%0|EVET|%0|3|HAYIR|%0|EVET|%0|2|HAYIR|%0|EVET|%0|3|HAYIR|%0|EVET|%0|2|HAYIR|%0|EVET|%0
426|2026-07-29 20:01:19|1|2/3|HAYIR|%43|%20|HAYIR|%23|%27|0|HAYIR|%0|HAYIR|%0|1/2|HAYIR|%24|%41|T•K|HAYIR|%55|%61|VADI_YON|FRAGMENTARY_2|ARTIS>VADI>VADI|PATTERN_BREAK:0,59|EVET|%32|1|HAYIR|%0|EVET|%41|3|HAYIR|%0|EVET|%28|1|HAYIR|%0|EVET|%53|2|HAYIR|%0|EVET|%26|1|HAYIR|%0|EVET|%43|1|HAYIR|%0|EVET|%54|2|HAYIR|%0|EVET|%32|2|HAYIR|%0|EVET|%32|2|HAYIR|%0|EVET|%29|1|HAYIR|%0|EVET|%34|3|HAYIR|%0|EVET|%70|2|HAYIR|%0|EVET|%25|1|HAYIR|%0|EVET|%32
427|2026-07-29 20:01:23|4|3/2|HAYIR|%43|%20|HAYIR|%23|%29|0|HAYIR|%0|HAYIR|%0|2/4|HAYIR|%24|%33|C•K|EVET|%55|%53|DONGU_TERS_YON|FRAGMENTARY_2|TEPE>TEPE>DONGU_TERS|PATTERN_BREAK:0,59|EVET|%37|2|HAYIR|%0|EVET|%33|3|HAYIR|%0|EVET|%27|2|HAYIR|%0|EVET|%61|3|HAYIR|%0|EVET|%30|2|HAYIR|%0|EVET|%31|2|HAYIR|%0|EVET|%40|3|HAYIR|%0|EVET|%35|4|EVET|%0|EVET|%28|3|HAYIR|%0|EVET|%32|2|HAYIR|%0|EVET|%32|2|HAYIR|%0|EVET|%54|2|HAYIR|%0|EVET|%25|3|HAYIR|%0|EVET|%28
428|2026-07-29 20:01:27|4|3/2|EVET|%43|%20|HAYIR|%23|%39|0|HAYIR|%0|HAYIR|%0|3/2|EVET|%25|%41|T•K|EVET|%55|%62|DONGU_TERS_YON|FRAGMENTARY_2|TEPE>TEPE>DONGU_TERS|PATTERN_BREAK:0,59|EVET|%52|3|EVET|%0|EVET|%41|4|HAYIR|%0|EVET|%30|3|EVET|%0|EVET|%58|1|HAYIR|%0|EVET|%34|3|EVET|%0|EVET|%44|3|EVET|%0|EVET|%57|1|HAYIR|%0|EVET|%29|3|EVET|%0|EVET|%40|3|EVET|%0|EVET|%31|3|EVET|%0|EVET|%39|3|EVET|%0|EVET|%75|2|HAYIR|%0|EVET|%25|2|HAYIR|%0|EVET|%38
429|2026-07-29 20:03:24|3|1/4|EVET|%43|%20|HAYIR|%23|%25|0|HAYIR|%0|HAYIR|%0|1/2|EVET|%25|%31|T•B|EVET|%56|%60|TEPE_YON|FRAGMENTARY_2|BLOK_TERS>TEPE>TEPE|PATTERN_BREAK:0,59|EVET|%33|1|EVET|%0|EVET|%31|3|HAYIR|%0|EVET|%27|1|EVET|%0|EVET|%55|3|HAYIR|%0|EVET|%53|1|EVET|%0|EVET|%42|1|EVET|%0|EVET|%55|4|HAYIR|%0|EVET|%31|2|HAYIR|%0|EVET|%30|2|HAYIR|%0|EVET|%27|1|EVET|%0|EVET|%31|4|HAYIR|%0|EVET|%65|2|HAYIR|%0|EVET|%25|2|HAYIR|%0|EVET|%27
430|2026-07-29 20:03:32|1|2/4|HAYIR|%43|%20|HAYIR|%23|%56|0|HAYIR|%0|HAYIR|%0|2/1|HAYIR|%25|%51|C•B|EVET|%56|%55|TEPE_YON|FRAGMENTARY_2|DALGA_TEK_SIM_2>DONGU>TEPE||HAYIR|%65|2|HAYIR|%40|EVET|%51|3|EVET|%0|EVET|%28|2|HAYIR|%40|EVET|%61|3|EVET|%20|EVET|%41|2|HAYIR|%40|EVET|%43|2|HAYIR|%60|EVET|%69|2|HAYIR|%0|EVET|%31|4|HAYIR|%40|EVET|%27|2|HAYIR|%20|EVET|%28|2|HAYIR|%40|EVET|%41|2|HAYIR|%20|EVET|%57|1|HAYIR|%0|EVET|%25|2|HAYIR|%0|EVET|%36
431|2026-07-29 20:04:01|3|4/2|EVET|%43|%20|HAYIR|%23|%33|0|HAYIR|%0|HAYIR|%0|4/3|EVET|%25|%41|T•B|EVET|%56|%52|DONGU_TERS_YON|FRAGMENTARY_2|BLOK_DUZ>DONGU>DONGU_TERS|PATTERN_BREAK:0,59|EVET|%60|4|EVET|%33|EVET|%41|1|HAYIR|%16|EVET|%28|4|EVET|%33|EVET|%57|3|HAYIR|%33|EVET|%32|4|EVET|%33|EVET|%32|4|EVET|%50|EVET|%48|4|EVET|%0|EVET|%30|4|EVET|%33|EVET|%27|2|HAYIR|%16|EVET|%27|4|EVET|%33|EVET|%34|4|EVET|%16|EVET|%58|3|HAYIR|%0|EVET|%27|4|EVET|%0|EVET|%35
432|2026-07-29 20:04:48|4|3/4|HAYIR|%43|%20|HAYIR|%22|%50|0|HAYIR|%0|HAYIR|%0|3/2|HAYIR|%25|%56|T•K|EVET|%56|%62|DONGU_TERS_YON|FRAGMENTARY_2|BLOK_DUZ>VADI>DONGU_TERS|PATTERN_BREAK:0,59|EVET|%73|3|HAYIR|%42|EVET|%56|3|HAYIR|%14|EVET|%31|3|HAYIR|%42|EVET|%77|1|EVET|%28|EVET|%31|3|HAYIR|%42|EVET|%45|3|HAYIR|%57|EVET|%70|3|HAYIR|%14|EVET|%36|3|HAYIR|%42|EVET|%33|3|HAYIR|%14|EVET|%33|3|HAYIR|%42|EVET|%46|3|HAYIR|%28|EVET|%53|3|HAYIR|%0|EVET|%27|3|HAYIR|%14|EVET|%48
433|2026-07-29 20:07:48|1|3/1|HAYIR|%43|%20|HAYIR|%22|%29|0|HAYIR|%0|HAYIR|%0|3/4|HAYIR|%25|%38|C•K|EVET|%56|%58|TEPE_YON|FRAGMENTARY_2|BLOK_TERS>VADI>TEPE|PATTERN_BREAK:0,59|EVET|%38|3|HAYIR|%37|EVET|%38|1|HAYIR|%12|EVET|%28|3|HAYIR|%37|EVET|%82|2|HAYIR|%37|EVET|%34|3|HAYIR|%37|EVET|%45|3|HAYIR|%50|EVET|%55|2|HAYIR|%12|EVET|%29|1|HAYIR|%37|EVET|%32|3|HAYIR|%12|EVET|%29|3|HAYIR|%37|EVET|%38|1|HAYIR|%25|EVET|%47|3|HAYIR|%0|EVET|%27|1|HAYIR|%12|EVET|%28
434|2026-07-29 20:07:54|4|4/2|HAYIR|%43|%20|HAYIR|%22|%49|0|HAYIR|%0|HAYIR|%0|4/2|HAYIR|%25|%37|T•B|EVET|%56|%56|VADI_YON|FRAGMENTARY_2|VADI>VADI>VADI||HAYIR|%64|4|HAYIR|%33|EVET|%37|3|HAYIR|%11|EVET|%29|4|HAYIR|%33|EVET|%49|4|HAYIR|%33|EVET|%43|2|HAYIR|%33|EVET|%42|2|HAYIR|%44|EVET|%46|3|HAYIR|%11|EVET|%34|4|HAYIR|%33|EVET|%40|3|HAYIR|%11|EVET|%32|4|HAYIR|%33|EVET|%32|2|HAYIR|%22|EVET|%51|3|HAYIR|%0|EVET|%27|4|HAYIR|%11|EVET|%32
435|2026-07-29 20:08:31|1|1/3|EVET|%43|%20|HAYIR|%22|%45|0|HAYIR|%0|HAYIR|%0|1/4|EVET|%25|%48|C•B|HAYIR|%56|%60|VADI_YON|FRAGMENTARY_2|VADI>DONGU_TERS>VADI|PATTERN_BREAK:0,59|EVET|%65|1|EVET|%30|EVET|%48|1|EVET|%10|EVET|%26|1|EVET|%30|EVET|%100|1|EVET|%30|EVET|%32|1|EVET|%30|EVET|%44|1|EVET|%40|EVET|%70|2|HAYIR|%10|EVET|%28|1|EVET|%30|EVET|%32|3|HAYIR|%10|EVET|%28|1|EVET|%30|EVET|%45|1|EVET|%20|EVET|%96|3|HAYIR|%0|EVET|%27|4|HAYIR|%10|EVET|%31
436|2026-07-29 20:09:34|1|3/1|HAYIR|%43|%20|HAYIR|%22|%30|0|HAYIR|%0|HAYIR|%0|2/3|EVET|%25|%38|C•B|EVET|%56|%57|DONGU_YON|FRAGMENTARY_2|DALGA_TEK_SIM_2>DONGU_TERS>DONGU|PATTERN_BREAK:0,59|EVET|%34|2|EVET|%36|EVET|%38|3|HAYIR|%18|EVET|%29|2|EVET|%36|EVET|%72|3|HAYIR|%36|EVET|%48|1|HAYIR|%36|EVET|%32|2|EVET|%45|EVET|%35|3|HAYIR|%9|EVET|%36|1|HAYIR|%36|EVET|%27|3|HAYIR|%9|EVET|%28|2|EVET|%36|EVET|%34|3|HAYIR|%27|EVET|%84|3|HAYIR|%0|EVET|%27|3|HAYIR|%9|EVET|%40
437|2026-07-29 20:10:58|2|3|HAYIR|%43|%20|HAYIR|%22|%77|0|HAYIR|%0|HAYIR|%0|3/4|HAYIR|%25|%55|T•B|HAYIR|%56|%59|TEPE_YON|FRAGMENTARY_2|BLOK_TERS>TEPE>TEPE||HAYIR|%80|3|HAYIR|%41|EVET|%55|1|HAYIR|%16|EVET|%28|3|HAYIR|%41|EVET|%67|2|EVET|%33|EVET|%31|3|HAYIR|%33|EVET|%44|3|HAYIR|%50|EVET|%77|4|HAYIR|%8|EVET|%30|3|HAYIR|%33|EVET|%33|4|HAYIR|%8|EVET|%27|3|HAYIR|%41|EVET|%46|3|HAYIR|%25|EVET|%65|3|HAYIR|%0|EVET|%27|4|HAYIR|%8|EVET|%36
438|2026-07-29 20:12:06|2|1/3|HAYIR|%43|%20|HAYIR|%22|%36|0|HAYIR|%0|HAYIR|%0|1/3|HAYIR|%25|%40|C•B|EVET|%56|%58|DONGU_YON|FRAGMENTARY_2|BLOK_TERS>TEPE>DONGU|PATTERN_BREAK:0,59|EVET|%47|1|HAYIR|%38|EVET|%40|3|HAYIR|%15|EVET|%29|1|HAYIR|%38|EVET|%36|3|HAYIR|%38|EVET|%35|1|HAYIR|%30|EVET|%44|1|HAYIR|%46|EVET|%46|1|HAYIR|%7|EVET|%33|3|HAYIR|%30|EVET|%36|4|HAYIR|%7|EVET|%26|1|HAYIR|%38|EVET|%33|1|HAYIR|%23|EVET|%55|1|HAYIR|%0|EVET|%25|1|HAYIR|%7|EVET|%31
439|2026-07-29 20:13:28|2|3/1|EVET|%43|%20|HAYIR|%22|%36|0|HAYIR|%0|HAYIR|%0|3/1|EVET|%25|%33|T•B|EVET|%56|%57|DONGU_YON|FRAGMENTARY_2|DALGA_TEK_SIM_1>DONGU_TERS>DONGU|PATTERN_BREAK:0,59|EVET|%56|3|EVET|%35|EVET|%33|1|HAYIR|%14|EVET|%26|1|HAYIR|%35|EVET|%48|3|EVET|%35|EVET|%39|4|HAYIR|%28|EVET|%42|3|EVET|%42|EVET|%37|3|EVET|%7|EVET|%44|3|EVET|%28|EVET|%29|4|HAYIR|%7|EVET|%26|3|EVET|%35|EVET|%31|3|EVET|%21|EVET|%48|2|HAYIR|%0|EVET|%25|1|HAYIR|%7|EVET|%29
440|2026-07-29 20:14:23|3|1/4|HAYIR|%43|%20|HAYIR|%22|%58|0|HAYIR|%0|HAYIR|%0|1/4|HAYIR|%25|%45|T•K|EVET|%56|%54|DONGU_YON|FRAGMENTARY_2|BLOK_DUZ>DONGU_TERS>DONGU||HAYIR|%71|1|HAYIR|%40|EVET|%45|2|HAYIR|%13|EVET|%27|1|HAYIR|%33|EVET|%43|4|HAYIR|%40|EVET|%28|1|HAYIR|%26|EVET|%43|1|HAYIR|%46|EVET|%61|4|HAYIR|%13|EVET|%31|1|HAYIR|%33|EVET|%27|2|HAYIR|%6|EVET|%26|1|HAYIR|%40|EVET|%35|4|HAYIR|%26|EVET|%40|2|HAYIR|%0|EVET|%25|1|HAYIR|%6|EVET|%34
441|2026-07-29 20:15:37|3|1/2|EVET|%43|%20|HAYIR|%22|%0|0|HAYIR|%0|HAYIR|%0|1/2|HAYIR|%25|%0|T•K|EVET|%56|%0|VADI_YON|FRAGMENTARY_2|BLOK_DUZ>TEPE>VADI|PATTERN_BREAK:0,59|EVET|%0|1|HAYIR|%0|EVET|%0|1|HAYIR|%0|EVET|%0|3|HAYIR|%0|EVET|%0|4|HAYIR|%0|EVET|%0|1|HAYIR|%0|EVET|%0|1|HAYIR|%0|EVET|%0|2|EVET|%0|EVET|%0|1|HAYIR|%0|EVET|%0|2|EVET|%0|EVET|%0|1|HAYIR|%0|EVET|%0|1|HAYIR|%0|EVET|%0|1|HAYIR|%0|EVET|%0|2|EVET|%0|EVET|%0
442|2026-07-30 20:28:26|2|4/3|EVET|%43|%21|HAYIR|%22|%53|0|HAYIR|%0|HAYIR|%0|4/2|EVET|%25|%34|C•B|EVET|%56|%56|TEPE_YON|FRAGMENTARY_2|TEPE>VADI>TEPE||HAYIR|%56|4|EVET|%0|EVET|%34|3|HAYIR|%0|EVET|%28|4|EVET|%0|EVET|%53|1|HAYIR|%0|EVET|%40|4|EVET|%0|EVET|%29|4|EVET|%0|EVET|%40|4|EVET|%0|EVET|%30|3|HAYIR|%0|EVET|%32|3|HAYIR|%0|EVET|%27|4|EVET|%0|EVET|%33|4|EVET|%0|EVET|%84|2|HAYIR|%0|EVET|%26|4|EVET|%0|EVET|%29
443|2026-07-30 20:28:28|4|1/3|EVET|%43|%21|HAYIR|%22|%41|0|HAYIR|%0|HAYIR|%0|1/4|EVET|%25|%31|C•B|HAYIR|%56|%52|BLOK_DUZ_TEKRAR|FRAGMENTARY_2|VADI>VADI>BLOK_DUZ|REGIME_SHIFT:0,75|EVET|%55|1|EVET|%0|EVET|%31|1|EVET|%0|EVET|%27|3|HAYIR|%0|EVET|%33|1|EVET|%0|EVET|%51|1|EVET|%0|EVET|%30|1|EVET|%0|EVET|%42|3|HAYIR|%0|EVET|%33|4|HAYIR|%0|EVET|%27|3|HAYIR|%0|EVET|%30|1|EVET|%0|EVET|%31|1|EVET|%0|EVET|%52|2|HAYIR|%0|EVET|%26|1|EVET|%0|EVET|%28
444|2026-07-30 20:28:30|1|1/3|HAYIR|%43|%21|HAYIR|%22|%27|0|HAYIR|%0|HAYIR|%0|1/3|HAYIR|%25|%31|T•B|EVET|%56|%53|TEPE_YON|FRAGMENTARY_2|VADI>DONGU>TEPE|REGIME_SHIFT:0,50,PATTERN_BREAK:0,59|EVET|%36|1|HAYIR|%0|EVET|%31|4|EVET|%0|EVET|%28|3|HAYIR|%0|EVET|%45|1|HAYIR|%0|EVET|%36|3|HAYIR|%0|EVET|%32|2|HAYIR|%0|EVET|%38|2|HAYIR|%0|EVET|%28|1|HAYIR|%0|EVET|%29|1|HAYIR|%0|EVET|%27|3|HAYIR|%0|EVET|%27|1|HAYIR|%0|EVET|%50|2|HAYIR|%0|EVET|%26|1|HAYIR|%0|EVET|%33
445|2026-07-30 20:28:32|4|4/2|HAYIR|%43|%21|HAYIR|%22|%37|0|HAYIR|%0|HAYIR|%0|4/2|HAYIR|%25|%32|C•B|HAYIR|%56|%58|VADI_YON|FRAGMENTARY_2|TEPE>TEPE>VADI|PATTERN_BREAK:0,59|EVET|%55|4|HAYIR|%0|EVET|%32|1|EVET|%0|EVET|%27|4|HAYIR|%0|EVET|%37|1|EVET|%0|EVET|%40|3|HAYIR|%0|EVET|%27|4|HAYIR|%0|EVET|%32|3|HAYIR|%0|EVET|%32|4|HAYIR|%0|EVET|%41|3|HAYIR|%0|EVET|%30|4|HAYIR|%0|EVET|%29|4|HAYIR|%0|EVET|%64|3|HAYIR|%0|EVET|%27|3|HAYIR|%0|EVET|%28
446|2026-07-30 20:28:34|1|1|EVET|%43|%21|HAYIR|%22|%66|0|HAYIR|%0|HAYIR|%0|1/4|EVET|%25|%59|T•B|EVET|%56|%52|TEPE_YON|FRAGMENTARY_2|BLOK_TERS>DONGU>TEPE||HAYIR|%76|1|EVET|%40|EVET|%59|3|HAYIR|%60|EVET|%28|1|EVET|%20|EVET|%100|1|EVET|%40|EVET|%49|1|EVET|%40|EVET|%44|1|EVET|%40|EVET|%85|4|HAYIR|%40|EVET|%29|1|EVET|%0|EVET|%28|1|EVET|%20|EVET|%26|1|EVET|%40|EVET|%47|1|EVET|%40|EVET|%99|3|HAYIR|%0|EVET|%27|1|EVET|%60|EVET|%30
447|2026-07-30 20:28:36|1|2/3|HAYIR|%43|%21|HAYIR|%22|%37|0|HAYIR|%0|HAYIR|%0|2/3|HAYIR|%25|%53|C•B|HAYIR|%56|%52|BLOK_TERS_TEKRAR|FRAGMENTARY_2|VADI>DONGU>BLOK_TERS|REGIME_SHIFT:0,75,PATTERN_BREAK:0,59|EVET|%42|2|HAYIR|%50|EVET|%53|1|EVET|%50|EVET|%29|2|HAYIR|%33|EVET|%87|3|HAYIR|%50|EVET|%43|2|HAYIR|%50|EVET|%43|2|HAYIR|%50|EVET|%65|3|HAYIR|%33|EVET|%32|2|HAYIR|%16|EVET|%32|1|EVET|%33|EVET|%28|2|HAYIR|%50|EVET|%47|2|HAYIR|%50|EVET|%96|3|HAYIR|%0|EVET|%27|3|HAYIR|%66|EVET|%38
448|2026-07-30 20:28:38|1|3/4|HAYIR|%43|%21|HAYIR|%22|%30|0|HAYIR|%0|HAYIR|%0|3/2|HAYIR|%25|%41|T•B|EVET|%56|%54|DONGU_YON|FRAGMENTARY_2|VADI>DONGU>DONGU|REGIME_SHIFT:0,75,PATTERN_BREAK:0,59|EVET|%37|3|HAYIR|%42|EVET|%41|4|HAYIR|%57|EVET|%29|2|HAYIR|%28|EVET|%43|3|HAYIR|%42|EVET|%45|4|HAYIR|%42|EVET|%42|4|HAYIR|%42|EVET|%39|3|HAYIR|%28|EVET|%31|3|HAYIR|%14|EVET|%32|1|EVET|%42|EVET|%29|3|HAYIR|%42|EVET|%29|3|HAYIR|%42|EVET|%79|3|HAYIR|%0|EVET|%27|3|HAYIR|%57|EVET|%36
449|2026-07-30 20:28:41|1|2/3|HAYIR|%43|%21|HAYIR|%22|%30|0|HAYIR|%0|HAYIR|%0|3/2|HAYIR|%25|%44|T•B|EVET|%56|%53|TEPE_YON|FRAGMENTARY_2|TEPE>VADI>TEPE|PATTERN_BREAK:0,59|EVET|%42|3|HAYIR|%37|EVET|%44|1|EVET|%50|EVET|%29|2|HAYIR|%25|EVET|%39|3|HAYIR|%37|EVET|%43|3|HAYIR|%37|EVET|%30|3|HAYIR|%37|EVET|%45|4|HAYIR|%25|EVET|%29|1|EVET|%12|EVET|%31|1|EVET|%50|EVET|%30|3|HAYIR|%37|EVET|%30|1|EVET|%37|EVET|%25|3|HAYIR|%0|EVET|%26|3|HAYIR|%50|EVET|%34
450|2026-07-30 20:28:43|1|1/3|HAYIR|%43|%21|HAYIR|%21|%48|0|HAYIR|%0|HAYIR|%0|3/2|HAYIR|%25|%43|T•B|HAYIR|%56|%53|DONGU_YON|FRAGMENTARY_2|TEPE>TEPE>DONGU||HAYIR|%58|3|HAYIR|%33|EVET|%43|4|HAYIR|%55|EVET|%29|1|HAYIR|%22|EVET|%43|3|HAYIR|%33|EVET|%39|3|HAYIR|%33|EVET|%30|3|HAYIR|%33|EVET|%45|2|EVET|%22|EVET|%30|1|HAYIR|%22|EVET|%33|1|HAYIR|%55|EVET|%31|3|HAYIR|%33|EVET|%29|1|HAYIR|%44|EVET|%34|3|HAYIR|%0|EVET|%26|1|HAYIR|%44|EVET|%34
451|2026-07-30 20:28:47|2|3/2|EVET|%43|%21|HAYIR|%21|%28|0|HAYIR|%0|HAYIR|%0|3/4|EVET|%25|%34|C•B|EVET|%56|%50|DONGU_YON|FRAGMENTARY_2|DONGU>BLOK_DUZ>DONGU|PATTERN_BREAK:0,59|EVET|%26|3|EVET|%30|EVET|%34|1|HAYIR|%50|EVET|%28|2|HAYIR|%20|EVET|%40|3|EVET|%30|EVET|%33|1|HAYIR|%30|EVET|%34|3|EVET|%30|EVET|%33|4|HAYIR|%30|EVET|%31|3|EVET|%20|EVET|%29|4|HAYIR|%50|EVET|%27|3|EVET|%30|EVET|%27|3|EVET|%40|EVET|%93|3|EVET|%0|EVET|%26|4|HAYIR|%40|EVET|%35
452|2026-07-30 20:28:50|3|1/4|HAYIR|%43|%21|HAYIR|%21|%32|0|HAYIR|%0|HAYIR|%0|1/2|HAYIR|%25|%38|C•K|HAYIR|%56|%54|VADI_YON|FRAGMENTARY_2|TEPE>TEPE>VADI|PATTERN_BREAK:0,59|EVET|%44|1|HAYIR|%36|EVET|%38|4|HAYIR|%45|EVET|%29|2|HAYIR|%18|EVET|%51|2|HAYIR|%36|EVET|%33|1|HAYIR|%27|EVET|%38|1|HAYIR|%36|EVET|%55|4|HAYIR|%27|EVET|%31|1|HAYIR|%27|EVET|%38|2|HAYIR|%45|EVET|%28|1|HAYIR|%36|EVET|%31|1|HAYIR|%45|EVET|%76|2|HAYIR|%9|EVET|%26|1|HAYIR|%36|EVET|%31
453|2026-07-30 20:28:53|3|1/2|EVET|%43|%21|HAYIR|%21|%31|0|HAYIR|%0|HAYIR|%0|2/1|HAYIR|%25|%47|C•K|EVET|%56|%54|BLOK_DUZ_TEKRAR|FRAGMENTARY_2|VADI>VADI>BLOK_DUZ|REGIME_SHIFT:0,75|EVET|%37|2|HAYIR|%33|EVET|%47|1|EVET|%41|EVET|%34|3|HAYIR|%16|EVET|%38|4|HAYIR|%33|EVET|%31|1|EVET|%25|EVET|%29|2|HAYIR|%33|EVET|%34|2|HAYIR|%25|EVET|%36|1|EVET|%25|EVET|%39|2|HAYIR|%41|EVET|%27|2|HAYIR|%33|EVET|%31|1|EVET|%41|EVET|%81|2|HAYIR|%8|EVET|%26|2|HAYIR|%33|EVET|%34
454|2026-07-30 20:29:09|1|2/1|HAYIR|%43|%21|HAYIR|%21|%29|0|HAYIR|%0|HAYIR|%0|2/3|HAYIR|%25|%45|C•B|EVET|%57|%52|TEPE_YON|FRAGMENTARY_2|BLOK_DUZ>TEPE>TEPE|REGIME_SHIFT:0,50,PATTERN_BREAK:0,59|EVET|%28|2|HAYIR|%30|EVET|%45|3|EVET|%46|EVET|%28|4|HAYIR|%15|EVET|%67|4|HAYIR|%30|EVET|%33|2|HAYIR|%30|EVET|%42|2|HAYIR|%30|EVET|%60|4|HAYIR|%23|EVET|%28|1|HAYIR|%30|EVET|%30|1|HAYIR|%38|EVET|%31|2|HAYIR|%30|EVET|%34|2|HAYIR|%46|EVET|%94|1|HAYIR|%7|EVET|%26|2|HAYIR|%30|EVET|%35
455|2026-07-30 20:29:13|3|1/4|HAYIR|%43|%21|EVET|%21|%34|0|HAYIR|%0|HAYIR|%0|4/3|EVET|%25|%44|T•B|EVET|%57|%51|BLOK_DUZ_TEKRAR|FRAGMENTARY_2|BLOK_DUZ>BLOK_TERS>BLOK_DUZ|REGIME_SHIFT:0,75|EVET|%49|4|EVET|%28|EVET|%44|1|HAYIR|%50|EVET|%48|4|EVET|%14|EVET|%53|4|EVET|%28|EVET|%35|3|HAYIR|%28|EVET|%44|4|EVET|%28|EVET|%42|4|EVET|%21|EVET|%30|1|HAYIR|%28|EVET|%33|2|HAYIR|%35|EVET|%27|4|EVET|%28|EVET|%30|4|EVET|%42|EVET|%99|2|HAYIR|%7|EVET|%26|4|EVET|%28|EVET|%32
456|2026-07-30 20:29:24|4|3/1|HAYIR|%43|%21|HAYIR|%21|%63|0|HAYIR|%0|HAYIR|%0|3/1|HAYIR|%25|%47|T•B|EVET|%57|%54|BLOK_DUZ_TEKRAR|FRAGMENTARY_2|BLOK_DUZ>DONGU>BLOK_DUZ||HAYIR|%64|3|HAYIR|%33|EVET|%47|1|HAYIR|%46|EVET|%33|3|HAYIR|%20|EVET|%52|4|EVET|%33|EVET|%29|3|HAYIR|%26|EVET|%38|3|HAYIR|%33|EVET|%60|3|HAYIR|%26|EVET|%31|3|HAYIR|%26|EVET|%36|3|HAYIR|%33|EVET|%29|3|HAYIR|%33|EVET|%39|3|HAYIR|%46|EVET|%93|2|HAYIR|%6|EVET|%26|3|HAYIR|%33|EVET|%35
457|2026-07-30 20:29:27|4|4/1|HAYIR|%43|%21|EVET|%22|%25|0|HAYIR|%0|HAYIR|%0|3/2|HAYIR|%25|%35|C•K|EVET|%57|%52|DONGU_YON|FRAGMENTARY_2|BLOK_DUZ>TEPE>DONGU|REGIME_SHIFT:0,75,PATTERN_BREAK:0,59|EVET|%26|3|HAYIR|%31|EVET|%35|1|EVET|%43|EVET|%30|4|HAYIR|%18|EVET|%32|3|HAYIR|%37|EVET|%29|4|HAYIR|%25|EVET|%29|3|HAYIR|%31|EVET|%36|1|EVET|%25|EVET|%29|1|EVET|%25|EVET|%33|3|HAYIR|%31|EVET|%29|3|HAYIR|%31|EVET|%30|4|HAYIR|%43|EVET|%61|2|HAYIR|%6|EVET|%26|3|HAYIR|%31|EVET|%34
458|2026-07-30 20:29:31|1|3/2|HAYIR|%43|%21|HAYIR|%22|%28|0|HAYIR|%0|HAYIR|%0|1/4|HAYIR|%25|%35|T•B|EVET|%57|%55|DONGU_YON|FRAGMENTARY_2|DALGA_TEK_SIM_1>DONGU>DONGU|PATTERN_BREAK:0,59|EVET|%43|1|HAYIR|%29|EVET|%35|3|HAYIR|%47|EVET|%28|4|EVET|%17|EVET|%44|1|HAYIR|%35|EVET|%30|3|HAYIR|%23|EVET|%29|3|HAYIR|%29|EVET|%29|4|EVET|%29|EVET|%28|1|HAYIR|%29|EVET|%31|1|HAYIR|%29|EVET|%30|4|EVET|%29|EVET|%27|3|HAYIR|%41|EVET|%39|3|HAYIR|%5|EVET|%27|1|HAYIR|%29|EVET|%35
459|2026-07-30 20:29:35|4|1/4|HAYIR|%43|%21|EVET|%22|%30|0|HAYIR|%0|HAYIR|%0|4/1|EVET|%25|%38|C•B|EVET|%57|%54|DONGU_YON|FRAGMENTARY_2|VADI>DONGU>DONGU|PATTERN_BREAK:0,59|EVET|%41|4|EVET|%27|EVET|%38|1|HAYIR|%44|EVET|%33|4|EVET|%22|EVET|%47|1|HAYIR|%33|EVET|%34|4|EVET|%22|EVET|%42|4|EVET|%27|EVET|%58|1|HAYIR|%33|EVET|%31|4|EVET|%27|EVET|%38|3|HAYIR|%27|EVET|%28|4|EVET|%33|EVET|%33|4|EVET|%38|EVET|%57|3|HAYIR|%5|EVET|%27|3|HAYIR|%27|EVET|%25
460|2026-07-30 20:29:37|4|3/1|EVET|%43|%21|HAYIR|%22|%0|0|HAYIR|%0|HAYIR|%0|3/1|EVET|%26|%0|T•K|EVET|%57|%0|DONGU_YON|FRAGMENTARY_2|TEPE>VADI>DONGU|PATTERN_BREAK:0,59|EVET|%0|3|EVET|%0|EVET|%0|4|HAYIR|%0|EVET|%0|3|EVET|%0|EVET|%0|3|EVET|%0|EVET|%0|3|EVET|%0|EVET|%0|3|EVET|%0|EVET|%0|1|HAYIR|%0|EVET|%0|3|EVET|%0|EVET|%0|3|EVET|%0|EVET|%0|3|EVET|%0|EVET|%0|3|EVET|%0|EVET|%0|3|EVET|%0|EVET|%0|3|EVET|%0|EVET|%0
461|2026-07-30 20:29:45|3|1/4|HAYIR|%43|%21|HAYIR|%22|%48|0|HAYIR|%0|HAYIR|%0|1/2|HAYIR|%25|%50|T•K|EVET|%57|%56|TEPE_YON|FRAGMENTARY_2|DONGU_TERS>BLOK_DUZ>TEPE|PATTERN_BREAK:0,59|EVET|%72|1|HAYIR|%0|EVET|%50|1|HAYIR|%0|EVET|%29|1|HAYIR|%0|EVET|%75|3|HAYIR|%0|EVET|%39|1|HAYIR|%0|EVET|%45|1|HAYIR|%0|EVET|%77|4|HAYIR|%0|EVET|%33|1|HAYIR|%0|EVET|%35|2|EVET|%0|EVET|%26|1|HAYIR|%0|EVET|%43|1|HAYIR|%0|EVET|%88|3|HAYIR|%0|EVET|%26|2|EVET|%0|EVET|%25
462|2026-07-30 20:29:48|2|4/3|EVET|%43|%21|HAYIR|%22|%29|0|HAYIR|%0|HAYIR|%0|3/4|HAYIR|%25|%30|C•B|EVET|%57|%55|TEPE_YON|FRAGMENTARY_2|DONGU>TEPE>TEPE|PATTERN_BREAK:0,59|EVET|%45|3|HAYIR|%0|EVET|%30|3|HAYIR|%0|EVET|%29|3|HAYIR|%0|EVET|%45|3|HAYIR|%0|EVET|%29|3|HAYIR|%0|EVET|%44|3|HAYIR|%0|EVET|%46|4|EVET|%0|EVET|%31|4|EVET|%0|EVET|%38|3|HAYIR|%0|EVET|%27|3|HAYIR|%0|EVET|%33|3|HAYIR|%0|EVET|%38|3|HAYIR|%0|EVET|%26|4|EVET|%0|EVET|%32
463|2026-07-30 20:29:51|4|1/4|HAYIR|%43|%21|HAYIR|%21|%54|0|HAYIR|%0|HAYIR|%0|1/2|HAYIR|%25|%34|T•B|EVET|%57|%56|VADI_YON|FRAGMENTARY_2|TEPE>BLOK_DUZ>VADI||HAYIR|%60|1|HAYIR|%0|EVET|%34|1|HAYIR|%0|EVET|%28|1|HAYIR|%0|EVET|%34|1|HAYIR|%0|EVET|%51|2|HAYIR|%0|EVET|%41|2|HAYIR|%0|EVET|%44|3|EVET|%0|EVET|%30|4|HAYIR|%0|EVET|%36|3|EVET|%0|EVET|%27|1|HAYIR|%0|EVET|%30|1|HAYIR|%0|EVET|%60|2|HAYIR|%0|EVET|%26|1|HAYIR|%0|EVET|%32
464|2026-07-30 20:29:54|3|4/1|HAYIR|%43|%21|HAYIR|%21|%27|0|HAYIR|%0|HAYIR|%0|2/3|EVET|%26|%31|T•B|HAYIR|%57|%51|VADI_YON|FRAGMENTARY_2|BLOK_TERS>BLOK_DUZ>VADI|PATTERN_BREAK:0,59|EVET|%39|2|EVET|%0|EVET|%31|3|HAYIR|%0|EVET|%44|3|HAYIR|%0|EVET|%48|3|HAYIR|%0|EVET|%42|4|HAYIR|%0|EVET|%31|2|EVET|%0|EVET|%37|4|HAYIR|%0|EVET|%32|1|HAYIR|%0|EVET|%30|2|EVET|%0|EVET|%28|3|HAYIR|%0|EVET|%27|2|EVET|%0|EVET|%51|2|EVET|%0|EVET|%26|2|EVET|%0|EVET|%29
465|2026-07-30 20:29:57|2|4/1|HAYIR|%43|%21|HAYIR|%21|%40|0|HAYIR|%0|HAYIR|%0|4/2|HAYIR|%25|%39|C•B|EVET|%57|%56|TEPE_YON|FRAGMENTARY_2|TEKRAR>DONGU>TEPE||HAYIR|%45|4|HAYIR|%40|EVET|%39|1|HAYIR|%0|EVET|%32|4|HAYIR|%20|EVET|%36|3|HAYIR|%20|EVET|%33|4|HAYIR|%20|EVET|%43|4|HAYIR|%40|EVET|%41|4|HAYIR|%40|EVET|%33|1|HAYIR|%40|EVET|%32|4|HAYIR|%80|EVET|%28|4|HAYIR|%20|EVET|%33|3|HAYIR|%40|EVET|%36|2|EVET|%40|EVET|%26|4|HAYIR|%80|EVET|%35
466|2026-07-30 20:30:00|2|3/4|HAYIR|%43|%21|HAYIR|%21|%29|0|HAYIR|%0|HAYIR|%0|1/4|EVET|%26|%27|T•K|EVET|%58|%55|DONGU_TERS_YON|FRAGMENTARY_2|TEKRAR>DONGU>DONGU_TERS|PATTERN_BREAK:0,59|EVET|%47|1|EVET|%33|EVET|%27|3|HAYIR|%0|EVET|%28|4|HAYIR|%16|EVET|%47|3|HAYIR|%16|EVET|%37|2|HAYIR|%16|EVET|%42|2|HAYIR|%33|EVET|%33|1|EVET|%33|EVET|%31|3|HAYIR|%33|EVET|%29|4|HAYIR|%66|EVET|%27|4|HAYIR|%16|EVET|%27|4|HAYIR|%33|EVET|%41|2|HAYIR|%50|EVET|%26|3|HAYIR|%66|EVET|%29
467|2026-07-30 20:30:03|1|1/2|EVET|%43|%21|HAYIR|%21|%29|0|HAYIR|%0|HAYIR|%0|2/1|HAYIR|%26|%38|C•K|EVET|%58|%52|BLOK_TERS_TEKRAR|FRAGMENTARY_2|BLOK_DUZ>DONGU>BLOK_TERS|REGIME_SHIFT:0,75,PATTERN_BREAK:0,59|EVET|%47|2|HAYIR|%42|EVET|%38|1|EVET|%0|EVET|%34|3|HAYIR|%14|EVET|%49|3|HAYIR|%14|EVET|%35|2|HAYIR|%14|EVET|%42|2|HAYIR|%28|EVET|%61|4|HAYIR|%42|EVET|%29|1|EVET|%28|EVET|%27|1|EVET|%57|EVET|%30|2|HAYIR|%14|EVET|%33|2|HAYIR|%28|EVET|%65|2|HAYIR|%42|EVET|%26|1|EVET|%57|EVET|%36
468|2026-07-30 20:30:06|1|1/3|HAYIR|%43|%21|HAYIR|%21|%33|0|HAYIR|%0|HAYIR|%0|3/2|HAYIR|%26|%37|T•B|EVET|%58|%54|VADI_YON|FRAGMENTARY_2|BLOK_DUZ>DONGU>VADI|REGIME_SHIFT:0,75|EVET|%42|3|HAYIR|%37|EVET|%37|3|HAYIR|%12|EVET|%28|3|HAYIR|%12|EVET|%45|2|HAYIR|%12|EVET|%37|3|HAYIR|%12|EVET|%31|3|HAYIR|%25|EVET|%45|3|HAYIR|%37|EVET|%32|1|HAYIR|%37|EVET|%30|1|HAYIR|%62|EVET|%31|3|HAYIR|%12|EVET|%33|3|HAYIR|%25|EVET|%85|2|HAYIR|%37|EVET|%26|1|HAYIR|%62|EVET|%32
469|2026-07-30 20:30:11|4|3/1|EVET|%43|%21|HAYIR|%21|%32|0|HAYIR|%0|HAYIR|%0|4/3|HAYIR|%25|%31|T•B|EVET|%58|%54|TEPE_YON|FRAGMENTARY_2|BLOK_DUZ>TEPE>TEPE|PATTERN_BREAK:0,59|EVET|%31|4|HAYIR|%33|EVET|%31|1|HAYIR|%11|EVET|%33|3|EVET|%11|EVET|%56|2|HAYIR|%11|EVET|%34|3|EVET|%11|EVET|%43|3|EVET|%22|EVET|%45|3|EVET|%33|EVET|%32|1|HAYIR|%33|EVET|%28|3|EVET|%55|EVET|%28|3|EVET|%11|EVET|%33|3|EVET|%22|EVET|%59|3|EVET|%33|EVET|%26|4|HAYIR|%55|EVET|%30
470|2026-07-30 20:30:21|3|2/4|HAYIR|%43|%21|HAYIR|%21|%36|0|HAYIR|%0|HAYIR|%0|2/3|HAYIR|%25|%32|T•K|EVET|%58|%56|BLOK_TERS_TEKRAR|FRAGMENTARY_2|TEPE>TEPE>BLOK_TERS|REGIME_SHIFT:0,75,PATTERN_BREAK:0,59|EVET|%63|2|HAYIR|%30|EVET|%32|3|HAYIR|%10|EVET|%28|3|HAYIR|%20|EVET|%47|3|HAYIR|%10|EVET|%45|3|HAYIR|%20|EVET|%44|3|HAYIR|%30|EVET|%47|4|HAYIR|%40|EVET|%31|2|HAYIR|%30|EVET|%26|2|HAYIR|%60|EVET|%29|3|HAYIR|%20|EVET|%34|2|HAYIR|%30|EVET|%75|3|HAYIR|%40|EVET|%26|2|HAYIR|%50|EVET|%32
471|2026-07-30 20:30:25|1|4/3|EVET|%43|%21|HAYIR|%21|%28|0|HAYIR|%0|HAYIR|%0|2/3|HAYIR|%25|%34|C•B|EVET|%58|%56|BLOK_TERS_TEKRAR|FRAGMENTARY_2|VADI>VADI>BLOK_TERS|PATTERN_BREAK:0,59|EVET|%47|2|HAYIR|%27|EVET|%34|1|HAYIR|%9|EVET|%35|1|HAYIR|%18|EVET|%31|4|EVET|%9|EVET|%40|4|EVET|%18|EVET|%42|2|HAYIR|%27|EVET|%34|4|EVET|%36|EVET|%30|1|HAYIR|%27|EVET|%35|1|HAYIR|%54|EVET|%30|4|EVET|%18|EVET|%27|1|HAYIR|%27|EVET|%48|3|HAYIR|%36|EVET|%26|2|HAYIR|%45|EVET|%32
472|2026-07-30 20:30:38|4|3/4|HAYIR|%43|%21|HAYIR|%21|%28|0|HAYIR|%0|HAYIR|%0|4/3|HAYIR|%25|%42|C•B|HAYIR|%58|%56|VADI_YON|FRAGMENTARY_2|VADI>VADI>VADI|REGIME_SHIFT:0,75,PATTERN_BREAK:0,59|EVET|%34|4|HAYIR|%25|EVET|%42|4|HAYIR|%8|EVET|%29|4|HAYIR|%16|EVET|%60|4|HAYIR|%16|EVET|%42|4|HAYIR|%25|EVET|%43|4|HAYIR|%25|EVET|%57|3|HAYIR|%41|EVET|%33|4|HAYIR|%25|EVET|%47|3|HAYIR|%50|EVET|%29|4|HAYIR|%25|EVET|%38|3|HAYIR|%25|EVET|%58|3|HAYIR|%33|EVET|%26|3|HAYIR|%41|EVET|%29
473|2026-07-30 20:30:40|1|1/4|HAYIR|%43|%21|EVET|%21|%46|0|HAYIR|%0|HAYIR|%0|1/4|HAYIR|%25|%51|C•B|EVET|%58|%54|VADI_YON|FRAGMENTARY_2|BLOK_DUZ>TEPE>VADI|PATTERN_BREAK:0,59|EVET|%71|1|HAYIR|%23|EVET|%51|1|HAYIR|%7|EVET|%32|1|HAYIR|%15|EVET|%100|1|HAYIR|%15|EVET|%49|1|HAYIR|%23|EVET|%46|1|HAYIR|%23|EVET|%73|4|EVET|%38|EVET|%31|1|HAYIR|%23|EVET|%35|1|HAYIR|%46|EVET|%30|1|HAYIR|%23|EVET|%47|1|HAYIR|%23|EVET|%99|3|HAYIR|%30|EVET|%26|1|HAYIR|%38|EVET|%33
474|2026-07-30 20:30:42|4|4/1|EVET|%43|%21|HAYIR|%21|%46|0|HAYIR|%0|HAYIR|%0|4/1|EVET|%25|%33|T•K|HAYIR|%58|%55|TEPE_YON|FRAGMENTARY_2|TEPE>DONGU_TERS>TEPE||HAYIR|%57|4|EVET|%21|EVET|%33|4|EVET|%7|EVET|%29|4|EVET|%14|EVET|%44|1|HAYIR|%14|EVET|%46|4|EVET|%21|EVET|%28|4|EVET|%21|EVET|%35|3|HAYIR|%42|EVET|%32|4|EVET|%21|EVET|%43|3|HAYIR|%42|EVET|%29|4|EVET|%21|EVET|%30|4|EVET|%21|EVET|%68|3|HAYIR|%28|EVET|%26|3|HAYIR|%35|EVET|%27
475|2026-07-30 20:30:44|4|3/1|HAYIR|%43|%21|EVET|%21|%44|0|HAYIR|%0|HAYIR|%0|3/1|HAYIR|%25|%58|T•B|EVET|%58|%60|TEPE_YON|FRAGMENTARY_2|VADI>BLOK_TERS>TEPE|PATTERN_BREAK:0,59|EVET|%65|3|HAYIR|%26|EVET|%58|1|EVET|%13|EVET|%28|3|HAYIR|%20|EVET|%88|4|HAYIR|%13|EVET|%42|3|HAYIR|%26|EVET|%42|3|HAYIR|%26|EVET|%72|1|EVET|%40|EVET|%31|3|HAYIR|%26|EVET|%34|3|HAYIR|%40|EVET|%28|3|HAYIR|%26|EVET|%47|3|HAYIR|%26|EVET|%93|3|HAYIR|%26|EVET|%26|3|HAYIR|%33|EVET|%30
476|2026-07-30 20:30:47|1|4/1|HAYIR|%43|%21|HAYIR|%21|%40|0|HAYIR|%0|HAYIR|%0|4/1|HAYIR|%25|%39|T•B|EVET|%58|%53|DONGU_YON|FRAGMENTARY_2|VADI>VADI>DONGU|PATTERN_BREAK:0,59|EVET|%67|4|HAYIR|%25|EVET|%39|4|HAYIR|%18|EVET|%29|4|HAYIR|%18|EVET|%51|3|EVET|%12|EVET|%41|3|EVET|%25|EVET|%42|3|EVET|%25|EVET|%42|4|HAYIR|%43|EVET|%34|4|HAYIR|%25|EVET|%37|1|HAYIR|%37|EVET|%29|4|HAYIR|%25|EVET|%30|4|HAYIR|%25|EVET|%38|1|HAYIR|%25|EVET|%26|4|HAYIR|%31|EVET|%34
477|2026-07-30 20:30:50|3|4/2|HAYIR|%43|%21|HAYIR|%21|%42|0|HAYIR|%0|HAYIR|%0|4/2|HAYIR|%25|%50|C•K|EVET|%58|%55|VADI_YON|FRAGMENTARY_2|TEPE>TEPE>VADI|PATTERN_BREAK:0,59|EVET|%65|4|HAYIR|%23|EVET|%50|1|EVET|%17|EVET|%30|4|HAYIR|%17|EVET|%72|3|HAYIR|%17|EVET|%30|4|HAYIR|%29|EVET|%31|4|HAYIR|%29|EVET|%47|4|HAYIR|%41|EVET|%31|4|HAYIR|%23|EVET|%39|2|HAYIR|%35|EVET|%28|4|HAYIR|%23|EVET|%36|4|HAYIR|%23|EVET|%78|1|EVET|%23|EVET|%26|4|HAYIR|%29|EVET|%35
478|2026-07-30 20:30:53|1|3/1|HAYIR|%43|%21|HAYIR|%21|%34|0|HAYIR|%0|HAYIR|%0|3/2|HAYIR|%25|%32|T•B|HAYIR|%58|%52|DONGU_TERS_YON|FRAGMENTARY_2|BLOK_TERS>BLOK_TERS>DONGU_TERS|PATTERN_BREAK:0,59|EVET|%50|3|HAYIR|%22|EVET|%32|3|HAYIR|%22|EVET|%29|3|HAYIR|%16|EVET|%40|4|HAYIR|%16|EVET|%45|3|HAYIR|%27|EVET|%36|3|HAYIR|%27|EVET|%37|4|HAYIR|%38|EVET|%33|4|HAYIR|%22|EVET|%33|1|HAYIR|%33|EVET|%29|3|HAYIR|%22|EVET|%30|3|HAYIR|%22|EVET|%95|1|HAYIR|%27|EVET|%26|2|EVET|%27|EVET|%30
479|2026-07-30 20:30:57|2|4/1|HAYIR|%43|%21|HAYIR|%21|%30|0|HAYIR|%0|HAYIR|%0|4/3|HAYIR|%25|%40|T•B|HAYIR|%58|%57|DONGU_TERS_YON|FRAGMENTARY_2|VADI>BLOK_TERS>DONGU_TERS|PATTERN_BREAK:0,59|EVET|%38|4|HAYIR|%21|EVET|%40|1|HAYIR|%21|EVET|%31|4|HAYIR|%15|EVET|%60|2|EVET|%15|EVET|%34|4|HAYIR|%26|EVET|%31|4|HAYIR|%26|EVET|%44|4|HAYIR|%36|EVET|%33|4|HAYIR|%21|EVET|%36|4|HAYIR|%31|EVET|%27|4|HAYIR|%21|EVET|%34|4|HAYIR|%21|EVET|%79|1|HAYIR|%26|EVET|%26|3|HAYIR|%31|EVET|%33
480|2026-07-30 20:30:58|2|2/3|HAYIR|%43|%21|EVET|%21|%28|0|HAYIR|%0|HAYIR|%0|1/2|HAYIR|%25|%32|T•K|EVET|%58|%52|TEPE_YON|FRAGMENTARY_2|DONGU>VADI>TEPE|PATTERN_BREAK:0,59|EVET|%30|1|HAYIR|%20|EVET|%32|4|HAYIR|%20|EVET|%29|2|HAYIR|%15|EVET|%27|1|HAYIR|%20|EVET|%35|3|EVET|%25|EVET|%30|1|HAYIR|%25|EVET|%33|1|HAYIR|%35|EVET|%36|3|EVET|%20|EVET|%32|4|HAYIR|%30|EVET|%27|1|HAYIR|%20|EVET|%29|2|HAYIR|%20|EVET|%76|1|HAYIR|%25|EVET|%26|1|HAYIR|%30|EVET|%31
481|2026-07-30 20:31:03|3|2/1|HAYIR|%43|%21|HAYIR|%21|%31|0|HAYIR|%0|HAYIR|%0|1/4|HAYIR|%25|%31|C•K|EVET|%58|%54|VADI_YON|FRAGMENTARY_2|TEPE>VADI>VADI|PATTERN_BREAK:0,59|EVET|%45|1|HAYIR|%19|EVET|%31|1|HAYIR|%19|EVET|%31|4|EVET|%14|EVET|%37|1|HAYIR|%19|EVET|%29|2|HAYIR|%28|EVET|%41|2|HAYIR|%23|EVET|%30|4|EVET|%33|EVET|%30|1|HAYIR|%23|EVET|%33|2|HAYIR|%28|EVET|%28|1|HAYIR|%19|EVET|%28|4|EVET|%19|EVET|%55|1|HAYIR|%23|EVET|%26|1|HAYIR|%28|EVET|%30
482|2026-07-30 20:31:05|4|3/1|HAYIR|%43|%21|HAYIR|%21|%33|0|HAYIR|%0|HAYIR|%0|3/4|HAYIR|%25|%47|C•K|EVET|%58|%54|VADI_YON|FRAGMENTARY_2|BLOK_TERS>TEPE>VADI|PATTERN_BREAK:0,59|EVET|%64|3|HAYIR|%18|EVET|%47|3|HAYIR|%18|EVET|%29|3|HAYIR|%18|EVET|%40|1|HAYIR|%18|EVET|%36|3|HAYIR|%27|EVET|%34|3|HAYIR|%22|EVET|%50|3|HAYIR|%36|EVET|%31|1|HAYIR|%22|EVET|%31|3|HAYIR|%27|EVET|%28|3|HAYIR|%18|EVET|%32|3|HAYIR|%22|EVET|%91|3|HAYIR|%22|EVET|%26|3|HAYIR|%27|EVET|%33
483|2026-07-30 20:31:06|2|3/1|EVET|%43|%21|HAYIR|%21|%30|0|HAYIR|%0|HAYIR|%0|1/2|HAYIR|%25|%30|T•B|EVET|%58|%62|TEPE_YON|FRAGMENTARY_2|BLOK_TERS>TEPE>TEPE|PATTERN_BREAK:0,59|EVET|%38|1|HAYIR|%17|EVET|%30|1|HAYIR|%17|EVET|%32|3|EVET|%17|EVET|%64|1|HAYIR|%17|EVET|%37|1|HAYIR|%26|EVET|%26|2|HAYIR|%21|EVET|%32|4|HAYIR|%34|EVET|%32|1|HAYIR|%21|EVET|%36|3|EVET|%26|EVET|%27|3|EVET|%17|EVET|%28|3|EVET|%21|EVET|%39|3|EVET|%21|EVET|%26|2|HAYIR|%26|EVET|%28
484|2026-07-30 20:31:08|3|1/4|EVET|%43|%21|HAYIR|%21|%33|0|HAYIR|%0|HAYIR|%0|1/4|EVET|%25|%41|T•K|EVET|%58|%53|VADI_YON|FRAGMENTARY_2|BLOK_TERS>DONGU>VADI|PATTERN_BREAK:0,59|EVET|%39|1|EVET|%16|EVET|%41|4|HAYIR|%16|EVET|%27|1|EVET|%20|EVET|%72|1|EVET|%16|EVET|%32|1|EVET|%25|EVET|%37|1|EVET|%20|EVET|%53|4|HAYIR|%33|EVET|%31|4|HAYIR|%20|EVET|%41|2|HAYIR|%29|EVET|%27|1|EVET|%20|EVET|%37|1|EVET|%25|EVET|%99|3|HAYIR|%25|EVET|%26|1|EVET|%25|EVET|%28
485|2026-07-30 20:31:10|1|2/3|HAYIR|%43|%21|HAYIR|%21|%36|0|HAYIR|%0|HAYIR|%0|2/3|HAYIR|%25|%32|C•B|HAYIR|%58|%54|TEPE_YON|FRAGMENTARY_2|VADI>VADI>TEPE|PATTERN_BREAK:0,59|EVET|%45|2|HAYIR|%20|EVET|%32|1|EVET|%16|EVET|%31|2|HAYIR|%24|EVET|%38|4|HAYIR|%20|EVET|%35|1|EVET|%28|EVET|%33|1|EVET|%24|EVET|%33|4|HAYIR|%32|EVET|%31|1|EVET|%20|EVET|%30|1|EVET|%28|EVET|%28|3|HAYIR|%24|EVET|%26|2|HAYIR|%28|EVET|%79|3|HAYIR|%24|EVET|%26|2|HAYIR|%28|EVET|%33
486|2026-07-30 20:31:11|1|3/1|HAYIR|%43|%21|HAYIR|%21|%32|0|HAYIR|%0|HAYIR|%0|3/1|HAYIR|%25|%39|C•K|EVET|%58|%52|TEPE_YON|FRAGMENTARY_2|TEPE>DONGU_TERS>TEPE|PATTERN_BREAK:0,59|EVET|%34|3|HAYIR|%19|EVET|%39|4|EVET|%19|EVET|%29|3|HAYIR|%23|EVET|%42|3|HAYIR|%19|EVET|%34|1|HAYIR|%30|EVET|%47|1|HAYIR|%26|EVET|%54|3|HAYIR|%30|EVET|%29|1|HAYIR|%23|EVET|%28|1|HAYIR|%30|EVET|%29|3|HAYIR|%23|EVET|%30|3|HAYIR|%26|EVET|%96|3|HAYIR|%23|EVET|%26|1|HAYIR|%26|EVET|%30
487|2026-07-30 20:31:30|4|3/1|EVET|%43|%21|HAYIR|%21|%58|0|HAYIR|%0|HAYIR|%0|3/4|EVET|%25|%31|T•B|EVET|%58|%54|TEPE_YON|FRAGMENTARY_2|TEPE>DONGU_TERS>TEPE||HAYIR|%59|3|EVET|%18|EVET|%31|1|HAYIR|%22|EVET|%30|3|EVET|%22|EVET|%80|4|HAYIR|%18|EVET|%33|3|EVET|%29|EVET|%36|3|EVET|%25|EVET|%54|3|EVET|%29|EVET|%30|1|HAYIR|%22|EVET|%35|3|EVET|%29|EVET|%27|3|EVET|%22|EVET|%37|3|EVET|%25|EVET|%72|3|EVET|%22|EVET|%26|4|HAYIR|%25|EVET|%30
488|2026-07-30 20:31:36|3|2/1|EVET|%43|%22|HAYIR|%21|%26|0|HAYIR|%0|HAYIR|%0|1/2|HAYIR|%25|%33|C•K|EVET|%58|%54|TEPE_YON|FRAGMENTARY_2|VADI>TEPE>TEPE|PATTERN_BREAK:0,59|EVET|%29|1|HAYIR|%21|EVET|%33|4|HAYIR|%21|EVET|%30|1|HAYIR|%25|EVET|%66|3|HAYIR|%17|EVET|%40|3|HAYIR|%32|EVET|%35|3|HAYIR|%28|EVET|%46|4|HAYIR|%32|EVET|%30|1|HAYIR|%21|EVET|%37|2|EVET|%32|EVET|%27|1|HAYIR|%25|EVET|%31|2|EVET|%28|EVET|%71|3|HAYIR|%25|EVET|%26|2|EVET|%25|EVET|%30
489|2026-07-30 20:31:40|2|2/3|HAYIR|%43|%22|HAYIR|%21|%31|0|HAYIR|%0|HAYIR|%0|2/4|HAYIR|%25|%38|T•B|EVET|%59|%58|DONGU_YON|FRAGMENTARY_2|DONGU>VADI>DONGU|PATTERN_BREAK:0,59|EVET|%44|2|HAYIR|%20|EVET|%38|1|EVET|%20|EVET|%30|2|HAYIR|%24|EVET|%46|1|EVET|%17|EVET|%26|2|HAYIR|%31|EVET|%41|2|HAYIR|%27|EVET|%54|4|HAYIR|%31|EVET|%31|4|HAYIR|%20|EVET|%31|3|HAYIR|%34|EVET|%28|2|HAYIR|%24|EVET|%33|2|HAYIR|%31|EVET|%34|1|EVET|%24|EVET|%26|4|HAYIR|%27|EVET|%32
490|2026-07-30 20:31:47|1|2/4|EVET|%43|%22|HAYIR|%21|%27|0|HAYIR|%0|HAYIR|%0|1/2|HAYIR|%25|%36|T•K|EVET|%59|%52|TEPE_YON|FRAGMENTARY_2|DONGU>VADI>TEPE|PATTERN_BREAK:0,59|EVET|%29|1|HAYIR|%20|EVET|%36|4|HAYIR|%23|EVET|%29|2|EVET|%23|EVET|%31|3|HAYIR|%20|EVET|%37|1|HAYIR|%30|EVET|%34|1|HAYIR|%26|EVET|%47|4|HAYIR|%30|EVET|%31|4|HAYIR|%20|EVET|%43|1|HAYIR|%33|EVET|%29|1|HAYIR|%23|EVET|%28|2|EVET|%30|EVET|%75|1|HAYIR|%26|EVET|%26|1|HAYIR|%26|EVET|%39
491|2026-07-30 20:31:56|2|3/1|EVET|%43|%22|HAYIR|%21|%43|0|HAYIR|%0|HAYIR|%0|3/4|EVET|%25|%53|T•B|EVET|%59|%55|VADI_YON|FRAGMENTARY_2|VADI>TEPE>VADI|PATTERN_BREAK:0,59|EVET|%56|3|EVET|%19|EVET|%53|1|HAYIR|%22|EVET|%32|3|EVET|%25|EVET|%54|3|EVET|%19|EVET|%34|3|EVET|%29|EVET|%42|3|EVET|%25|EVET|%77|4|HAYIR|%29|EVET|%30|4|HAYIR|%19|EVET|%30|3|EVET|%32|EVET|%27|3|EVET|%22|EVET|%40|3|EVET|%32|EVET|%99|1|HAYIR|%25|EVET|%26|3|EVET|%25|EVET|%31
492|2026-07-30 20:32:02|3|1/2|HAYIR|%43|%22|EVET|%21|%46|0|HAYIR|%0|HAYIR|%0|1/4|HAYIR|%25|%47|C•K|EVET|%59|%56|TEPE_YON|FRAGMENTARY_2|DALGA_TEK_SIM_3>VADI>TEPE|PATTERN_BREAK:0,59|EVET|%58|1|HAYIR|%21|EVET|%47|3|HAYIR|%21|EVET|%28|1|HAYIR|%28|EVET|%41|3|HAYIR|%21|EVET|%28|1|HAYIR|%31|EVET|%46|1|HAYIR|%28|EVET|%63|4|HAYIR|%28|EVET|%29|2|EVET|%18|EVET|%27|2|EVET|%34|EVET|%28|1|HAYIR|%25|EVET|%36|1|HAYIR|%34|EVET|%76|1|HAYIR|%25|EVET|%26|1|HAYIR|%28|EVET|%32
493|2026-07-30 20:32:08|2|1/4|HAYIR|%43|%22|EVET|%21|%27|0|HAYIR|%0|HAYIR|%0|4/2|EVET|%25|%30|T•K|HAYIR|%59|%60|ZIGZAK_KOM_SALINIMM|FRAGMENTARY_2|VADI>TEPE>ZIGZAK_KOM|PATTERN_BREAK:0,59|EVET|%33|4|EVET|%21|EVET|%30|1|HAYIR|%21|EVET|%35|3|HAYIR|%27|EVET|%29|4|EVET|%21|EVET|%29|1|HAYIR|%30|EVET|%29|2|HAYIR|%27|EVET|%28|3|HAYIR|%27|EVET|%29|2|HAYIR|%21|EVET|%30|3|HAYIR|%36|EVET|%28|3|HAYIR|%24|EVET|%26|4|EVET|%33|EVET|%70|1|HAYIR|%24|EVET|%26|4|EVET|%27|EVET|%30
494|2026-07-30 20:32:13|4|1/3|EVET|%44|%22|HAYIR|%21|%0|0|HAYIR|%0|HAYIR|%0|1/3|EVET|%25|%0|T•K|EVET|%59|%0|VADI_YON|FRAGMENTARY_2|DONGU_TERS>TEPE>VADI|PATTERN_BREAK:0,59|EVET|%0|1|EVET|%0|EVET|%0|4|HAYIR|%0|EVET|%0|3|HAYIR|%0|EVET|%0|1|EVET|%0|EVET|%0|1|EVET|%0|EVET|%0|1|EVET|%0|EVET|%0|3|HAYIR|%0|EVET|%0|1|EVET|%0|EVET|%0|3|HAYIR|%0|EVET|%0|1|EVET|%0|EVET|%0|1|EVET|%0|EVET|%0|2|HAYIR|%0|EVET|%0|1|EVET|%0|EVET|%0
495|2026-08-03 17:57:19|1|4/1|EVET|%44|%22|HAYIR|%21|%33|0|HAYIR|%0|HAYIR|%0|4/1|EVET|%26|%38|T•B|EVET|%59|%52|DONGU_TERS_YON|FRAGMENTARY_2|DONGU_TERS>TEPE>DONGU_TERS|PATTERN_BREAK:0,59|EVET|%41|4|EVET|%0|EVET|%38|1|HAYIR|%0|EVET|%30|4|EVET|%0|EVET|%51|1|HAYIR|%0|EVET|%34|1|HAYIR|%0|EVET|%33|2|HAYIR|%0|EVET|%30|4|EVET|%0|EVET|%30|1|HAYIR|%0|EVET|%31|1|HAYIR|%0|EVET|%27|4|EVET|%0|EVET|%29|4|EVET|%0|EVET|%54|3|HAYIR|%0|EVET|%27|1|HAYIR|%0|EVET|%31
496|2026-08-03 17:57:20|4|4/1|HAYIR|%44|%22|HAYIR|%21|%33|0|HAYIR|%0|HAYIR|%0|1/4|HAYIR|%25|%32|C•K|EVET|%59|%54|VADI_YON|FRAGMENTARY_2|VADI>TEPE>VADI|PATTERN_BREAK:0,59|EVET|%30|1|HAYIR|%0|EVET|%32|4|HAYIR|%0|EVET|%27|1|HAYIR|%0|EVET|%46|4|HAYIR|%0|EVET|%44|1|HAYIR|%0|EVET|%46|1|HAYIR|%0|EVET|%48|3|HAYIR|%0|EVET|%30|4|HAYIR|%0|EVET|%41|3|HAYIR|%0|EVET|%31|1|HAYIR|%0|EVET|%34|4|HAYIR|%0|EVET|%77|3|HAYIR|%0|EVET|%26|3|HAYIR|%0|EVET|%29
497|2026-08-03 17:57:21|2|1/2|HAYIR|%43|%22|HAYIR|%21|%44|0|HAYIR|%0|HAYIR|%0|1/2|HAYIR|%25|%43|T•B|EVET|%59|%57|DONGU_TERS_YON|FRAGMENTARY_2|BLOK_DUZ>DONGU>DONGU_TERS|PATTERN_BREAK:0,59|EVET|%57|1|HAYIR|%0|EVET|%43|1|HAYIR|%0|EVET|%30|1|HAYIR|%0|EVET|%69|1|HAYIR|%0|EVET|%39|1|HAYIR|%0|EVET|%45|1|HAYIR|%0|EVET|%57|4|EVET|%0|EVET|%30|1|HAYIR|%0|EVET|%28|3|HAYIR|%0|EVET|%28|1|HAYIR|%0|EVET|%41|1|HAYIR|%0|EVET|%57|1|HAYIR|%0|EVET|%26|2|HAYIR|%0|EVET|%27
498|2026-08-03 17:57:23|4|1/4|EVET|%44|%22|HAYIR|%21|%36|0|HAYIR|%0|HAYIR|%0|1/3|EVET|%26|%35|T•K|EVET|%59|%58|DONGU_YON|FRAGMENTARY_2|BLOK_DUZ>TEPE>DONGU|PATTERN_BREAK:0,59|EVET|%50|1|EVET|%0|EVET|%35|2|HAYIR|%0|EVET|%27|1|EVET|%0|EVET|%74|1|EVET|%0|EVET|%31|4|HAYIR|%0|EVET|%29|1|EVET|%0|EVET|%31|3|HAYIR|%0|EVET|%29|1|EVET|%0|EVET|%29|3|HAYIR|%0|EVET|%30|1|EVET|%0|EVET|%35|4|HAYIR|%0|EVET|%43|1|EVET|%0|EVET|%26|1|EVET|%0|EVET|%31
499|2026-08-03 17:57:24|1|4/1|HAYIR|%44|%22|EVET|%21|%62|0|HAYIR|%0|HAYIR|%0|4/1|HAYIR|%26|%47|T•B|EVET|%59|%53|DONGU_YON|FRAGMENTARY_2|TEPE>VADI>DONGU||HAYIR|%59|4|HAYIR|%60|EVET|%47|1|EVET|%0|EVET|%30|4|HAYIR|%40|EVET|%69|1|EVET|%40|EVET|%29|4|HAYIR|%20|EVET|%44|4|HAYIR|%40|EVET|%50|4|HAYIR|%40|EVET|%32|4|HAYIR|%40|EVET|%35|1|EVET|%0|EVET|%27|4|HAYIR|%60|EVET|%40|4|HAYIR|%40|EVET|%66|1|EVET|%20|EVET|%26|1|EVET|%40|EVET|%30
500|2026-08-03 17:57:25|1|2/4|HAYIR|%44|%22|HAYIR|%21|%28|0|HAYIR|%0|HAYIR|%0|2/3|HAYIR|%25|%33|C•K|EVET|%59|%52|DONGU_YON|FRAGMENTARY_2|DONGU_TERS>TEPE>DONGU|PATTERN_BREAK:0,59|EVET|%37|2|HAYIR|%50|EVET|%33|2|HAYIR|%16|EVET|%26|2|HAYIR|%33|EVET|%56|3|HAYIR|%50|EVET|%38|3|HAYIR|%16|EVET|%33|3|HAYIR|%33|EVET|%43|4|HAYIR|%33|EVET|%28|1|EVET|%33|EVET|%29|1|EVET|%16|EVET|%27|2|HAYIR|%50|EVET|%31|2|HAYIR|%33|EVET|%62|1|EVET|%33|EVET|%26|3|HAYIR|%50|EVET|%33
501|2026-08-03 17:57:27|1|3/1|HAYIR|%44|%22|HAYIR|%21|%36|0|HAYIR|%0|HAYIR|%0|1/3|HAYIR|%25|%32|T•B|HAYIR|%59|%50|DONGU_YON|FRAGMENTARY_2|DONGU_TERS>ZIGZAK_KOM>DONGU|PATTERN_BREAK:0,59|EVET|%54|1|HAYIR|%42|EVET|%32|1|HAYIR|%14|EVET|%31|1|HAYIR|%28|EVET|%35|1|HAYIR|%42|EVET|%32|1|HAYIR|%14|EVET|%35|1|HAYIR|%28|EVET|%34|3|HAYIR|%28|EVET|%29|1|HAYIR|%42|EVET|%37|1|HAYIR|%28|EVET|%28|1|HAYIR|%42|EVET|%31|3|HAYIR|%28|EVET|%68|1|HAYIR|%42|EVET|%26|3|HAYIR|%42|EVET|%32
502|2026-08-03 17:57:28|2|3/4|HAYIR|%43|%22|HAYIR|%21|%34|0|HAYIR|%0|HAYIR|%0|3/4|HAYIR|%25|%45|T•B|EVET|%59|%53|DONGU_YON|FRAGMENTARY_2|TEPE>VADI>DONGU|PATTERN_BREAK:0,59|EVET|%38|3|HAYIR|%37|EVET|%45|4|HAYIR|%12|EVET|%26|3|HAYIR|%25|EVET|%41|2|HAYIR|%37|EVET|%29|1|EVET|%12|EVET|%30|3|HAYIR|%25|EVET|%39|4|HAYIR|%25|EVET|%32|3|HAYIR|%37|EVET|%31|3|HAYIR|%25|EVET|%27|3|HAYIR|%37|EVET|%32|3|HAYIR|%25|EVET|%92|1|EVET|%37|EVET|%26|4|HAYIR|%37|EVET|%32
503|2026-08-03 17:57:28|1|4/3|HAYIR|%43|%22|HAYIR|%21|%29|0|HAYIR|%0|HAYIR|%0|4/1|HAYIR|%25|%36|C•K|EVET|%59|%53|DONGU_YON|FRAGMENTARY_2|VADI>DONGU_TERS>DONGU|PATTERN_BREAK:0,59|EVET|%45|4|HAYIR|%33|EVET|%36|1|EVET|%11|EVET|%30|3|HAYIR|%22|EVET|%30|3|HAYIR|%33|EVET|%38|4|HAYIR|%22|EVET|%43|4|HAYIR|%22|EVET|%68|4|HAYIR|%22|EVET|%31|2|HAYIR|%33|EVET|%32|1|EVET|%22|EVET|%27|4|HAYIR|%33|EVET|%34|4|HAYIR|%22|EVET|%93|1|EVET|%44|EVET|%26|1|EVET|%33|EVET|%36
504|2026-08-03 17:57:29|1|3/4|HAYIR|%43|%22|EVET|%21|%35|0|HAYIR|%0|HAYIR|%0|3/2|HAYIR|%25|%30|T•B|EVET|%60|%56|TEPE_YON|FRAGMENTARY_2|TEPE>VADI>TEPE|PATTERN_BREAK:0,59|EVET|%60|3|HAYIR|%30|EVET|%30|4|EVET|%20|EVET|%26|3|HAYIR|%20|EVET|%46|3|HAYIR|%30|EVET|%29|1|HAYIR|%20|EVET|%28|3|HAYIR|%20|EVET|%41|2|HAYIR|%20|EVET|%27|1|HAYIR|%30|EVET|%36|1|HAYIR|%30|EVET|%28|3|HAYIR|%30|EVET|%29|3|HAYIR|%20|EVET|%80|3|HAYIR|%50|EVET|%26|3|HAYIR|%40|EVET|%32
505|2026-08-03 17:57:32|4|3/4|HAYIR|%43|%22|HAYIR|%21|%38|0|HAYIR|%0|HAYIR|%0|3/4|HAYIR|%25|%44|T•B|EVET|%60|%55|VADI_YON|FRAGMENTARY_2|TEPE>DONGU_TERS>VADI|PATTERN_BREAK:0,59|EVET|%62|3|HAYIR|%27|EVET|%44|1|EVET|%27|EVET|%31|3|HAYIR|%18|EVET|%92|1|EVET|%27|EVET|%31|3|HAYIR|%18|EVET|%40|3|HAYIR|%18|EVET|%75|1|EVET|%18|EVET|%31|1|EVET|%27|EVET|%37|3|HAYIR|%27|EVET|%30|3|HAYIR|%27|EVET|%41|3|HAYIR|%18|EVET|%92|3|HAYIR|%45|EVET|%26|3|HAYIR|%36|EVET|%28
506|2026-08-03 17:57:32|1|1/4|HAYIR|%43|%22|HAYIR|%21|%30|0|HAYIR|%0|HAYIR|%0|1/4|HAYIR|%25|%43|C•K|HAYIR|%59|%56|TEPE_YON|FRAGMENTARY_2|AZALIS>DONGU>TEPE|PATTERN_BREAK:0,59|EVET|%34|1|HAYIR|%25|EVET|%43|4|HAYIR|%33|EVET|%29|1|HAYIR|%16|EVET|%70|1|HAYIR|%33|EVET|%33|1|HAYIR|%16|EVET|%44|1|HAYIR|%16|EVET|%60|4|HAYIR|%25|EVET|%31|4|HAYIR|%33|EVET|%34|1|HAYIR|%25|EVET|%28|1|HAYIR|%25|EVET|%38|1|HAYIR|%16|EVET|%94|3|EVET|%41|EVET|%26|1|HAYIR|%33|EVET|%32
507|2026-08-03 17:57:33|3|4/1|HAYIR|%43|%22|HAYIR|%21|%29|0|HAYIR|%0|HAYIR|%0|4/2|HAYIR|%25|%43|C•K|HAYIR|%59|%56|DONGU_TERS_YON|FRAGMENTARY_2|VADI>DONGU>DONGU_TERS|PATTERN_BREAK:0,59|EVET|%27|4|HAYIR|%23|EVET|%43|1|HAYIR|%30|EVET|%32|1|HAYIR|%15|EVET|%41|4|HAYIR|%30|EVET|%27|1|HAYIR|%15|EVET|%28|4|HAYIR|%15|EVET|%40|2|HAYIR|%23|EVET|%29|1|HAYIR|%30|EVET|%43|2|HAYIR|%23|EVET|%28|1|HAYIR|%23|EVET|%29|4|HAYIR|%15|EVET|%57|3|EVET|%46|EVET|%26|4|HAYIR|%30|EVET|%33
508|2026-08-03 17:57:34|3|4/3|HAYIR|%43|%22|HAYIR|%21|%29|0|HAYIR|%0|HAYIR|%0|2/3|HAYIR|%25|%41|T•K|EVET|%59|%51|DONGU_TERS_YON|FRAGMENTARY_2|VADI>DONGU>DONGU_TERS|PATTERN_BREAK:0,59|EVET|%47|2|HAYIR|%21|EVET|%41|4|HAYIR|%28|EVET|%27|2|HAYIR|%14|EVET|%31|2|HAYIR|%28|EVET|%38|2|HAYIR|%14|EVET|%30|2|HAYIR|%14|EVET|%46|2|HAYIR|%21|EVET|%34|3|HAYIR|%28|EVET|%32|2|HAYIR|%21|EVET|%28|2|HAYIR|%21|EVET|%32|2|HAYIR|%14|EVET|%81|3|HAYIR|%50|EVET|%26|2|HAYIR|%28|EVET|%32
509|2026-08-03 17:57:37|1|3/4|HAYIR|%43|%22|EVET|%21|%49|0|HAYIR|%0|HAYIR|%0|2/3|HAYIR|%25|%36|C•B|EVET|%60|%52|VADI_YON|FRAGMENTARY_2|TEPE>DONGU>VADI||HAYIR|%57|2|HAYIR|%20|EVET|%36|1|HAYIR|%26|EVET|%33|4|EVET|%13|EVET|%51|4|EVET|%26|EVET|%35|2|HAYIR|%13|EVET|%30|2|HAYIR|%13|EVET|%48|4|EVET|%20|EVET|%30|1|HAYIR|%26|EVET|%29|1|HAYIR|%20|EVET|%28|2|HAYIR|%20|EVET|%28|2|HAYIR|%13|EVET|%68|3|HAYIR|%46|EVET|%26|2|HAYIR|%26|EVET|%34
510|2026-08-03 17:57:38|4|1/4|HAYIR|%43|%22|HAYIR|%21|%30|0|HAYIR|%0|HAYIR|%0|3/1|EVET|%25|%30|T•K|EVET|%60|%52|TEPE_YON|FRAGMENTARY_2|DONGU>DONGU>TEPE|PATTERN_BREAK:0,59|EVET|%39|3|EVET|%18|EVET|%30|4|HAYIR|%25|EVET|%27|3|EVET|%18|EVET|%47|4|HAYIR|%31|EVET|%40|3|EVET|%12|EVET|%41|3|EVET|%12|EVET|%48|1|HAYIR|%25|EVET|%33|1|HAYIR|%25|EVET|%35|3|EVET|%18|EVET|%30|3|EVET|%18|EVET|%30|3|EVET|%12|EVET|%38|1|HAYIR|%43|EVET|%27|3|EVET|%25|EVET|%27
511|2026-08-03 17:57:39|3|2/1|HAYIR|%43|%22|HAYIR|%21|%26|0|HAYIR|%0|HAYIR|%0|2/1|HAYIR|%25|%48|C•K|EVET|%60|%51|TEPE_YON|FRAGMENTARY_2|TEPE>DONGU>TEPE|PATTERN_BREAK:0,59|EVET|%32|2|HAYIR|%23|EVET|%48|1|HAYIR|%23|EVET|%31|2|HAYIR|%23|EVET|%73|3|HAYIR|%29|EVET|%37|2|HAYIR|%17|EVET|%40|2|HAYIR|%17|EVET|%65|2|HAYIR|%23|EVET|%29|1|HAYIR|%23|EVET|%36|2|HAYIR|%23|EVET|%28|2|HAYIR|%23|EVET|%39|2|HAYIR|%17|EVET|%61|1|HAYIR|%41|EVET|%27|2|HAYIR|%29|EVET|%29
512|2026-08-03 17:57:40|4|3/2|EVET|%43|%22|HAYIR|%21|%29|0|HAYIR|%0|HAYIR|%0|3/2|EVET|%25|%39|T•K|EVET|%60|%55|VADI_YON|FRAGMENTARY_2|DONGU_TERS>TEPE>VADI|PATTERN_BREAK:0,59|EVET|%39|3|EVET|%22|EVET|%39|3|EVET|%22|EVET|%25|1|HAYIR|%22|EVET|%48|2|HAYIR|%27|EVET|%38|2|HAYIR|%16|EVET|%28|2|HAYIR|%16|EVET|%37|1|HAYIR|%22|EVET|%32|1|HAYIR|%22|EVET|%30|3|EVET|%22|EVET|%30|3|EVET|%22|EVET|%28|2|HAYIR|%16|EVET|%65|1|HAYIR|%38|EVET|%27|3|EVET|%27|EVET|%34
513|2026-08-03 17:57:46|3|4/2|HAYIR|%43|%22|EVET|%21|%28|0|HAYIR|%0|HAYIR|%0|2/4|EVET|%25|%30|C•B|EVET|%60|%52|DONGU_TERS_YON|FRAGMENTARY_2|DONGU>VADI>DONGU_TERS|PATTERN_BREAK:0,59|EVET|%41|2|EVET|%26|EVET|%30|1|HAYIR|%26|EVET|%31|1|HAYIR|%21|EVET|%28|3|HAYIR|%26|EVET|%42|4|HAYIR|%15|EVET|%31|4|HAYIR|%15|EVET|%34|4|HAYIR|%21|EVET|%30|1|HAYIR|%21|EVET|%35|2|EVET|%26|EVET|%28|2|EVET|%26|EVET|%26|4|HAYIR|%15|EVET|%49|1|HAYIR|%36|EVET|%27|2|EVET|%31|EVET|%28
514|2026-08-03 17:57:47|2|1/4|HAYIR|%43|%22|EVET|%21|%25|0|HAYIR|%0|HAYIR|%0|1/4|HAYIR|%25|%28|T•B|EVET|%60|%53|DONGU_TERS_YON|FRAGMENTARY_2|DONGU>TEPE>DONGU_TERS|PATTERN_BREAK:0,59|EVET|%29|1|HAYIR|%30|EVET|%28|3|HAYIR|%25|EVET|%27|1|HAYIR|%20|EVET|%34|2|HAYIR|%25|EVET|%27|1|HAYIR|%15|EVET|%47|1|HAYIR|%15|EVET|%59|4|EVET|%20|EVET|%31|4|EVET|%20|EVET|%37|3|HAYIR|%30|EVET|%27|1|HAYIR|%30|EVET|%31|2|HAYIR|%15|EVET|%35|1|HAYIR|%35|EVET|%26|4|EVET|%35|EVET|%31
515|2026-08-03 17:57:48|4|3/1|HAYIR|%43|%22|HAYIR|%21|%56|0|HAYIR|%0|HAYIR|%0|1/3|HAYIR|%25|%38|T•K|EVET|%60|%58|DONGU_TERS_YON|FRAGMENTARY_2|DONGU_TERS>DONGU_TERS>DONGU_TERS||HAYIR|%71|1|HAYIR|%28|EVET|%38|1|HAYIR|%23|EVET|%29|3|HAYIR|%19|EVET|%42|1|HAYIR|%23|EVET|%47|3|HAYIR|%14|EVET|%29|3|HAYIR|%14|EVET|%35|3|HAYIR|%23|EVET|%31|1|HAYIR|%23|EVET|%33|3|HAYIR|%28|EVET|%31|1|HAYIR|%28|EVET|%31|1|HAYIR|%14|EVET|%62|1|HAYIR|%33|EVET|%26|1|HAYIR|%38|EVET|%32
516|2026-08-03 17:57:48|2|1/2|HAYIR|%43|%22|HAYIR|%21|%30|0|HAYIR|%0|HAYIR|%0|1/4|HAYIR|%25|%35|T•B|EVET|%60|%57|DONGU_TERS_YON|FRAGMENTARY_2|TEPE>DONGU_TERS>DONGU_TERS|PATTERN_BREAK:0,59|EVET|%52|1|HAYIR|%27|EVET|%35|4|HAYIR|%22|EVET|%28|1|HAYIR|%18|EVET|%33|1|HAYIR|%22|EVET|%40|1|HAYIR|%13|EVET|%47|1|HAYIR|%13|EVET|%45|4|HAYIR|%22|EVET|%32|4|HAYIR|%22|EVET|%28|3|EVET|%27|EVET|%27|1|HAYIR|%27|EVET|%31|4|HAYIR|%13|EVET|%39|1|HAYIR|%31|EVET|%26|1|HAYIR|%36|EVET|%26
517|2026-08-03 17:57:53|3|1/2|EVET|%43|%22|HAYIR|%21|%29|0|HAYIR|%0|HAYIR|%0|1/2|EVET|%25|%42|T•K|EVET|%60|%52|DONGU_TERS_YON|FRAGMENTARY_2|BLOK_TERS>VADI>DONGU_TERS|PATTERN_BREAK:0,59|EVET|%44|1|EVET|%26|EVET|%42|1|EVET|%21|EVET|%30|1|EVET|%17|EVET|%45|4|HAYIR|%21|EVET|%33|2|HAYIR|%13|EVET|%41|1|EVET|%13|EVET|%48|2|HAYIR|%21|EVET|%30|2|HAYIR|%21|EVET|%30|2|HAYIR|%30|EVET|%28|1|EVET|%26|EVET|%32|1|EVET|%13|EVET|%97|3|HAYIR|%30|EVET|%26|1|EVET|%34|EVET|%31
518|2026-08-03 17:57:53|1|1/2|HAYIR|%43|%22|HAYIR|%21|%28|0|HAYIR|%0|HAYIR|%0|2/1|HAYIR|%25|%30|T•B|EVET|%60|%51|TEPE_YON|FRAGMENTARY_2|BLOK_DUZ>TEPE>TEPE|PATTERN_BREAK:0,59|EVET|%40|2|HAYIR|%29|EVET|%30|3|HAYIR|%25|EVET|%27|1|HAYIR|%20|EVET|%41|4|EVET|%20|EVET|%32|1|HAYIR|%12|EVET|%35|1|HAYIR|%16|EVET|%37|4|EVET|%20|EVET|%31|4|EVET|%20|EVET|%37|1|HAYIR|%29|EVET|%27|1|HAYIR|%29|EVET|%28|2|HAYIR|%16|EVET|%64|3|HAYIR|%29|EVET|%26|2|HAYIR|%37|EVET|%33
519|2026-08-03 17:57:54|4|3/4|HAYIR|%43|%22|HAYIR|%21|%53|0|HAYIR|%0|HAYIR|%0|3/4|HAYIR|%25|%36|C•K|EVET|%60|%52|VADI_YON|FRAGMENTARY_2|TEPE>TEPE>VADI||HAYIR|%73|3|HAYIR|%28|EVET|%36|1|HAYIR|%24|EVET|%31|3|HAYIR|%20|EVET|%60|4|HAYIR|%24|EVET|%35|3|HAYIR|%12|EVET|%42|3|HAYIR|%16|EVET|%48|3|HAYIR|%24|EVET|%31|1|HAYIR|%24|EVET|%36|3|HAYIR|%28|EVET|%31|3|HAYIR|%28|EVET|%35|3|HAYIR|%16|EVET|%52|3|HAYIR|%28|EVET|%26|3|HAYIR|%36|EVET|%29
520|2026-08-03 17:57:57|2|3/4|HAYIR|%43|%22|HAYIR|%21|%34|0|HAYIR|%0|HAYIR|%0|2/1|HAYIR|%25|%30|T•B|EVET|%60|%52|DONGU_TERS_YON|FRAGMENTARY_2|TEPE>VADI>DONGU_TERS|PATTERN_BREAK:0,59|EVET|%61|2|HAYIR|%26|EVET|%30|3|HAYIR|%23|EVET|%28|4|HAYIR|%19|EVET|%35|1|EVET|%23|EVET|%35|2|HAYIR|%11|EVET|%41|2|HAYIR|%15|EVET|%45|4|HAYIR|%23|EVET|%31|3|HAYIR|%23|EVET|%30|3|HAYIR|%26|EVET|%27|2|HAYIR|%26|EVET|%27|1|EVET|%15|EVET|%56|3|HAYIR|%26|EVET|%26|3|HAYIR|%34|EVET|%25
521|2026-08-03 17:57:58|1|1/2|HAYIR|%43|%22|HAYIR|%21|%35|0|HAYIR|%0|HAYIR|%0|1/3|HAYIR|%25|%44|C•K|HAYIR|%60|%53|TEPE_YON|FRAGMENTARY_2|VADI>DONGU_TERS>TEPE|PATTERN_BREAK:0,59|EVET|%57|1|HAYIR|%25|EVET|%44|1|HAYIR|%22|EVET|%31|1|HAYIR|%18|EVET|%46|3|EVET|%25|EVET|%31|1|HAYIR|%11|EVET|%35|1|HAYIR|%14|EVET|%51|4|HAYIR|%22|EVET|%33|4|HAYIR|%22|EVET|%42|1|HAYIR|%25|EVET|%27|1|HAYIR|%25|EVET|%33|1|HAYIR|%18|EVET|%91|3|EVET|%25|EVET|%26|1|HAYIR|%33|EVET|%38
522|2026-08-03 17:57:59|3|2/4|HAYIR|%43|%21|HAYIR|%21|%27|0|HAYIR|%0|HAYIR|%0|4/2|HAYIR|%25|%44|C•B|EVET|%60|%54|DONGU_YON|FRAGMENTARY_2|DONGU_TERS>DONGU_TERS>DONGU|PATTERN_BREAK:0,59|EVET|%42|4|HAYIR|%25|EVET|%44|3|EVET|%21|EVET|%26|4|HAYIR|%17|EVET|%44|4|HAYIR|%28|EVET|%33|4|HAYIR|%10|EVET|%43|4|HAYIR|%14|EVET|%55|2|HAYIR|%21|EVET|%29|1|HAYIR|%21|EVET|%31|2|HAYIR|%25|EVET|%28|4|HAYIR|%25|EVET|%35|2|HAYIR|%17|EVET|%82|3|EVET|%28|EVET|%26|4|HAYIR|%32|EVET|%32
523|2026-08-03 17:58:00|3|1/2|HAYIR|%43|%21|EVET|%21|%50|0|HAYIR|%0|HAYIR|%0|2/1|EVET|%25|%35|C•K|EVET|%60|%54|TEPE_YON|FRAGMENTARY_2|DONGU_TERS>DONGU_TERS>TEPE||HAYIR|%67|2|EVET|%24|EVET|%35|1|HAYIR|%24|EVET|%29|1|HAYIR|%17|EVET|%44|1|HAYIR|%27|EVET|%29|3|HAYIR|%10|EVET|%43|2|EVET|%13|EVET|%40|1|HAYIR|%20|EVET|%37|1|HAYIR|%20|EVET|%40|2|EVET|%24|EVET|%28|1|HAYIR|%24|EVET|%31|2|EVET|%17|EVET|%80|1|HAYIR|%31|EVET|%26|2|EVET|%31|EVET|%31
524|2026-08-03 17:58:04|2|4/3|HAYIR|%43|%21|EVET|%21|%29|0|HAYIR|%0|HAYIR|%0|4/3|HAYIR|%25|%41|T•B|EVET|%61|%55|VADI_YON|FRAGMENTARY_2|VADI>DONGU_TERS>VADI|PATTERN_BREAK:0,59|EVET|%34|4|HAYIR|%26|EVET|%41|3|EVET|%23|EVET|%28|4|HAYIR|%16|EVET|%42|1|HAYIR|%26|EVET|%36|3|EVET|%10|EVET|%30|4|HAYIR|%16|EVET|%39|4|HAYIR|%20|EVET|%30|3|EVET|%20|EVET|%33|3|EVET|%26|EVET|%27|4|HAYIR|%23|EVET|%31|4|HAYIR|%20|EVET|%91|1|HAYIR|%30|EVET|%26|4|HAYIR|%33|EVET|%33
525|2026-08-03 17:58:05|3|1/2|HAYIR|%43|%21|EVET|%21|%30|0|HAYIR|%0|HAYIR|%0|4/1|HAYIR|%25|%35|C•K|EVET|%61|%55|TEPE_YON|FRAGMENTARY_2|DALGA_TEK_SIM_2>DONGU_TERS>TEPE|PATTERN_BREAK:0,59|EVET|%48|4|HAYIR|%25|EVET|%35|1|HAYIR|%25|EVET|%30|4|HAYIR|%16|EVET|%44|4|HAYIR|%25|EVET|%44|4|HAYIR|%12|EVET|%42|4|HAYIR|%16|EVET|%55|2|EVET|%19|EVET|%29|1|HAYIR|%22|EVET|%31|2|EVET|%29|EVET|%28|4|HAYIR|%22|EVET|%35|2|EVET|%19|EVET|%58|1|HAYIR|%29|EVET|%26|1|HAYIR|%32|EVET|%32
526|2026-08-03 17:58:05|2|4/3|EVET|%43|%22|HAYIR|%21|%34|0|HAYIR|%0|HAYIR|%0|4/2|EVET|%25|%41|T•B|EVET|%61|%55|VADI_YON|FRAGMENTARY_2|VADI>TEPE>VADI|PATTERN_BREAK:0,59|EVET|%49|4|EVET|%25|EVET|%41|3|HAYIR|%25|EVET|%28|1|HAYIR|%15|EVET|%36|4|EVET|%25|EVET|%32|4|EVET|%12|EVET|%29|4|EVET|%15|EVET|%46|4|EVET|%21|EVET|%30|3|HAYIR|%21|EVET|%29|3|HAYIR|%31|EVET|%28|4|EVET|%21|EVET|%31|4|EVET|%21|EVET|%81|1|HAYIR|%28|EVET|%26|4|EVET|%31|EVET|%32
527|2026-08-03 17:58:06|4|1/3|HAYIR|%43|%21|EVET|%21|%40|0|HAYIR|%0|HAYIR|%0|1/3|HAYIR|%25|%40|T•K|EVET|%61|%57|VADI_YON|FRAGMENTARY_2|TEPE>VADI>VADI|PATTERN_BREAK:0,59|EVET|%60|1|HAYIR|%27|EVET|%40|1|HAYIR|%24|EVET|%31|1|HAYIR|%15|EVET|%35|1|HAYIR|%27|EVET|%53|3|EVET|%15|EVET|%43|3|EVET|%18|EVET|%39|3|EVET|%24|EVET|%30|1|HAYIR|%21|EVET|%32|3|EVET|%30|EVET|%30|1|HAYIR|%24|EVET|%33|1|HAYIR|%24|EVET|%59|1|HAYIR|%27|EVET|%26|1|HAYIR|%33|EVET|%31
528|2026-08-03 17:58:10|3|2/4|HAYIR|%43|%21|HAYIR|%21|%36|0|HAYIR|%0|HAYIR|%0|2/4|HAYIR|%25|%44|T•K|EVET|%61|%51|TEPE_YON|FRAGMENTARY_2|TEPE>DONGU_TERS>TEPE|PATTERN_BREAK:0,59|EVET|%57|2|HAYIR|%26|EVET|%44|4|HAYIR|%23|EVET|%28|2|HAYIR|%14|EVET|%49|3|HAYIR|%26|EVET|%43|4|HAYIR|%17|EVET|%30|2|HAYIR|%20|EVET|%50|2|HAYIR|%26|EVET|%30|2|HAYIR|%20|EVET|%34|2|HAYIR|%32|EVET|%28|2|HAYIR|%23|EVET|%33|2|HAYIR|%23|EVET|%69|1|EVET|%26|EVET|%26|2|HAYIR|%32|EVET|%30
529|2026-08-03 17:58:11|1|1/2|HAYIR|%43|%21|HAYIR|%21|%29|0|HAYIR|%0|HAYIR|%0|2/4|HAYIR|%25|%31|T•B|EVET|%61|%56|DONGU_YON|FRAGMENTARY_2|DONGU>TEPE>DONGU|PATTERN_BREAK:0,59|EVET|%40|2|HAYIR|%25|EVET|%31|1|HAYIR|%22|EVET|%29|4|EVET|%14|EVET|%37|3|HAYIR|%25|EVET|%36|2|HAYIR|%17|EVET|%41|2|HAYIR|%20|EVET|%39|4|EVET|%25|EVET|%32|4|EVET|%20|EVET|%37|1|HAYIR|%31|EVET|%27|2|HAYIR|%22|EVET|%28|2|HAYIR|%22|EVET|%46|1|HAYIR|%28|EVET|%26|2|HAYIR|%31|EVET|%32
530|2026-08-03 17:58:12|4|3/4|EVET|%43|%22|HAYIR|%21|%55|0|HAYIR|%0|HAYIR|%0|1/3|HAYIR|%25|%26|T•K|EVET|%61|%54|DONGU_YON|FRAGMENTARY_2|TEPE>DONGU>DONGU||HAYIR|%78|1|HAYIR|%25|EVET|%26|3|EVET|%22|EVET|%27|1|HAYIR|%16|EVET|%34|4|HAYIR|%25|EVET|%33|4|HAYIR|%16|EVET|%35|4|HAYIR|%19|EVET|%41|3|EVET|%27|EVET|%32|3|EVET|%22|EVET|%34|3|EVET|%30|EVET|%31|3|EVET|%22|EVET|%27|3|EVET|%22|EVET|%49|3|EVET|%27|EVET|%26|3|EVET|%30|EVET|%29
531|2026-08-03 17:58:13|3|2/4|EVET|%43|%22|HAYIR|%21|%38|0|HAYIR|%0|HAYIR|%0|2/4|EVET|%25|%37|T•B|HAYIR|%61|%51|DONGU_YON|FRAGMENTARY_2|VADI>TEPE>DONGU|PATTERN_BREAK:0,59|EVET|%57|2|EVET|%24|EVET|%37|1|HAYIR|%24|EVET|%29|4|HAYIR|%16|EVET|%41|3|HAYIR|%24|EVET|%42|2|EVET|%16|EVET|%33|2|EVET|%18|EVET|%49|2|EVET|%29|EVET|%29|1|HAYIR|%24|EVET|%32|2|EVET|%32|EVET|%28|2|EVET|%24|EVET|%32|2|EVET|%24|EVET|%60|3|HAYIR|%29|EVET|%26|2|EVET|%32|EVET|%29
532|2026-08-03 17:58:15|2|4/3|HAYIR|%43|%22|HAYIR|%21|%34|0|HAYIR|%0|HAYIR|%0|4/2|HAYIR|%25|%31|C•B|EVET|%61|%52|DONGU_YON|FRAGMENTARY_2|DONGU>VADI>DONGU|PATTERN_BREAK:0,59|EVET|%54|4|HAYIR|%26|EVET|%31|3|HAYIR|%23|EVET|%30|2|EVET|%15|EVET|%35|2|EVET|%23|EVET|%29|2|EVET|%18|EVET|%42|2|EVET|%21|EVET|%54|4|HAYIR|%31|EVET|%31|4|HAYIR|%23|EVET|%32|3|HAYIR|%34|EVET|%28|2|EVET|%26|EVET|%29|2|EVET|%26|EVET|%30|3|HAYIR|%28|EVET|%26|4|HAYIR|%34|EVET|%33
533|2026-08-03 17:58:15|2|1/3|HAYIR|%43|%22|HAYIR|%21|%29|0|HAYIR|%0|HAYIR|%0|1/4|HAYIR|%25|%38|T•K|EVET|%61|%58|TEPE_YON|FRAGMENTARY_2|DONGU_TERS>TEPE>TEPE|PATTERN_BREAK:0,59|EVET|%38|1|HAYIR|%25|EVET|%38|2|EVET|%23|EVET|%27|1|HAYIR|%17|EVET|%42|3|HAYIR|%25|EVET|%31|1|HAYIR|%20|EVET|%32|1|HAYIR|%23|EVET|%44|1|HAYIR|%30|EVET|%32|3|HAYIR|%23|EVET|%32|3|HAYIR|%33|EVET|%27|1|HAYIR|%28|EVET|%32|1|HAYIR|%28|EVET|%58|3|HAYIR|%28|EVET|%26|3|HAYIR|%33|EVET|%30
534|2026-08-03 17:58:16|2|3/4|HAYIR|%43|%22|HAYIR|%21|%33|0|HAYIR|%0|HAYIR|%0|3/1|HAYIR|%25|%48|T•B|HAYIR|%61|%60|BLOK_TERS_TEKRAR|FRAGMENTARY_2|DONGU_TERS>VADI>BLOK_TERS|REGIME_SHIFT:0,75,PATTERN_BREAK:0,59|EVET|%70|3|HAYIR|%25|EVET|%48|3|HAYIR|%25|EVET|%28|3|HAYIR|%17|EVET|%51|3|HAYIR|%25|EVET|%48|3|HAYIR|%20|EVET|%43|3|HAYIR|%22|EVET|%69|3|HAYIR|%30|EVET|%46|3|HAYIR|%22|EVET|%37|3|HAYIR|%32|EVET|%27|3|HAYIR|%27|EVET|%45|3|HAYIR|%27|EVET|%89|3|HAYIR|%27|EVET|%26|3|HAYIR|%32|EVET|%29
535|2026-08-03 17:58:17|2|3/1|HAYIR|%43|%22|EVET|%21|%30|0|HAYIR|%0|HAYIR|%0|3/1|HAYIR|%25|%41|T•B|EVET|%61|%60|BLOK_TERS_TEKRAR|FRAGMENTARY_2|VADI>VADI>BLOK_TERS|PATTERN_BREAK:0,59|EVET|%46|3|HAYIR|%24|EVET|%41|1|EVET|%24|EVET|%32|3|HAYIR|%17|EVET|%43|3|HAYIR|%24|EVET|%47|3|HAYIR|%19|EVET|%33|3|HAYIR|%21|EVET|%45|4|HAYIR|%29|EVET|%30|3|HAYIR|%21|EVET|%33|3|HAYIR|%31|EVET|%27|3|HAYIR|%26|EVET|%36|1|EVET|%26|EVET|%25|3|HAYIR|%26|EVET|%26|3|HAYIR|%31|EVET|%28
536|2026-08-03 17:58:18|1|1/3|EVET|%43|%22|HAYIR|%21|%31|0|HAYIR|%0|HAYIR|%0|1/3|EVET|%25|%37|T•K|EVET|%61|%54|TEPE_YON|FRAGMENTARY_2|DONGU>TEPE>TEPE|REGIME_SHIFT:0,50,PATTERN_BREAK:0,59|EVET|%40|1|EVET|%23|EVET|%37|3|HAYIR|%26|EVET|%28|3|HAYIR|%16|EVET|%43|3|HAYIR|%23|EVET|%45|3|HAYIR|%19|EVET|%43|1|EVET|%21|EVET|%34|4|HAYIR|%28|EVET|%33|2|HAYIR|%21|EVET|%29|1|EVET|%30|EVET|%27|3|HAYIR|%26|EVET|%32|1|EVET|%28|EVET|%62|1|EVET|%26|EVET|%26|1|EVET|%30|EVET|%36
537|2026-08-03 17:58:19|1|3/1|HAYIR|%43|%22|HAYIR|%21|%30|0|HAYIR|%0|HAYIR|%0|4/3|EVET|%25|%29|C•B|EVET|%61|%53|BLOK_TERS_TEKRAR|FRAGMENTARY_2|TEPE>DONGU>BLOK_TERS|REGIME_SHIFT:0,75,PATTERN_BREAK:0,59|EVET|%36|4|EVET|%25|EVET|%29|1|HAYIR|%25|EVET|%30|4|EVET|%16|EVET|%37|3|HAYIR|%23|EVET|%30|2|HAYIR|%18|EVET|%27|3|HAYIR|%23|EVET|%36|4|EVET|%27|EVET|%30|1|HAYIR|%20|EVET|%33|1|HAYIR|%32|EVET|%27|3|HAYIR|%25|EVET|%27|3|HAYIR|%30|EVET|%76|1|HAYIR|%27|EVET|%26|3|HAYIR|%32|EVET|%31
538|2026-08-03 17:58:21|4|3/1|HAYIR|%43|%22|HAYIR|%21|%58|0|HAYIR|%0|HAYIR|%0|3/1|HAYIR|%25|%44|C•K|EVET|%61|%50|VADI_YON|FRAGMENTARY_2|VADI>DONGU>VADI|REGIME_SHIFT:0,50|EVET|%75|3|HAYIR|%27|EVET|%44|3|HAYIR|%25|EVET|%27|3|HAYIR|%18|EVET|%64|3|HAYIR|%22|EVET|%28|3|HAYIR|%18|EVET|%42|3|HAYIR|%22|EVET|%70|3|HAYIR|%29|EVET|%33|3|HAYIR|%20|EVET|%47|3|HAYIR|%31|EVET|%31|3|HAYIR|%25|EVET|%44|3|HAYIR|%29|EVET|%91|1|HAYIR|%27|EVET|%26|3|HAYIR|%31|EVET|%31
539|2026-08-03 17:58:22|2|1/2|HAYIR|%43|%22|HAYIR|%21|%37|0|HAYIR|%0|HAYIR|%0|1/2|HAYIR|%25|%32|T•K|EVET|%61|%50|TEPE_YON|FRAGMENTARY_2|VADI>DONGU>TEPE|PATTERN_BREAK:0,59|EVET|%55|1|HAYIR|%26|EVET|%32|1|HAYIR|%24|EVET|%28|1|HAYIR|%17|EVET|%45|1|HAYIR|%22|EVET|%37|2|HAYIR|%17|EVET|%44|2|HAYIR|%22|EVET|%39|4|HAYIR|%28|EVET|%30|1|HAYIR|%20|EVET|%31|3|EVET|%31|EVET|%27|1|HAYIR|%24|EVET|%30|1|HAYIR|%28|EVET|%71|1|HAYIR|%26|EVET|%26|1|HAYIR|%31|EVET|%27
540|2026-08-03 17:58:27|3|1/2|HAYIR|%43|%21|EVET|%21|%32|0|HAYIR|%0|HAYIR|%0|1/2|HAYIR|%25|%48|T•K|EVET|%61|%52|VADI_YON|FRAGMENTARY_2|TEPE>DONGU>VADI|PATTERN_BREAK:0,59|EVET|%35|1|HAYIR|%26|EVET|%48|3|HAYIR|%23|EVET|%27|1|HAYIR|%17|EVET|%66|4|HAYIR|%21|EVET|%34|1|HAYIR|%17|EVET|%45|1|HAYIR|%21|EVET|%63|2|EVET|%28|EVET|%31|2|EVET|%19|EVET|%40|2|EVET|%32|EVET|%29|1|HAYIR|%23|EVET|%39|1|HAYIR|%28|EVET|%98|1|HAYIR|%26|EVET|%26|1|HAYIR|%30|EVET|%31
541|2026-08-03 17:58:28|2|4/3|EVET|%43|%22|HAYIR|%21|%43|0|HAYIR|%0|HAYIR|%0|4/2|EVET|%25|%43|C•B|EVET|%61|%56|DONGU_TERS_YON|FRAGMENTARY_2|VADI>TEPE>DONGU_TERS||HAYIR|%53|4|EVET|%25|EVET|%43|1|HAYIR|%23|EVET|%27|1|HAYIR|%17|EVET|%32|4|EVET|%21|EVET|%33|4|EVET|%17|EVET|%41|4|EVET|%21|EVET|%51|4|EVET|%29|EVET|%29|3|HAYIR|%21|EVET|%26|3|HAYIR|%34|EVET|%27|4|EVET|%23|EVET|%34|4|EVET|%27|EVET|%86|1|HAYIR|%25|EVET|%26|4|EVET|%29|EVET|%32
542|2026-08-03 17:58:30|4|3/1|HAYIR|%43|%22|HAYIR|%21|%31|0|HAYIR|%0|HAYIR|%0|1/3|HAYIR|%25|%36|T•K|HAYIR|%61|%62|VADI_YON|FRAGMENTARY_2|DONGU>BLOK_TERS>VADI|PATTERN_BREAK:0,59|EVET|%42|1|HAYIR|%27|EVET|%36|3|HAYIR|%22|EVET|%29|3|HAYIR|%16|EVET|%42|1|HAYIR|%22|EVET|%49|1|HAYIR|%18|EVET|%44|1|HAYIR|%22|EVET|%42|3|HAYIR|%31|EVET|%32|2|HAYIR|%20|EVET|%35|3|HAYIR|%33|EVET|%31|1|HAYIR|%25|EVET|%33|1|HAYIR|%29|EVET|%52|1|HAYIR|%25|EVET|%26|1|HAYIR|%31|EVET|%30
543|2026-08-03 17:58:31|4|3/1|HAYIR|%43|%22|EVET|%21|%26|0|HAYIR|%0|HAYIR|%0|2/1|HAYIR|%25|%33|T•K|EVET|%61|%61|TEPE_YON|FRAGMENTARY_2|DONGU>BLOK_TERS>TEPE|PATTERN_BREAK:0,59|EVET|%28|2|HAYIR|%26|EVET|%33|2|HAYIR|%22|EVET|%29|3|HAYIR|%16|EVET|%45|1|EVET|%22|EVET|%48|2|HAYIR|%18|EVET|%44|2|HAYIR|%22|EVET|%56|1|EVET|%30|EVET|%32|3|HAYIR|%20|EVET|%32|3|HAYIR|%32|EVET|%31|2|HAYIR|%24|EVET|%31|1|EVET|%28|EVET|%63|3|HAYIR|%24|EVET|%26|3|HAYIR|%30|EVET|%35
544|2026-08-03 17:58:32|1|4/3|EVET|%44|%22|HAYIR|%21|%42|0|HAYIR|%0|HAYIR|%0|4/1|EVET|%25|%37|T•B|EVET|%62|%58|TEPE_YON|FRAGMENTARY_2|DONGU>TEPE>TEPE||HAYIR|%45|4|EVET|%26|EVET|%37|3|HAYIR|%22|EVET|%26|4|EVET|%16|EVET|%47|3|HAYIR|%24|EVET|%34|1|HAYIR|%18|EVET|%28|4|EVET|%22|EVET|%31|4|EVET|%32|EVET|%33|4|EVET|%20|EVET|%39|1|HAYIR|%32|EVET|%27|4|EVET|%24|EVET|%31|3|HAYIR|%30|EVET|%48|3|HAYIR|%24|EVET|%26|1|HAYIR|%30|EVET|%31
545|2026-08-03 17:58:34|4|3/4|HAYIR|%44|%22|EVET|%21|%26|0|HAYIR|%0|HAYIR|%0|4/2|EVET|%26|%38|C•B|EVET|%62|%56|VADI_YON|FRAGMENTARY_2|TEPE>BLOK_TERS>VADI|PATTERN_BREAK:0,59|EVET|%38|4|EVET|%27|EVET|%38|1|HAYIR|%21|EVET|%27|4|EVET|%17|EVET|%65|4|EVET|%23|EVET|%35|4|EVET|%17|EVET|%43|4|EVET|%23|EVET|%69|3|HAYIR|%33|EVET|%32|1|HAYIR|%21|EVET|%26|3|HAYIR|%31|EVET|%31|4|EVET|%25|EVET|%36|4|EVET|%29|EVET|%74|3|HAYIR|%23|EVET|%26|3|HAYIR|%29|EVET|%30
546|2026-08-03 17:58:37|4|3/1|HAYIR|%44|%22|HAYIR|%21|%0|0|HAYIR|%0|HAYIR|%0|3/1|HAYIR|%25|%0|T•K|EVET|%62|%0|VADI_YON|FRAGMENTARY_2|VADI>VADI>VADI|PATTERN_BREAK:0,59|EVET|%0|3|HAYIR|%0|EVET|%0|3|HAYIR|%0|EVET|%0|3|HAYIR|%0|EVET|%0|3|HAYIR|%0|EVET|%0|3|HAYIR|%0|EVET|%0|3|HAYIR|%0|EVET|%0|1|HAYIR|%0|EVET|%0|3|HAYIR|%0|EVET|%0|3|HAYIR|%0|EVET|%0|3|HAYIR|%0|EVET|%0|3|HAYIR|%0|EVET|%0|3|HAYIR|%0|EVET|%0|3|HAYIR|%0|EVET|%0
547|2026-08-05 23:12:24|2|1/4|HAYIR|%43|%22|HAYIR|%21|%36|0|HAYIR|%0|HAYIR|%0|1/4|HAYIR|%25|%32|T•K|EVET|%62|%57|DONGU_YON|FRAGMENTARY_2|TEPE>TEPE>DONGU|PATTERN_BREAK:0,59|EVET|%49|1|HAYIR|%0|EVET|%32|1|HAYIR|%0|EVET|%27|1|HAYIR|%0|EVET|%48|1|HAYIR|%0|EVET|%35|4|HAYIR|%0|EVET|%44|4|HAYIR|%0|EVET|%35|4|HAYIR|%0|EVET|%31|1|HAYIR|%0|EVET|%32|3|HAYIR|%0|EVET|%27|1|HAYIR|%0|EVET|%30|1|HAYIR|%0|EVET|%99|1|HAYIR|%0|EVET|%26|1|HAYIR|%0|EVET|%27
548|2026-08-05 23:12:25|2|1/3|HAYIR|%44|%22|EVET|%22|%42|0|HAYIR|%0|HAYIR|%0|1/3|HAYIR|%25|%35|T•K|EVET|%62|%62|TEPE_YON|FRAGMENTARY_2|TEPE>VADI>TEPE|PATTERN_BREAK:0,59|EVET|%67|1|HAYIR|%0|EVET|%35|4|HAYIR|%0|EVET|%26|1|HAYIR|%0|EVET|%43|1|HAYIR|%0|EVET|%34|1|HAYIR|%0|EVET|%44|1|HAYIR|%0|EVET|%37|1|HAYIR|%0|EVET|%31|1|HAYIR|%0|EVET|%27|3|EVET|%0|EVET|%27|1|HAYIR|%0|EVET|%33|1|HAYIR|%0|EVET|%88|1|HAYIR|%0|EVET|%26|1|HAYIR|%0|EVET|%29
549|2026-08-05 23:12:28|3|4/2|HAYIR|%44|%22|EVET|%22|%28|0|HAYIR|%0|HAYIR|%0|4/1|HAYIR|%25|%31|T•B|HAYIR|%62|%54|VADI_YON|FRAGMENTARY_2|BLOK_TERS>DONGU_TERS>VADI|PATTERN_BREAK:0,59|EVET|%38|4|HAYIR|%0|EVET|%31|1|HAYIR|%0|EVET|%28|4|HAYIR|%0|EVET|%45|4|HAYIR|%0|EVET|%36|4|HAYIR|%0|EVET|%35|4|HAYIR|%0|EVET|%41|2|EVET|%0|EVET|%32|2|EVET|%0|EVET|%44|2|EVET|%0|EVET|%29|4|HAYIR|%0|EVET|%31|4|HAYIR|%0|EVET|%82|1|HAYIR|%0|EVET|%26|2|EVET|%0|EVET|%31
550|2026-08-05 23:12:30|2|4/3|HAYIR|%44|%21|EVET|%22|%59|0|HAYIR|%0|HAYIR|%0|4/2|HAYIR|%25|%48|C•B|EVET|%62|%57|VADI_YON|FRAGMENTARY_2|BLOK_TERS>VADI>VADI||HAYIR|%65|4|HAYIR|%0|EVET|%48|3|EVET|%0|EVET|%26|4|HAYIR|%0|EVET|%34|4|HAYIR|%0|EVET|%38|4|HAYIR|%0|EVET|%43|4|HAYIR|%0|EVET|%55|4|HAYIR|%0|EVET|%31|4|HAYIR|%0|EVET|%32|3|EVET|%0|EVET|%27|4|HAYIR|%0|EVET|%37|4|HAYIR|%0|EVET|%98|4|HAYIR|%0|EVET|%27|4|HAYIR|%0|EVET|%32
551|2026-08-05 23:12:36|3|2/1|EVET|%44|%22|HAYIR|%22|%42|0|HAYIR|%0|HAYIR|%0|2/1|EVET|%25|%38|C•K|EVET|%62|%55|TEPE_YON|FRAGMENTARY_2|TEKRAR>TEPE>TEPE|PATTERN_BREAK:0,59|EVET|%71|2|EVET|%0|EVET|%38|1|HAYIR|%20|EVET|%27|2|EVET|%0|EVET|%48|4|HAYIR|%0|EVET|%48|2|EVET|%0|EVET|%32|2|EVET|%0|EVET|%42|2|EVET|%20|EVET|%33|2|EVET|%20|EVET|%48|2|EVET|%60|EVET|%29|2|EVET|%0|EVET|%36|2|EVET|%0|EVET|%90|4|HAYIR|%0|EVET|%27|2|EVET|%20|EVET|%31
552|2026-08-05 23:12:38|2|4/3|HAYIR|%44|%22|HAYIR|%22|%54|0|HAYIR|%0|HAYIR|%0|4/2|HAYIR|%25|%52|C•B|EVET|%62|%53|VADI_YON|FRAGMENTARY_2|BLOK_TERS>TEPE>VADI||HAYIR|%76|4|HAYIR|%16|EVET|%52|3|HAYIR|%16|EVET|%27|4|HAYIR|%16|EVET|%35|4|HAYIR|%0|EVET|%38|4|HAYIR|%16|EVET|%43|4|HAYIR|%16|EVET|%60|4|HAYIR|%33|EVET|%30|3|HAYIR|%33|EVET|%30|3|HAYIR|%66|EVET|%27|4|HAYIR|%16|EVET|%37|4|HAYIR|%16|EVET|%97|4|HAYIR|%0|EVET|%27|4|HAYIR|%33|EVET|%31
553|2026-08-05 23:12:39|2|3/4|HAYIR|%44|%22|HAYIR|%22|%37|0|HAYIR|%0|HAYIR|%0|3/2|HAYIR|%25|%27|T•B|HAYIR|%62|%55|VADI_YON|FRAGMENTARY_2|BLOK_TERS>VADI>VADI|PATTERN_BREAK:0,59|EVET|%57|3|HAYIR|%14|EVET|%27|1|HAYIR|%14|EVET|%29|1|HAYIR|%14|EVET|%40|2|EVET|%0|EVET|%29|4|HAYIR|%14|EVET|%42|4|HAYIR|%14|EVET|%35|3|HAYIR|%28|EVET|%32|2|EVET|%28|EVET|%29|3|HAYIR|%57|EVET|%27|4|HAYIR|%14|EVET|%27|1|HAYIR|%14|EVET|%62|4|HAYIR|%0|EVET|%26|3|HAYIR|%28|EVET|%30
554|2026-08-05 23:12:40|2|3/2|HAYIR|%44|%21|EVET|%22|%28|0|HAYIR|%0|HAYIR|%0|3/2|HAYIR|%25|%36|T•K|EVET|%62|%55|TEPE_YON|FRAGMENTARY_2|VADI>VADI>TEPE|PATTERN_BREAK:0,59|EVET|%41|3|HAYIR|%12|EVET|%36|3|HAYIR|%12|EVET|%28|3|HAYIR|%12|EVET|%35|3|HAYIR|%12|EVET|%35|3|HAYIR|%12|EVET|%33|3|HAYIR|%12|EVET|%50|3|HAYIR|%25|EVET|%46|2|EVET|%37|EVET|%33|3|HAYIR|%50|EVET|%27|3|HAYIR|%12|EVET|%35|3|HAYIR|%12|EVET|%99|4|HAYIR|%0|EVET|%26|3|HAYIR|%25|EVET|%29
555|2026-08-05 23:12:42|2|2/1|HAYIR|%44|%21|EVET|%22|%35|0|HAYIR|%0|HAYIR|%0|1/3|EVET|%25|%45|T•K|EVET|%62|%60|DONGU_TERS_YON|FRAGMENTARY_2|TEPE>DONGU>DONGU_TERS|PATTERN_BREAK:0,59|EVET|%57|1|EVET|%11|EVET|%45|2|HAYIR|%11|EVET|%27|1|EVET|%11|EVET|%39|1|EVET|%11|EVET|%37|1|EVET|%11|EVET|%42|1|EVET|%11|EVET|%73|1|EVET|%22|EVET|%49|2|HAYIR|%44|EVET|%35|3|HAYIR|%44|EVET|%27|1|EVET|%11|EVET|%41|1|EVET|%11|EVET|%99|2|HAYIR|%0|EVET|%27|3|HAYIR|%22|EVET|%29
556|2026-08-05 23:12:44|1|2/4|HAYIR|%44|%21|HAYIR|%22|%30|0|HAYIR|%0|HAYIR|%0|1/3|HAYIR|%25|%62|T•K|EVET|%62|%55|DONGU_TERS_YON|FRAGMENTARY_2|TEPE>TEPE>DONGU_TERS|PATTERN_BREAK:0,59|EVET|%47|1|HAYIR|%20|EVET|%62|3|EVET|%10|EVET|%27|1|HAYIR|%20|EVET|%49|3|EVET|%20|EVET|%45|1|HAYIR|%20|EVET|%43|1|HAYIR|%20|EVET|%75|4|HAYIR|%30|EVET|%34|2|HAYIR|%40|EVET|%32|1|HAYIR|%40|EVET|%28|1|HAYIR|%20|EVET|%36|1|HAYIR|%20|EVET|%87|1|HAYIR|%0|EVET|%26|1|HAYIR|%20|EVET|%38
557|2026-08-05 23:12:47|3|2/4|EVET|%44|%22|HAYIR|%22|%42|0|HAYIR|%0|HAYIR|%0|3/4|HAYIR|%25|%31|C•K|EVET|%62|%55|TEPE_YON|FRAGMENTARY_2|DONGU_TERS>VADI>TEPE|PATTERN_BREAK:0,59|EVET|%61|3|HAYIR|%18|EVET|%31|2|EVET|%18|EVET|%29|3|HAYIR|%18|EVET|%32|4|HAYIR|%27|EVET|%35|3|HAYIR|%18|EVET|%42|2|EVET|%18|EVET|%42|2|EVET|%27|EVET|%35|2|EVET|%36|EVET|%47|2|EVET|%36|EVET|%30|2|EVET|%18|EVET|%31|2|EVET|%18|EVET|%58|1|HAYIR|%0|EVET|%26|4|HAYIR|%18|EVET|%31
558|2026-08-05 23:12:48|2|3/2|HAYIR|%44|%22|HAYIR|%22|%27|0|HAYIR|%0|HAYIR|%0|2/4|HAYIR|%25|%36|C•B|HAYIR|%62|%54|BLOK_TERS_TEKRAR|FRAGMENTARY_2|DONGU>VADI>BLOK_TERS|REGIME_SHIFT:0,75,PATTERN_BREAK:0,59|EVET|%40|2|HAYIR|%16|EVET|%36|2|HAYIR|%25|EVET|%27|2|HAYIR|%16|EVET|%32|2|HAYIR|%25|EVET|%36|2|HAYIR|%16|EVET|%35|2|HAYIR|%25|EVET|%44|4|HAYIR|%33|EVET|%30|2|HAYIR|%41|EVET|%30|3|HAYIR|%41|EVET|%27|2|HAYIR|%25|EVET|%31|3|HAYIR|%25|EVET|%79|1|EVET|%0|EVET|%26|4|HAYIR|%16|EVET|%31
559|2026-08-05 23:12:53|1|4/2|HAYIR|%44|%21|HAYIR|%22|%31|0|HAYIR|%0|HAYIR|%0|1/2|HAYIR|%25|%36|C•K|HAYIR|%62|%52|TEPE_YON|FRAGMENTARY_2|VADI>TEPE>TEPE|REGIME_SHIFT:0,50,PATTERN_BREAK:0,59|EVET|%45|1|HAYIR|%15|EVET|%36|2|HAYIR|%23|EVET|%29|1|HAYIR|%15|EVET|%42|2|HAYIR|%23|EVET|%31|4|HAYIR|%15|EVET|%41|1|HAYIR|%23|EVET|%37|4|HAYIR|%30|EVET|%33|4|HAYIR|%38|EVET|%39|1|HAYIR|%38|EVET|%28|4|HAYIR|%23|EVET|%27|2|HAYIR|%23|EVET|%95|1|HAYIR|%7|EVET|%26|1|HAYIR|%15|EVET|%37
560|2026-08-05 23:12:55|3|2|HAYIR|%44|%21|HAYIR|%22|%66|0|HAYIR|%0|HAYIR|%0|4/3|EVET|%25|%31|C•B|EVET|%62|%54|DONGU_YON|FRAGMENTARY_2|TEPE>VADI>DONGU||HAYIR|%84|4|EVET|%14|EVET|%31|3|HAYIR|%21|EVET|%28|2|HAYIR|%14|EVET|%34|4|EVET|%21|EVET|%36|2|HAYIR|%14|EVET|%34|2|HAYIR|%21|EVET|%37|2|HAYIR|%28|EVET|%36|2|HAYIR|%35|EVET|%42|2|HAYIR|%35|EVET|%30|2|HAYIR|%21|EVET|%33|2|HAYIR|%21|EVET|%67|1|HAYIR|%7|EVET|%26|4|EVET|%14|EVET|%31
561|2026-08-05 23:12:57|4|2/3|HAYIR|%44|%21|EVET|%22|%35|0|HAYIR|%0|HAYIR|%0|3/2|EVET|%25|%42|T•K|EVET|%62|%51|VADI_YON|FRAGMENTARY_2|VADI>VADI>VADI|PATTERN_BREAK:0,59|EVET|%44|3|EVET|%20|EVET|%42|1|HAYIR|%20|EVET|%28|3|EVET|%13|EVET|%38|2|HAYIR|%26|EVET|%35|1|HAYIR|%13|EVET|%43|1|HAYIR|%20|EVET|%38|3|EVET|%26|EVET|%31|2|HAYIR|%33|EVET|%37|3|EVET|%33|EVET|%29|1|HAYIR|%20|EVET|%28|3|EVET|%20|EVET|%88|1|HAYIR|%6|EVET|%26|3|EVET|%20|EVET|%35
562|2026-08-05 23:13:01|3|2/4|HAYIR|%44|%21|EVET|%22|%49|0|HAYIR|%0|HAYIR|%0|2/4|HAYIR|%25|%31|C•B|EVET|%62|%52|TEPE_YON|FRAGMENTARY_2|VADI>TEPE>TEPE||HAYIR|%61|2|HAYIR|%25|EVET|%31|3|HAYIR|%18|EVET|%26|3|HAYIR|%18|EVET|%30|3|HAYIR|%25|EVET|%35|3|HAYIR|%12|EVET|%26|4|EVET|%18|EVET|%29|2|HAYIR|%31|EVET|%35|2|HAYIR|%31|EVET|%36|2|HAYIR|%37|EVET|%30|2|HAYIR|%18|EVET|%28|4|EVET|%25|EVET|%38|1|HAYIR|%6|EVET|%26|2|HAYIR|%25|EVET|%31
563|2026-08-05 23:13:03|4|3/2|HAYIR|%44|%21|HAYIR|%22|%40|0|HAYIR|%0|HAYIR|%0|3/2|HAYIR|%25|%48|C•K|EVET|%62|%52|ZIGZAK_KOM_SALINIMM|FRAGMENTARY_2|TEPE>DONGU_TERS>ZIGZAK_KOM|PATTERN_BREAK:0,59|EVET|%55|3|HAYIR|%23|EVET|%48|2|HAYIR|%17|EVET|%26|3|HAYIR|%17|EVET|%60|2|HAYIR|%23|EVET|%44|2|HAYIR|%11|EVET|%34|3|HAYIR|%23|EVET|%42|3|HAYIR|%29|EVET|%33|2|HAYIR|%29|EVET|%31|3|HAYIR|%35|EVET|%30|3|HAYIR|%17|EVET|%35|3|HAYIR|%29|EVET|%84|2|HAYIR|%5|EVET|%26|3|HAYIR|%23|EVET|%36
564|2026-08-05 23:13:04|4|3/1|HAYIR|%44|%21|HAYIR|%22|%27|0|HAYIR|%0|HAYIR|%0|1/3|HAYIR|%25|%34|T•K|EVET|%62|%56|VADI_YON|FRAGMENTARY_2|BLOK_TERS>DONGU_TERS>VADI|PATTERN_BREAK:0,59|EVET|%34|1|HAYIR|%22|EVET|%34|3|HAYIR|%16|EVET|%26|1|HAYIR|%16|EVET|%29|1|HAYIR|%22|EVET|%40|3|HAYIR|%11|EVET|%42|3|HAYIR|%22|EVET|%36|1|HAYIR|%27|EVET|%31|1|HAYIR|%27|EVET|%30|3|HAYIR|%33|EVET|%30|3|HAYIR|%16|EVET|%30|4|HAYIR|%27|EVET|%43|4|HAYIR|%5|EVET|%26|3|HAYIR|%22|EVET|%33
565|2026-08-05 23:13:07|2|1/4|EVET|%44|%21|HAYIR|%22|%57|0|HAYIR|%0|HAYIR|%0|1/2|EVET|%25|%36|T•K|EVET|%62|%54|VADI_YON|FRAGMENTARY_2|VADI>TEPE>VADI||HAYIR|%58|1|EVET|%21|EVET|%36|2|HAYIR|%15|EVET|%27|1|EVET|%15|EVET|%38|1|EVET|%21|EVET|%42|1|EVET|%10|EVET|%42|1|EVET|%21|EVET|%52|4|HAYIR|%26|EVET|%29|4|HAYIR|%26|EVET|%33|3|HAYIR|%31|EVET|%27|1|EVET|%15|EVET|%34|1|EVET|%26|EVET|%99|4|HAYIR|%5|EVET|%27|1|EVET|%21|EVET|%26
566|2026-08-05 23:13:10|1|1/4|EVET|%44|%22|HAYIR|%22|%33|0|HAYIR|%0|HAYIR|%0|1/3|EVET|%26|%41|T•K|EVET|%62|%54|TEPE_YON|FRAGMENTARY_2|TEPE>BLOK_TERS>TEPE|PATTERN_BREAK:0,59|EVET|%46|1|EVET|%25|EVET|%41|4|HAYIR|%15|EVET|%36|1|EVET|%20|EVET|%42|3|HAYIR|%25|EVET|%34|4|HAYIR|%15|EVET|%42|1|EVET|%25|EVET|%45|4|HAYIR|%25|EVET|%33|4|HAYIR|%25|EVET|%57|1|EVET|%30|EVET|%27|4|HAYIR|%20|EVET|%31|1|EVET|%30|EVET|%59|4|HAYIR|%5|EVET|%27|1|EVET|%25|EVET|%37
567|2026-08-05 23:13:12|1|4/3|EVET|%44|%22|HAYIR|%22|%29|0|HAYIR|%0|HAYIR|%0|2/4|HAYIR|%26|%27|C•B|EVET|%62|%55|TEPE_YON|FRAGMENTARY_2|DONGU>TEPE>TEPE|PATTERN_BREAK:0,59|EVET|%32|2|HAYIR|%28|EVET|%27|2|HAYIR|%14|EVET|%28|4|EVET|%23|EVET|%29|1|HAYIR|%23|EVET|%28|2|HAYIR|%14|EVET|%33|3|HAYIR|%28|EVET|%44|4|EVET|%23|EVET|%34|1|HAYIR|%23|EVET|%31|1|HAYIR|%33|EVET|%28|3|HAYIR|%19|EVET|%27|4|EVET|%33|EVET|%71|4|EVET|%4|EVET|%27|3|HAYIR|%28|EVET|%31
568|2026-08-05 23:13:19|4|3|EVET|%44|%22|HAYIR|%22|%74|0|HAYIR|%0|HAYIR|%0|3/2|EVET|%26|%32|C•K|HAYIR|%62|%58|VADI_YON|FRAGMENTARY_2|DONGU>DONGU>VADI||HAYIR|%88|3|EVET|%27|EVET|%32|3|EVET|%13|EVET|%26|3|EVET|%27|EVET|%37|4|HAYIR|%22|EVET|%30|3|EVET|%13|EVET|%29|3|EVET|%27|EVET|%46|3|EVET|%27|EVET|%32|3|EVET|%22|EVET|%37|3|EVET|%31|EVET|%29|3|EVET|%18|EVET|%33|3|EVET|%36|EVET|%64|4|HAYIR|%9|EVET|%26|3|EVET|%27|EVET|%29
569|2026-08-05 23:13:22|3|2/1|HAYIR|%44|%22|HAYIR|%22|%41|0|HAYIR|%0|HAYIR|%0|2/1|HAYIR|%26|%35|C•K|EVET|%62|%53|TEPE_YON|FRAGMENTARY_2|TEPE>VADI>TEPE|PATTERN_BREAK:0,59|EVET|%63|2|HAYIR|%30|EVET|%35|2|HAYIR|%17|EVET|%27|2|HAYIR|%30|EVET|%41|3|HAYIR|%21|EVET|%46|1|HAYIR|%17|EVET|%30|3|HAYIR|%30|EVET|%36|2|HAYIR|%30|EVET|%34|2|HAYIR|%26|EVET|%46|2|HAYIR|%34|EVET|%30|2|HAYIR|%21|EVET|%31|2|HAYIR|%39|EVET|%91|1|HAYIR|%8|EVET|%26|2|HAYIR|%30|EVET|%31
570|2026-08-05 23:13:26|4|3|HAYIR|%44|%22|HAYIR|%22|%81|0|HAYIR|%0|HAYIR|%0|3/4|HAYIR|%26|%51|C•B|EVET|%62|%52|VADI_YON|FRAGMENTARY_2|BLOK_TERS>TEPE>VADI||HAYIR|%85|3|HAYIR|%29|EVET|%51|2|EVET|%16|EVET|%27|3|HAYIR|%29|EVET|%50|2|EVET|%20|EVET|%32|3|HAYIR|%16|EVET|%42|3|HAYIR|%29|EVET|%59|3|HAYIR|%29|EVET|%33|2|EVET|%25|EVET|%39|3|HAYIR|%33|EVET|%30|3|HAYIR|%20|EVET|%40|3|HAYIR|%37|EVET|%84|1|HAYIR|%8|EVET|%25|3|HAYIR|%29|EVET|%36
571|2026-08-05 23:13:29|2|3/1|HAYIR|%44|%22|HAYIR|%22|%43|0|HAYIR|%0|HAYIR|%0|3/1|HAYIR|%26|%33|T•B|EVET|%63|%52|VADI_YON|FRAGMENTARY_2|TEKRAR>ZIGZAK_KOM>VADI|PATTERN_BREAK:0,59|EVET|%57|3|HAYIR|%28|EVET|%33|2|HAYIR|%20|EVET|%40|3|HAYIR|%28|EVET|%40|1|HAYIR|%24|EVET|%33|1|HAYIR|%16|EVET|%30|3|HAYIR|%28|EVET|%36|4|EVET|%28|EVET|%29|4|EVET|%28|EVET|%32|3|HAYIR|%32|EVET|%27|1|HAYIR|%20|EVET|%29|3|HAYIR|%36|EVET|%89|1|HAYIR|%8|EVET|%25|1|HAYIR|%28|EVET|%27
572|2026-08-05 23:13:35|4|1/3|HAYIR|%44|%22|HAYIR|%22|%34|0|HAYIR|%0|HAYIR|%0|1/3|HAYIR|%26|%37|T•B|HAYIR|%62|%53|DONGU_TERS_YON|FRAGMENTARY_2|BLOK_TERS>VADI>DONGU_TERS|PATTERN_BREAK:0,59|EVET|%44|1|HAYIR|%26|EVET|%37|2|EVET|%19|EVET|%28|1|HAYIR|%26|EVET|%79|1|HAYIR|%23|EVET|%40|3|HAYIR|%15|EVET|%41|1|HAYIR|%26|EVET|%32|3|HAYIR|%30|EVET|%32|2|EVET|%30|EVET|%36|3|HAYIR|%30|EVET|%30|1|HAYIR|%19|EVET|%34|1|HAYIR|%34|EVET|%97|1|HAYIR|%7|EVET|%25|1|HAYIR|%26|EVET|%30
573|2026-08-05 23:13:40|2|3/4|HAYIR|%44|%22|HAYIR|%22|%30|0|HAYIR|%0|HAYIR|%0|1/3|EVET|%26|%30|T•B|EVET|%62|%60|DONGU_TERS_YON|FRAGMENTARY_2|VADI>VADI>DONGU_TERS|PATTERN_BREAK:0,59|EVET|%30|1|EVET|%25|EVET|%30|1|EVET|%22|EVET|%26|3|HAYIR|%25|EVET|%45|1|EVET|%22|EVET|%31|4|HAYIR|%14|EVET|%44|4|HAYIR|%25|EVET|%29|4|HAYIR|%29|EVET|%30|4|HAYIR|%33|EVET|%33|3|HAYIR|%29|EVET|%27|3|HAYIR|%18|EVET|%27|3|HAYIR|%33|EVET|%66|1|EVET|%7|EVET|%25|1|EVET|%25|EVET|%27
574|2026-08-05 23:13:45|1|4/3|HAYIR|%44|%22|HAYIR|%22|%29|0|HAYIR|%0|HAYIR|%0|1/3|HAYIR|%26|%43|T•B|HAYIR|%62|%56|TEPE_YON|FRAGMENTARY_2|DONGU>TEPE>TEPE|PATTERN_BREAK:0,59|EVET|%29|1|HAYIR|%28|EVET|%43|3|HAYIR|%25|EVET|%26|1|HAYIR|%25|EVET|%49|3|HAYIR|%25|EVET|%31|3|HAYIR|%14|EVET|%41|1|HAYIR|%25|EVET|%43|4|HAYIR|%28|EVET|%33|4|HAYIR|%32|EVET|%53|1|HAYIR|%28|EVET|%28|3|HAYIR|%17|EVET|%31|1|HAYIR|%32|EVET|%67|1|HAYIR|%10|EVET|%25|1|HAYIR|%28|EVET|%37
575|2026-08-05 23:13:50|2|3/2|HAYIR|%44|%22|HAYIR|%22|%26|0|HAYIR|%0|HAYIR|%0|3/4|HAYIR|%26|%43|C•B|EVET|%62|%51|DONGU_YON|FRAGMENTARY_2|TEPE>TEPE>DONGU|PATTERN_BREAK:0,59|EVET|%32|3|HAYIR|%27|EVET|%43|1|HAYIR|%24|EVET|%27|1|HAYIR|%24|EVET|%39|3|HAYIR|%24|EVET|%40|3|HAYIR|%13|EVET|%32|3|HAYIR|%24|EVET|%52|4|EVET|%27|EVET|%30|4|EVET|%31|EVET|%31|3|HAYIR|%27|EVET|%26|3|HAYIR|%17|EVET|%33|3|HAYIR|%31|EVET|%99|1|HAYIR|%10|EVET|%25|3|HAYIR|%27|EVET|%32
576|2026-08-05 23:14:01|4|3/2|HAYIR|%44|%22|EVET|%22|%27|0|HAYIR|%0|HAYIR|%0|1/3|HAYIR|%25|%38|T•K|EVET|%62|%55|DONGU_TERS_YON|FRAGMENTARY_2|VADI>VADI>DONGU_TERS|PATTERN_BREAK:0,59|EVET|%37|1|HAYIR|%26|EVET|%38|2|EVET|%23|EVET|%27|1|HAYIR|%23|EVET|%34|1|HAYIR|%23|EVET|%43|1|HAYIR|%13|EVET|%42|1|HAYIR|%23|EVET|%49|3|HAYIR|%30|EVET|%31|2|EVET|%33|EVET|%42|3|HAYIR|%26|EVET|%29|1|HAYIR|%16|EVET|%30|4|HAYIR|%30|EVET|%45|2|EVET|%10|EVET|%27|1|HAYIR|%26|EVET|%29
577|2026-08-05 23:14:05|2|1/2|EVET|%44|%22|HAYIR|%22|%42|0|HAYIR|%0|HAYIR|%0|1/2|EVET|%26|%34|T•K|EVET|%63|%54|DONGU_YON|FRAGMENTARY_2|VADI>TEPE>DONGU||HAYIR|%51|1|EVET|%25|EVET|%34|1|EVET|%25|EVET|%27|3|HAYIR|%22|EVET|%30|1|EVET|%22|EVET|%33|2|HAYIR|%12|EVET|%34|4|HAYIR|%22|EVET|%31|4|HAYIR|%29|EVET|%31|4|HAYIR|%35|EVET|%31|4|HAYIR|%25|EVET|%26|1|EVET|%16|EVET|%26|3|HAYIR|%29|EVET|%59|4|HAYIR|%12|EVET|%27|1|EVET|%25|EVET|%28
578|2026-08-05 23:14:18|1|3/2|HAYIR|%44|%22|EVET|%22|%37|0|HAYIR|%0|HAYIR|%0|1/3|HAYIR|%26|%39|T•B|HAYIR|%62|%52|DONGU_TERS_YON|FRAGMENTARY_2|TEPE>VADI>DONGU_TERS||HAYIR|%46|1|HAYIR|%28|EVET|%39|2|EVET|%28|EVET|%27|2|EVET|%21|EVET|%38|4|HAYIR|%25|EVET|%34|3|HAYIR|%12|EVET|%40|3|HAYIR|%21|EVET|%58|4|HAYIR|%28|EVET|%33|4|HAYIR|%34|EVET|%47|1|HAYIR|%25|EVET|%28|3|HAYIR|%18|EVET|%28|1|HAYIR|%28|EVET|%67|4|HAYIR|%12|EVET|%27|1|HAYIR|%28|EVET|%37
579|2026-08-05 23:15:24|2|1/2|HAYIR|%44|%22|HAYIR|%22|%45|0|HAYIR|%0|HAYIR|%0|3/4|EVET|%26|%38|C•B|EVET|%63|%61|DONGU_TERS_YON|FRAGMENTARY_2|DONGU>VADI>DONGU_TERS||HAYIR|%67|3|EVET|%27|EVET|%38|1|HAYIR|%30|EVET|%29|4|HAYIR|%24|EVET|%46|3|EVET|%24|EVET|%34|2|HAYIR|%12|EVET|%29|3|EVET|%21|EVET|%47|4|HAYIR|%27|EVET|%30|2|HAYIR|%33|EVET|%29|4|HAYIR|%24|EVET|%26|4|HAYIR|%18|EVET|%28|3|EVET|%27|EVET|%99|4|HAYIR|%12|EVET|%27|3|EVET|%27|EVET|%31
580|2026-08-05 23:16:28|3|2/4|HAYIR|%44|%22|HAYIR|%22|%40|0|HAYIR|%0|HAYIR|%0|2/1|HAYIR|%26|%40|C•K|EVET|%63|%58|DONGU_TERS_YON|FRAGMENTARY_2|VADI>DONGU_TERS>DONGU_TERS|PATTERN_BREAK:0,59|EVET|%71|2|HAYIR|%29|EVET|%40|2|HAYIR|%29|EVET|%30|2|HAYIR|%23|EVET|%43|3|HAYIR|%26|EVET|%32|1|EVET|%11|EVET|%30|1|EVET|%23|EVET|%42|2|HAYIR|%26|EVET|%34|2|HAYIR|%32|EVET|%51|2|HAYIR|%23|EVET|%29|2|HAYIR|%17|EVET|%35|2|HAYIR|%29|EVET|%74|2|HAYIR|%11|EVET|%27|2|HAYIR|%29|EVET|%32
581|2026-08-05 23:17:37|1|2/1|EVET|%44|%22|HAYIR|%22|%30|0|HAYIR|%0|HAYIR|%0|2/4|EVET|%26|%40|C•K|EVET|%63|%57|DONGU_TERS_YON|FRAGMENTARY_2|TEPE>DONGU_TERS>DONGU_TERS|PATTERN_BREAK:0,59|EVET|%40|2|EVET|%28|EVET|%40|1|HAYIR|%28|EVET|%26|2|EVET|%22|EVET|%55|3|HAYIR|%25|EVET|%35|2|EVET|%14|EVET|%47|2|EVET|%25|EVET|%61|4|HAYIR|%25|EVET|%31|4|HAYIR|%31|EVET|%39|1|HAYIR|%22|EVET|%27|2|EVET|%17|EVET|%33|1|HAYIR|%28|EVET|%56|4|HAYIR|%11|EVET|%27|2|EVET|%28|EVET|%31
582|2026-08-05 23:18:37|2|4/3|HAYIR|%44|%22|HAYIR|%22|%28|0|HAYIR|%0|HAYIR|%0|4/3|HAYIR|%26|%47|C•K|EVET|%63|%52|TEPE_YON|FRAGMENTARY_2|BLOK_TERS>TEPE>TEPE|PATTERN_BREAK:0,59|EVET|%29|4|HAYIR|%30|EVET|%47|2|EVET|%27|EVET|%31|4|HAYIR|%25|EVET|%76|2|EVET|%25|EVET|%31|4|HAYIR|%16|EVET|%42|4|HAYIR|%27|EVET|%64|4|HAYIR|%25|EVET|%29|2|EVET|%30|EVET|%33|3|HAYIR|%22|EVET|%26|4|HAYIR|%19|EVET|%41|4|HAYIR|%27|EVET|%73|1|HAYIR|%11|EVET|%25|3|HAYIR|%30|EVET|%32
583|2026-08-05 23:19:47|2|1/3|HAYIR|%44|%22|EVET|%22|%35|0|HAYIR|%0|HAYIR|%0|3/2|EVET|%26|%36|T•B|EVET|%63|%55|VADI_YON|FRAGMENTARY_2|BLOK_TERS>DONGU>VADI|PATTERN_BREAK:0,59|EVET|%61|3|EVET|%29|EVET|%36|1|HAYIR|%29|EVET|%27|3|EVET|%24|EVET|%42|2|HAYIR|%27|EVET|%33|3|EVET|%16|EVET|%40|3|EVET|%27|EVET|%52|3|EVET|%24|EVET|%30|1|HAYIR|%32|EVET|%34|3|EVET|%21|EVET|%26|3|EVET|%18|EVET|%35|3|EVET|%27|EVET|%54|2|HAYIR|%10|EVET|%25|1|HAYIR|%29|EVET|%29
584|2026-08-05 23:20:52|3|2/4|EVET|%44|%22|HAYIR|%22|%40|0|HAYIR|%0|HAYIR|%0|2/4|EVET|%26|%37|C•K|EVET|%63|%57|VADI_YON|FRAGMENTARY_2|VADI>DONGU_TERS>VADI|PATTERN_BREAK:0,59|EVET|%66|2|EVET|%31|EVET|%37|2|EVET|%28|EVET|%30|4|HAYIR|%26|EVET|%46|2|EVET|%26|EVET|%34|2|EVET|%18|EVET|%48|2|EVET|%28|EVET|%44|2|EVET|%26|EVET|%34|2|EVET|%31|EVET|%54|2|EVET|%23|EVET|%29|2|EVET|%21|EVET|%37|4|HAYIR|%28|EVET|%82|2|EVET|%10|EVET|%26|2|EVET|%28|EVET|%32
585|2026-08-05 23:21:55|2|4/2|HAYIR|%44|%22|HAYIR|%22|%35|0|HAYIR|%0|HAYIR|%0|4/2|HAYIR|%26|%44|C•K|HAYIR|%63|%63|DONGU_YON|FRAGMENTARY_2|TEPE>DONGU>DONGU|PATTERN_BREAK:0,59|EVET|%46|4|HAYIR|%33|EVET|%44|1|HAYIR|%30|EVET|%27|3|EVET|%25|EVET|%29|2|HAYIR|%28|EVET|%37|4|HAYIR|%20|EVET|%42|4|HAYIR|%30|EVET|%58|4|HAYIR|%28|EVET|%29|2|HAYIR|%33|EVET|%33|3|EVET|%25|EVET|%27|4|HAYIR|%23|EVET|%35|4|HAYIR|%28|EVET|%96|2|HAYIR|%12|EVET|%25|4|HAYIR|%30|EVET|%30
586|2026-08-05 23:23:01|3|2/1|HAYIR|%44|%22|HAYIR|%22|%46|0|HAYIR|%0|HAYIR|%0|2/1|HAYIR|%26|%53|C•K|HAYIR|%63|%56|DONGU_YON|FRAGMENTARY_2|TEPE>DONGU_TERS>DONGU|PATTERN_BREAK:0,59|EVET|%76|2|HAYIR|%32|EVET|%53|2|HAYIR|%30|EVET|%30|2|HAYIR|%27|EVET|%45|2|HAYIR|%27|EVET|%42|2|HAYIR|%20|EVET|%48|2|HAYIR|%30|EVET|%70|2|HAYIR|%27|EVET|%34|2|HAYIR|%32|EVET|%57|2|HAYIR|%27|EVET|%30|2|HAYIR|%22|EVET|%47|2|HAYIR|%27|EVET|%92|2|HAYIR|%12|EVET|%25|2|HAYIR|%30|EVET|%33
587|2026-08-05 23:24:15|3|1/2|HAYIR|%44|%22|HAYIR|%22|%37|0|HAYIR|%0|HAYIR|%0|2/1|HAYIR|%26|%38|C•K|EVET|%63|%56|VADI_YON|FRAGMENTARY_2|DONGU_TERS>DONGU_TERS>VADI|PATTERN_BREAK:0,59|EVET|%54|2|HAYIR|%31|EVET|%38|2|HAYIR|%29|EVET|%27|1|HAYIR|%26|EVET|%52|4|EVET|%26|EVET|%34|1|HAYIR|%19|EVET|%29|1|HAYIR|%29|EVET|%39|2|HAYIR|%26|EVET|%37|2|HAYIR|%31|EVET|%43|2|HAYIR|%26|EVET|%30|1|HAYIR|%21|EVET|%32|1|HAYIR|%26|EVET|%79|2|HAYIR|%12|EVET|%26|2|HAYIR|%29|EVET|%33
588|2026-08-05 23:25:29|4|2/3|HAYIR|%44|%22|HAYIR|%22|%0|0|HAYIR|%0|HAYIR|%0|3/2|HAYIR|%26|%0|C•K|EVET|%63|%0|DONGU_YON|FRAGMENTARY_2|DONGU_TERS>DONGU_TERS>DONGU|PATTERN_BREAK:0,59|EVET|%0|3|HAYIR|%0|EVET|%0|2|HAYIR|%0|EVET|%0|3|HAYIR|%0|EVET|%0|2|HAYIR|%0|EVET|%0|2|HAYIR|%0|EVET|%0|2|HAYIR|%0|EVET|%0|3|HAYIR|%0|EVET|%0|2|HAYIR|%0|EVET|%0|3|HAYIR|%0|EVET|%0|2|HAYIR|%0|EVET|%0|2|HAYIR|%0|EVET|%0|1|HAYIR|%0|EVET|%0|3|HAYIR|%0|EVET|%0
589|2026-08-17 18:36:54|4|1/2|HAYIR|%44|%22|HAYIR|%22|%29|0|HAYIR|%0|HAYIR|%0|2/1|HAYIR|%26|%31|T•K|HAYIR|%63|%55|DONGU_YON|FRAGMENTARY_2|DONGU>DONGU_TERS>DONGU|PATTERN_BREAK:0,59|EVET|%35|2|HAYIR|%0|EVET|%31|2|HAYIR|%0|EVET|%26|1|HAYIR|%0|EVET|%36|1|HAYIR|%0|EVET|%37|4|EVET|%0|EVET|%30|3|HAYIR|%0|EVET|%30|2|HAYIR|%0|EVET|%30|2|HAYIR|%0|EVET|%30|3|HAYIR|%0|EVET|%29|1|HAYIR|%0|EVET|%27|2|HAYIR|%0|EVET|%89|2|HAYIR|%0|EVET|%29|3|HAYIR|%0|EVET|%32
590|2026-08-17 18:36:55|4|1/2|HAYIR|%43|%21|HAYIR|%21|%28|0|HAYIR|%0|HAYIR|%0|3/2|HAYIR|%26|%33|T•K|HAYIR|%63|%54|DONGU_YON|FRAGMENTARY_2|TEPE>TEPE>DONGU|PATTERN_BREAK:0,59|EVET|%34|3|HAYIR|%0|EVET|%33|2|HAYIR|%0|EVET|%29|1|HAYIR|%0|EVET|%37|1|HAYIR|%0|EVET|%32|2|HAYIR|%0|EVET|%47|3|HAYIR|%0|EVET|%40|3|HAYIR|%0|EVET|%43|2|HAYIR|%0|EVET|%37|3|HAYIR|%0|EVET|%29|2|HAYIR|%0|EVET|%30|3|HAYIR|%0|EVET|%97|2|HAYIR|%0|EVET|%29|3|HAYIR|%0|EVET|%31
591|2026-08-17 18:36:57|4|2/3|HAYIR|%43|%21|HAYIR|%21|%27|0|HAYIR|%0|HAYIR|%0|2/3|HAYIR|%26|%31|T•B|EVET|%63|%57|VADI_YON|FRAGMENTARY_2|VADI>VADI>VADI|PATTERN_BREAK:0,59|EVET|%35|2|HAYIR|%0|EVET|%31|1|EVET|%0|EVET|%27|3|HAYIR|%0|EVET|%38|1|EVET|%0|EVET|%34|3|HAYIR|%0|EVET|%33|3|HAYIR|%0|EVET|%39|2|HAYIR|%0|EVET|%38|2|HAYIR|%0|EVET|%29|3|HAYIR|%0|EVET|%29|3|HAYIR|%0|EVET|%30|1|EVET|%0|EVET|%25|2|HAYIR|%0|EVET|%29|3|HAYIR|%0|EVET|%30
592|2026-08-17 18:36:58|1|3/4|HAYIR|%43|%21|HAYIR|%21|%26|0|HAYIR|%0|HAYIR|%0|4/1|HAYIR|%26|%41|T•K|EVET|%63|%53|TEPE_YON|FRAGMENTARY_2|VADI>VADI>TEPE|PATTERN_BREAK:0,59|EVET|%33|4|HAYIR|%0|EVET|%41|2|HAYIR|%0|EVET|%31|4|HAYIR|%0|EVET|%58|3|HAYIR|%0|EVET|%34|4|HAYIR|%0|EVET|%28|4|HAYIR|%0|EVET|%37|4|HAYIR|%0|EVET|%30|4|HAYIR|%0|EVET|%46|1|EVET|%0|EVET|%27|4|HAYIR|%0|EVET|%34|4|HAYIR|%0|EVET|%91|2|HAYIR|%0|EVET|%29|4|HAYIR|%0|EVET|%30
593|2026-08-17 18:36:59|1|2/4|HAYIR|%43|%21|EVET|%22|%28|0|HAYIR|%0|HAYIR|%0|4/1|EVET|%26|%27|C•K|EVET|%63|%57|TEPE_YON|FRAGMENTARY_2|TEPE>DONGU>TEPE|PATTERN_BREAK:0,59|EVET|%28|4|EVET|%0|EVET|%27|1|HAYIR|%20|EVET|%25|1|HAYIR|%0|EVET|%39|3|HAYIR|%20|EVET|%31|4|EVET|%20|EVET|%44|4|EVET|%0|EVET|%31|4|EVET|%0|EVET|%35|4|EVET|%0|EVET|%39|1|HAYIR|%20|EVET|%28|4|EVET|%0|EVET|%29|2|HAYIR|%20|EVET|%69|2|HAYIR|%0|EVET|%29|3|HAYIR|%0|EVET|%30
594|2026-08-17 18:37:02|4|2/3|EVET|%44|%22|HAYIR|%22|%47|0|HAYIR|%0|HAYIR|%0|3/2|HAYIR|%26|%35|C•B|EVET|%63|%52|TEPE_YON|FRAGMENTARY_2|TEPE>DONGU>TEPE||HAYIR|%56|3|HAYIR|%16|EVET|%35|2|EVET|%16|EVET|%27|3|HAYIR|%0|EVET|%48|4|HAYIR|%16|EVET|%33|2|EVET|%33|EVET|%46|2|EVET|%16|EVET|%47|3|HAYIR|%16|EVET|%30|3|HAYIR|%16|EVET|%34|3|HAYIR|%16|EVET|%29|2|EVET|%16|EVET|%29|3|HAYIR|%16|EVET|%80|2|EVET|%0|EVET|%29|3|HAYIR|%0|EVET|%30
595|2026-08-17 18:37:03|2|2/1|HAYIR|%43|%21|HAYIR|%21|%26|0|HAYIR|%0|HAYIR|%0|1/2|HAYIR|%26|%31|T•K|EVET|%63|%51|BLOK_TERS_TEKRAR|FRAGMENTARY_2|VADI>VADI>BLOK_TERS|REGIME_SHIFT:0,75,PATTERN_BREAK:0,59|EVET|%38|1|HAYIR|%14|EVET|%31|1|HAYIR|%28|EVET|%30|3|EVET|%0|EVET|%38|1|HAYIR|%14|EVET|%32|2|HAYIR|%42|EVET|%47|2|HAYIR|%28|EVET|%50|3|EVET|%14|EVET|%28|1|HAYIR|%14|EVET|%34|3|EVET|%14|EVET|%27|2|HAYIR|%28|EVET|%28|1|HAYIR|%14|EVET|%70|4|HAYIR|%14|EVET|%25|1|HAYIR|%0|EVET|%29
596|2026-08-17 18:37:04|3|2/1|HAYIR|%43|%21|HAYIR|%21|%39|0|HAYIR|%0|HAYIR|%0|2/1|HAYIR|%26|%47|C•K|EVET|%63|%54|VADI_YON|FRAGMENTARY_2|VADI>DONGU>VADI|REGIME_SHIFT:0,50,PATTERN_BREAK:0,59|EVET|%68|2|HAYIR|%12|EVET|%47|2|HAYIR|%25|EVET|%30|2|HAYIR|%12|EVET|%43|4|EVET|%12|EVET|%34|2|HAYIR|%37|EVET|%46|2|HAYIR|%25|EVET|%59|2|HAYIR|%25|EVET|%34|2|HAYIR|%12|EVET|%46|2|HAYIR|%25|EVET|%30|2|HAYIR|%25|EVET|%38|1|HAYIR|%12|EVET|%92|4|EVET|%12|EVET|%25|2|HAYIR|%0|EVET|%33
597|2026-08-17 18:37:06|4|4/3|HAYIR|%43|%21|HAYIR|%21|%30|0|HAYIR|%0|HAYIR|%0|3/4|HAYIR|%26|%44|C•K|EVET|%63|%53|VADI_YON|FRAGMENTARY_2|TEPE>DONGU>VADI|PATTERN_BREAK:0,59|EVET|%34|3|HAYIR|%11|EVET|%44|4|HAYIR|%22|EVET|%27|3|HAYIR|%11|EVET|%40|2|EVET|%22|EVET|%39|4|HAYIR|%33|EVET|%28|3|HAYIR|%22|EVET|%43|2|EVET|%22|EVET|%30|2|EVET|%11|EVET|%29|3|HAYIR|%22|EVET|%29|3|HAYIR|%22|EVET|%31|3|HAYIR|%11|EVET|%88|4|HAYIR|%22|EVET|%25|3|HAYIR|%0|EVET|%34
598|2026-08-17 18:37:08|2|3/2|EVET|%43|%22|HAYIR|%21|%29|0|HAYIR|%0|HAYIR|%0|3/1|EVET|%26|%34|T•B|EVET|%63|%55|VADI_YON|FRAGMENTARY_2|DONGU_TERS>DONGU>VADI|PATTERN_BREAK:0,59|EVET|%40|3|EVET|%10|EVET|%34|2|HAYIR|%20|EVET|%29|3|EVET|%10|EVET|%60|2|HAYIR|%30|EVET|%38|3|EVET|%30|EVET|%41|3|EVET|%20|EVET|%52|3|EVET|%30|EVET|%29|4|HAYIR|%20|EVET|%30|3|EVET|%20|EVET|%27|3|EVET|%20|EVET|%34|3|EVET|%10|EVET|%81|4|HAYIR|%20|EVET|%25|1|HAYIR|%0|EVET|%28
599|2026-08-17 18:37:09|3|1/2|HAYIR|%43|%22|HAYIR|%21|%45|0|HAYIR|%0|HAYIR|%0|1/2|HAYIR|%26|%41|T•K|HAYIR|%63|%53|DONGU_YON|FRAGMENTARY_2|VADI>VADI>DONGU||HAYIR|%57|1|HAYIR|%18|EVET|%41|1|HAYIR|%18|EVET|%28|1|HAYIR|%18|EVET|%50|2|HAYIR|%27|EVET|%30|1|HAYIR|%36|EVET|%41|1|HAYIR|%27|EVET|%69|2|HAYIR|%36|EVET|%33|4|EVET|%18|EVET|%36|2|HAYIR|%27|EVET|%29|1|HAYIR|%27|EVET|%36|1|HAYIR|%18|EVET|%92|4|EVET|%18|EVET|%25|2|HAYIR|%0|EVET|%32
600|2026-08-17 18:37:11|4|2/3|EVET|%43|%22|HAYIR|%21|%46|0|HAYIR|%0|HAYIR|%0|3/2|HAYIR|%26|%40|C•K|EVET|%63|%56|DONGU_YON|FRAGMENTARY_2|BLOK_DUZ>TEPE>DONGU||HAYIR|%58|3|HAYIR|%16|EVET|%40|2|EVET|%16|EVET|%31|2|EVET|%16|EVET|%54|2|EVET|%25|EVET|%46|4|HAYIR|%33|EVET|%28|3|HAYIR|%25|EVET|%42|2|EVET|%33|EVET|%31|2|EVET|%25|EVET|%36|3|HAYIR|%25|EVET|%28|2|EVET|%25|EVET|%32|3|HAYIR|%16|EVET|%84|4|HAYIR|%25|EVET|%25|3|HAYIR|%0|EVET|%33
601|2026-08-17 18:37:12|2|3/1|HAYIR|%43|%22|HAYIR|%21|%49|0|HAYIR|%0|HAYIR|%0|3/1|HAYIR|%26|%35|T•B|EVET|%63|%56|DONGU_YON|FRAGMENTARY_2|TEPE>TEPE>DONGU||HAYIR|%60|3|HAYIR|%15|EVET|%35|4|EVET|%23|EVET|%28|3|HAYIR|%23|EVET|%72|2|HAYIR|%30|EVET|%38|3|HAYIR|%30|EVET|%41|3|HAYIR|%23|EVET|%52|3|HAYIR|%38|EVET|%31|4|EVET|%30|EVET|%32|3|HAYIR|%23|EVET|%28|3|HAYIR|%30|EVET|%37|3|HAYIR|%15|EVET|%86|2|HAYIR|%23|EVET|%29|1|HAYIR|%0|EVET|%28
602|2026-08-17 18:37:13|4|2/4|HAYIR|%43|%22|EVET|%21|%37|0|HAYIR|%0|HAYIR|%0|2/1|HAYIR|%26|%34|T•K|HAYIR|%63|%55|DONGU_YON|FRAGMENTARY_2|DONGU>TEPE>DONGU|PATTERN_BREAK:0,59|EVET|%61|2|HAYIR|%14|EVET|%34|2|HAYIR|%28|EVET|%30|1|HAYIR|%21|EVET|%48|1|HAYIR|%28|EVET|%36|2|HAYIR|%28|EVET|%34|2|HAYIR|%21|EVET|%36|2|HAYIR|%35|EVET|%32|2|HAYIR|%35|EVET|%44|3|HAYIR|%21|EVET|%28|2|HAYIR|%28|EVET|%33|1|HAYIR|%14|EVET|%77|2|HAYIR|%21|EVET|%29|1|HAYIR|%0|EVET|%28
603|2026-08-17 18:37:14|4|1/4|EVET|%44|%22|HAYIR|%21|%30|0|HAYIR|%0|HAYIR|%0|1/2|EVET|%26|%39|T•K|EVET|%63|%61|DONGU_YON|FRAGMENTARY_2|VADI>BLOK_TERS>DONGU|PATTERN_BREAK:0,59|EVET|%42|1|EVET|%13|EVET|%39|1|EVET|%26|EVET|%28|3|HAYIR|%20|EVET|%34|1|EVET|%26|EVET|%41|2|HAYIR|%26|EVET|%34|1|EVET|%20|EVET|%45|2|HAYIR|%33|EVET|%30|2|HAYIR|%33|EVET|%36|3|HAYIR|%20|EVET|%28|1|EVET|%26|EVET|%32|1|EVET|%13|EVET|%91|2|HAYIR|%20|EVET|%29|3|HAYIR|%0|EVET|%29
604|2026-08-17 18:37:17|1|4/2|EVET|%44|%22|HAYIR|%21|%43|0|HAYIR|%0|HAYIR|%0|4/1|EVET|%26|%39|T•B|EVET|%63|%52|DONGU_YON|FRAGMENTARY_2|BLOK_DUZ>VADI>DONGU||HAYIR|%56|4|EVET|%18|EVET|%39|2|HAYIR|%31|EVET|%32|4|EVET|%18|EVET|%52|2|HAYIR|%31|EVET|%33|2|HAYIR|%25|EVET|%46|4|EVET|%25|EVET|%36|4|EVET|%31|EVET|%31|4|EVET|%31|EVET|%44|1|HAYIR|%18|EVET|%27|4|EVET|%31|EVET|%32|4|EVET|%18|EVET|%90|2|HAYIR|%18|EVET|%29|1|HAYIR|%0|EVET|%32
605|2026-08-17 18:37:18|4|4/2|HAYIR|%44|%22|HAYIR|%21|%42|0|HAYIR|%0|HAYIR|%0|4/2|HAYIR|%26|%46|C•B|HAYIR|%63|%58|TEPE_YON|FRAGMENTARY_2|BLOK_DUZ>VADI>TEPE|PATTERN_BREAK:0,59|EVET|%54|4|HAYIR|%23|EVET|%46|1|EVET|%29|EVET|%26|4|HAYIR|%23|EVET|%77|4|HAYIR|%29|EVET|%33|4|HAYIR|%23|EVET|%46|4|HAYIR|%29|EVET|%75|2|HAYIR|%35|EVET|%32|4|HAYIR|%35|EVET|%47|3|HAYIR|%17|EVET|%28|4|HAYIR|%35|EVET|%43|4|HAYIR|%23|EVET|%70|2|HAYIR|%17|EVET|%29|3|HAYIR|%0|EVET|%29
606|2026-08-17 18:37:19|1|4/1|HAYIR|%43|%22|HAYIR|%21|%31|0|HAYIR|%0|HAYIR|%0|1/4|HAYIR|%26|%45|C•K|HAYIR|%63|%51|TEPE_YON|FRAGMENTARY_2|BLOK_DUZ>VADI>TEPE|PATTERN_BREAK:0,59|EVET|%33|1|HAYIR|%22|EVET|%45|2|HAYIR|%33|EVET|%32|1|HAYIR|%22|EVET|%70|1|HAYIR|%27|EVET|%30|1|HAYIR|%22|EVET|%42|1|HAYIR|%27|EVET|%64|4|HAYIR|%33|EVET|%32|4|HAYIR|%33|EVET|%49|1|HAYIR|%16|EVET|%27|1|HAYIR|%33|EVET|%36|1|HAYIR|%22|EVET|%96|2|HAYIR|%16|EVET|%28|4|HAYIR|%0|EVET|%32
607|2026-08-17 18:37:20|3|4/3|HAYIR|%43|%22|HAYIR|%21|%32|0|HAYIR|%0|HAYIR|%0|3/4|HAYIR|%26|%36|C•B|HAYIR|%63|%55|VADI_YON|FRAGMENTARY_2|TEKRAR>DONGU>VADI|PATTERN_BREAK:0,59|EVET|%45|3|HAYIR|%21|EVET|%36|4|HAYIR|%31|EVET|%26|3|HAYIR|%21|EVET|%52|4|HAYIR|%26|EVET|%32|3|HAYIR|%21|EVET|%41|3|HAYIR|%26|EVET|%53|2|HAYIR|%31|EVET|%32|4|HAYIR|%31|EVET|%43|2|HAYIR|%15|EVET|%29|3|HAYIR|%31|EVET|%29|4|HAYIR|%21|EVET|%66|2|HAYIR|%15|EVET|%29|4|HAYIR|%0|EVET|%33
608|2026-08-17 18:37:22|1|2/4|HAYIR|%43|%22|HAYIR|%21|%35|0|HAYIR|%0|HAYIR|%0|2/4|HAYIR|%26|%42|T•B|EVET|%63|%52|TEPE_YON|FRAGMENTARY_2|BLOK_TERS>DONGU>TEPE|PATTERN_BREAK:0,59|EVET|%59|2|HAYIR|%20|EVET|%42|2|HAYIR|%30|EVET|%31|2|HAYIR|%20|EVET|%38|4|HAYIR|%25|EVET|%33|2|HAYIR|%20|EVET|%45|2|HAYIR|%25|EVET|%55|4|HAYIR|%30|EVET|%31|4|HAYIR|%30|EVET|%34|1|EVET|%15|EVET|%27|2|HAYIR|%30|EVET|%33|3|HAYIR|%20|EVET|%83|4|HAYIR|%15|EVET|%25|2|HAYIR|%0|EVET|%32
609|2026-08-17 18:37:23|1|4/3|HAYIR|%43|%22|HAYIR|%21|%32|0|HAYIR|%0|HAYIR|%0|4/3|HAYIR|%26|%32|T•B|EVET|%63|%50|VADI_YON|FRAGMENTARY_2|BLOK_TERS>DONGU>VADI|PATTERN_BREAK:0,59|EVET|%46|4|HAYIR|%19|EVET|%32|1|EVET|%28|EVET|%27|4|HAYIR|%19|EVET|%37|4|HAYIR|%23|EVET|%33|3|HAYIR|%19|EVET|%40|3|HAYIR|%23|EVET|%44|4|HAYIR|%28|EVET|%38|4|HAYIR|%28|EVET|%28|1|EVET|%19|EVET|%28|4|HAYIR|%28|EVET|%28|3|HAYIR|%19|EVET|%93|4|HAYIR|%14|EVET|%25|3|HAYIR|%0|EVET|%29
610|2026-08-17 18:37:24|1|2/3|EVET|%43|%22|HAYIR|%21|%38|0|HAYIR|%0|HAYIR|%0|2/4|EVET|%26|%30|C•K|EVET|%63|%53|DONGU_TERS_YON|FRAGMENTARY_2|DALGA_TEK_SIM_3>DONGU>DONGU_TERS|PATTERN_BREAK:0,59|EVET|%65|2|EVET|%18|EVET|%30|2|EVET|%31|EVET|%30|2|EVET|%18|EVET|%34|4|HAYIR|%22|EVET|%30|2|EVET|%18|EVET|%36|2|EVET|%22|EVET|%35|2|EVET|%27|EVET|%39|1|HAYIR|%27|EVET|%31|1|HAYIR|%22|EVET|%28|2|EVET|%27|EVET|%31|2|EVET|%18|EVET|%88|4|HAYIR|%13|EVET|%25|3|HAYIR|%0|EVET|%29
611|2026-08-17 18:37:26|2|1/4|HAYIR|%43|%22|EVET|%21|%30|0|HAYIR|%0|HAYIR|%0|3/4|HAYIR|%26|%35|T•K|HAYIR|%63|%54|TEPE_YON|FRAGMENTARY_2|TEPE>DONGU>TEPE|PATTERN_BREAK:0,59|EVET|%45|3|HAYIR|%21|EVET|%35|1|HAYIR|%34|EVET|%27|1|HAYIR|%21|EVET|%32|3|HAYIR|%21|EVET|%27|2|HAYIR|%21|EVET|%33|1|HAYIR|%26|EVET|%32|3|HAYIR|%30|EVET|%30|3|HAYIR|%26|EVET|%37|3|HAYIR|%21|EVET|%28|3|HAYIR|%30|EVET|%27|3|HAYIR|%21|EVET|%94|4|EVET|%13|EVET|%25|3|HAYIR|%0|EVET|%32
612|2026-08-17 18:37:27|4|3/2|EVET|%44|%22|HAYIR|%21|%27|0|HAYIR|%0|HAYIR|%0|4/1|HAYIR|%26|%31|C•K|HAYIR|%63|%52|VADI_YON|FRAGMENTARY_2|TEPE>DONGU>VADI|PATTERN_BREAK:0,59|EVET|%43|4|HAYIR|%20|EVET|%31|2|HAYIR|%33|EVET|%29|4|HAYIR|%20|EVET|%38|3|EVET|%20|EVET|%30|4|HAYIR|%20|EVET|%45|4|HAYIR|%25|EVET|%44|2|HAYIR|%29|EVET|%31|2|HAYIR|%25|EVET|%36|3|EVET|%20|EVET|%27|4|HAYIR|%29|EVET|%28|2|HAYIR|%20|EVET|%58|4|HAYIR|%16|EVET|%25|1|HAYIR|%0|EVET|%28
613|2026-08-17 18:37:29|3|1/4|HAYIR|%43|%22|HAYIR|%21|%30|0|HAYIR|%0|HAYIR|%0|2/4|EVET|%26|%35|C•K|EVET|%63|%55|TEPE_YON|FRAGMENTARY_2|VADI>TEPE>TEPE|PATTERN_BREAK:0,59|EVET|%38|2|EVET|%20|EVET|%35|1|HAYIR|%32|EVET|%28|2|EVET|%20|EVET|%40|3|HAYIR|%24|EVET|%38|2|EVET|%20|EVET|%28|2|EVET|%24|EVET|%36|2|EVET|%28|EVET|%31|4|HAYIR|%24|EVET|%29|2|EVET|%24|EVET|%29|2|EVET|%28|EVET|%30|2|EVET|%20|EVET|%75|4|HAYIR|%16|EVET|%25|2|EVET|%0|EVET|%30
614|2026-08-17 18:37:30|2|4/2|HAYIR|%43|%22|HAYIR|%21|%33|0|HAYIR|%0|HAYIR|%0|2/4|HAYIR|%26|%34|C•B|HAYIR|%63|%59|TEPE_YON|FRAGMENTARY_2|TEPE>TEPE>TEPE|PATTERN_BREAK:0,59|EVET|%49|2|HAYIR|%23|EVET|%34|2|HAYIR|%30|EVET|%28|4|HAYIR|%23|EVET|%36|2|HAYIR|%23|EVET|%35|2|HAYIR|%23|EVET|%45|2|HAYIR|%26|EVET|%44|4|HAYIR|%30|EVET|%30|3|HAYIR|%23|EVET|%27|3|HAYIR|%26|EVET|%27|2|HAYIR|%30|EVET|%31|2|HAYIR|%23|EVET|%40|2|HAYIR|%15|EVET|%28|4|HAYIR|%3|EVET|%31
615|2026-08-17 18:37:32|1|1/2|HAYIR|%43|%22|HAYIR|%21|%30|0|HAYIR|%0|HAYIR|%0|2/1|HAYIR|%26|%37|T•K|HAYIR|%63|%53|TEPE_YON|FRAGMENTARY_2|DONGU_TERS>VADI>TEPE|PATTERN_BREAK:0,59|EVET|%37|2|HAYIR|%22|EVET|%37|1|HAYIR|%29|EVET|%27|2|HAYIR|%22|EVET|%31|3|HAYIR|%22|EVET|%29|2|HAYIR|%22|EVET|%37|2|HAYIR|%25|EVET|%44|4|EVET|%29|EVET|%31|4|EVET|%22|EVET|%36|1|HAYIR|%25|EVET|%28|2|HAYIR|%29|EVET|%30|2|HAYIR|%22|EVET|%93|2|HAYIR|%14|EVET|%28|1|HAYIR|%3|EVET|%36
616|2026-08-17 18:37:33|4|4/2|EVET|%43|%22|HAYIR|%21|%26|0|HAYIR|%0|HAYIR|%0|2/4|HAYIR|%26|%27|C•K|EVET|%63|%53|TEPE_YON|FRAGMENTARY_2|VADI>TEPE>TEPE|PATTERN_BREAK:0,59|EVET|%33|2|HAYIR|%21|EVET|%27|2|HAYIR|%28|EVET|%29|1|HAYIR|%21|EVET|%48|4|EVET|%21|EVET|%44|4|EVET|%21|EVET|%45|4|EVET|%25|EVET|%36|2|HAYIR|%32|EVET|%30|3|HAYIR|%25|EVET|%29|3|HAYIR|%25|EVET|%28|4|EVET|%28|EVET|%30|1|HAYIR|%21|EVET|%69|2|HAYIR|%14|EVET|%28|3|HAYIR|%3|EVET|%28
617|2026-08-17 18:37:34|4|1/3|HAYIR|%43|%22|HAYIR|%21|%33|0|HAYIR|%0|HAYIR|%0|1/3|HAYIR|%26|%38|T•K|HAYIR|%63|%54|TEPE_YON|FRAGMENTARY_2|TEPE>VADI>TEPE|PATTERN_BREAK:0,59|EVET|%45|1|HAYIR|%20|EVET|%38|4|EVET|%27|EVET|%28|1|HAYIR|%20|EVET|%38|4|EVET|%24|EVET|%34|1|HAYIR|%24|EVET|%43|1|HAYIR|%27|EVET|%48|1|HAYIR|%31|EVET|%32|1|HAYIR|%24|EVET|%35|3|HAYIR|%24|EVET|%28|1|HAYIR|%31|EVET|%35|3|HAYIR|%20|EVET|%53|2|HAYIR|%13|EVET|%28|1|HAYIR|%3|EVET|%29
618|2026-08-17 18:37:35|4|2/4|HAYIR|%43|%22|HAYIR|%21|%25|0|HAYIR|%0|HAYIR|%0|1/3|HAYIR|%26|%37|T•B|EVET|%63|%52|TEPE_YON|FRAGMENTARY_2|DONGU_TERS>DONGU_TERS>TEPE|PATTERN_BREAK:0,59|EVET|%39|1|HAYIR|%20|EVET|%37|2|HAYIR|%30|EVET|%27|1|HAYIR|%20|EVET|%39|1|HAYIR|%26|EVET|%48|4|HAYIR|%23|EVET|%27|3|EVET|%26|EVET|%35|3|EVET|%30|EVET|%42|2|HAYIR|%23|EVET|%39|3|EVET|%23|EVET|%28|1|HAYIR|%30|EVET|%28|3|EVET|%20|EVET|%97|2|HAYIR|%13|EVET|%28|1|HAYIR|%3|EVET|%28
619|2026-08-17 18:37:37|3|4/1|HAYIR|%43|%22|HAYIR|%21|%34|0|HAYIR|%0|HAYIR|%0|2/4|HAYIR|%25|%35|T•B|EVET|%63|%51|VADI_YON|FRAGMENTARY_2|VADI>TEPE>VADI|PATTERN_BREAK:0,59|EVET|%54|2|HAYIR|%19|EVET|%35|4|HAYIR|%29|EVET|%28|1|HAYIR|%19|EVET|%46|4|HAYIR|%25|EVET|%34|4|HAYIR|%22|EVET|%46|4|HAYIR|%29|EVET|%35|2|HAYIR|%32|EVET|%32|4|HAYIR|%22|EVET|%35|2|HAYIR|%25|EVET|%29|4|HAYIR|%29|EVET|%31|1|HAYIR|%22|EVET|%73|2|HAYIR|%12|EVET|%28|2|HAYIR|%3|EVET|%31
620|2026-08-17 18:37:38|3|2/4|HAYIR|%43|%22|HAYIR|%21|%39|0|HAYIR|%0|HAYIR|%0|2/1|HAYIR|%25|%31|C•K|EVET|%63|%57|VADI_YON|FRAGMENTARY_2|TEPE>VADI>VADI|PATTERN_BREAK:0,59|EVET|%63|2|HAYIR|%18|EVET|%31|2|HAYIR|%28|EVET|%27|2|HAYIR|%18|EVET|%52|4|HAYIR|%25|EVET|%52|3|HAYIR|%21|EVET|%41|3|HAYIR|%28|EVET|%40|2|HAYIR|%31|EVET|%33|2|HAYIR|%21|EVET|%30|2|HAYIR|%25|EVET|%29|2|HAYIR|%28|EVET|%29|1|EVET|%21|EVET|%83|2|HAYIR|%12|EVET|%28|2|HAYIR|%3|EVET|%32
621|2026-08-17 18:37:40|1|4/3|HAYIR|%43|%22|HAYIR|%21|%25|0|HAYIR|%0|HAYIR|%0|4/2|HAYIR|%25|%31|C•K|EVET|%63|%55|BLOK_TERS_TEKRAR|FRAGMENTARY_2|VADI>TEPE>BLOK_TERS|REGIME_SHIFT:0,75,PATTERN_BREAK:0,59|EVET|%32|4|HAYIR|%18|EVET|%31|1|EVET|%27|EVET|%28|4|HAYIR|%18|EVET|%47|2|HAYIR|%24|EVET|%29|4|HAYIR|%21|EVET|%29|2|HAYIR|%27|EVET|%37|4|HAYIR|%30|EVET|%32|4|HAYIR|%21|EVET|%37|1|EVET|%24|EVET|%28|4|HAYIR|%27|EVET|%30|3|HAYIR|%24|EVET|%56|4|HAYIR|%12|EVET|%26|2|HAYIR|%3|EVET|%31
622|2026-08-17 18:37:40|1|2/4|EVET|%43|%22|HAYIR|%21|%35|0|HAYIR|%0|HAYIR|%0|1/4|HAYIR|%25|%29|C•K|EVET|%63|%51|TEPE_YON|FRAGMENTARY_2|DONGU>TEPE>TEPE|REGIME_SHIFT:0,50|EVET|%44|1|HAYIR|%17|EVET|%29|2|EVET|%29|EVET|%26|2|EVET|%17|EVET|%38|4|HAYIR|%23|EVET|%27|1|HAYIR|%20|EVET|%31|1|HAYIR|%26|EVET|%39|4|HAYIR|%29|EVET|%37|4|HAYIR|%20|EVET|%35|1|HAYIR|%26|EVET|%28|1|HAYIR|%26|EVET|%26|3|HAYIR|%23|EVET|%90|4|HAYIR|%11|EVET|%26|3|HAYIR|%2|EVET|%28
623|2026-08-17 18:37:43|2|4/1|EVET|%43|%22|HAYIR|%21|%57|0|HAYIR|%0|HAYIR|%0|4/3|EVET|%25|%36|T•B|EVET|%63|%56|VADI_YON|FRAGMENTARY_2|DONGU_TERS>TEPE>VADI||HAYIR|%75|4|EVET|%17|EVET|%36|4|EVET|%31|EVET|%28|1|HAYIR|%20|EVET|%41|4|EVET|%22|EVET|%28|4|EVET|%20|EVET|%25|3|HAYIR|%25|EVET|%35|4|EVET|%28|EVET|%29|3|HAYIR|%20|EVET|%35|3|HAYIR|%25|EVET|%27|3|HAYIR|%25|EVET|%27|3|HAYIR|%22|EVET|%93|4|EVET|%11|EVET|%25|4|EVET|%2|EVET|%32
624|2026-08-17 18:37:44|4|3/2|HAYIR|%43|%22|EVET|%21|%51|0|HAYIR|%0|HAYIR|%0|3/4|HAYIR|%25|%33|T•K|EVET|%63|%53|VADI_YON|FRAGMENTARY_2|DONGU_TERS>TEPE>VADI||HAYIR|%76|3|HAYIR|%19|EVET|%33|2|EVET|%33|EVET|%28|3|HAYIR|%19|EVET|%48|1|HAYIR|%25|EVET|%31|4|HAYIR|%22|EVET|%33|3|HAYIR|%25|EVET|%38|2|EVET|%30|EVET|%30|2|EVET|%19|EVET|%28|3|HAYIR|%25|EVET|%28|3|HAYIR|%25|EVET|%31|2|EVET|%22|EVET|%55|4|HAYIR|%13|EVET|%25|1|HAYIR|%5|EVET|%27
625|2026-08-17 18:37:45|2|4/1|HAYIR|%43|%22|HAYIR|%21|%37|0|HAYIR|%0|HAYIR|%0|1/3|HAYIR|%25|%39|T•K|EVET|%63|%53|VADI_YON|FRAGMENTARY_2|TEPE>TEPE>VADI|PATTERN_BREAK:0,59|EVET|%66|1|HAYIR|%18|EVET|%39|4|HAYIR|%35|EVET|%30|1|HAYIR|%18|EVET|%44|2|HAYIR|%24|EVET|%33|4|HAYIR|%21|EVET|%29|1|HAYIR|%24|EVET|%33|4|HAYIR|%32|EVET|%30|1|HAYIR|%21|EVET|%31|3|EVET|%24|EVET|%27|1|HAYIR|%24|EVET|%30|1|HAYIR|%24|EVET|%93|4|HAYIR|%13|EVET|%25|1|HAYIR|%5|EVET|%27
626|2026-08-17 18:37:46|3|2/3|HAYIR|%43|%22|HAYIR|%21|%34|0|HAYIR|%0|HAYIR|%0|1/2|HAYIR|%25|%33|C•K|EVET|%63|%51|VADI_YON|FRAGMENTARY_2|BLOK_TERS>TEPE>VADI|PATTERN_BREAK:0,59|EVET|%71|1|HAYIR|%18|EVET|%33|2|HAYIR|%34|EVET|%33|1|HAYIR|%18|EVET|%38|3|HAYIR|%23|EVET|%29|2|HAYIR|%21|EVET|%32|1|HAYIR|%23|EVET|%44|2|HAYIR|%31|EVET|%32|2|HAYIR|%21|EVET|%35|2|HAYIR|%26|EVET|%29|2|HAYIR|%23|EVET|%29|1|HAYIR|%23|EVET|%92|4|EVET|%13|EVET|%25|2|HAYIR|%5|EVET|%31
627|2026-08-17 18:37:59|4|1/4|HAYIR|%43|%22|EVET|%21|%44|0|HAYIR|%0|HAYIR|%0|2/3|HAYIR|%25|%48|C•K|EVET|%63|%52|VADI_YON|FRAGMENTARY_2|BLOK_DUZ>VADI>VADI||HAYIR|%66|2|HAYIR|%17|EVET|%48|1|HAYIR|%33|EVET|%30|2|HAYIR|%17|EVET|%63|2|HAYIR|%23|EVET|%34|2|HAYIR|%20|EVET|%44|2|HAYIR|%23|EVET|%60|2|HAYIR|%30|EVET|%31|4|EVET|%20|EVET|%31|3|HAYIR|%25|EVET|%28|2|HAYIR|%23|EVET|%36|3|HAYIR|%23|EVET|%79|2|HAYIR|%15|EVET|%28|3|HAYIR|%5|EVET|%32
628|2026-08-17 18:38:00|4|2/4|HAYIR|%43|%22|EVET|%21|%29|0|HAYIR|%0|HAYIR|%0|4/1|EVET|%25|%28|T•B|EVET|%63|%52|BLOK_DUZ_TEKRAR|FRAGMENTARY_2|BLOK_DUZ>VADI>BLOK_DUZ|REGIME_SHIFT:0,75,PATTERN_BREAK:0,59|EVET|%49|4|EVET|%17|EVET|%28|2|HAYIR|%32|EVET|%33|1|HAYIR|%17|EVET|%33|3|HAYIR|%22|EVET|%30|4|EVET|%20|EVET|%38|4|EVET|%22|EVET|%39|1|HAYIR|%30|EVET|%31|2|HAYIR|%22|EVET|%31|3|HAYIR|%25|EVET|%28|4|EVET|%22|EVET|%26|2|HAYIR|%22|EVET|%86|2|HAYIR|%15|EVET|%28|3|HAYIR|%5|EVET|%29
629|2026-08-17 18:38:02|4|4/1|EVET|%43|%22|HAYIR|%21|%35|0|HAYIR|%0|HAYIR|%0|3/4|HAYIR|%25|%31|T•B|EVET|%63|%58|BLOK_DUZ_TEKRAR|FRAGMENTARY_2|TEPE>BLOK_TERS>BLOK_DUZ|PATTERN_BREAK:0,59|EVET|%57|3|HAYIR|%19|EVET|%31|4|EVET|%31|EVET|%41|1|HAYIR|%17|EVET|%32|3|HAYIR|%21|EVET|%33|3|HAYIR|%21|EVET|%40|3|HAYIR|%24|EVET|%49|3|HAYIR|%29|EVET|%48|4|EVET|%21|EVET|%28|3|HAYIR|%24|EVET|%27|3|HAYIR|%24|EVET|%31|3|HAYIR|%21|EVET|%98|2|HAYIR|%14|EVET|%28|3|HAYIR|%4|EVET|%28
630|2026-08-17 18:38:04|4|3/2|HAYIR|%44|%22|EVET|%21|%29|0|HAYIR|%0|HAYIR|%0|1/3|HAYIR|%25|%46|T•B|HAYIR|%63|%59|BLOK_DUZ_TEKRAR|FRAGMENTARY_2|TEPE>TEPE>BLOK_DUZ|PATTERN_BREAK:0,59|EVET|%54|1|HAYIR|%19|EVET|%46|2|EVET|%33|EVET|%28|1|HAYIR|%16|EVET|%41|1|HAYIR|%21|EVET|%39|1|HAYIR|%21|EVET|%42|1|HAYIR|%23|EVET|%69|1|HAYIR|%28|EVET|%49|4|HAYIR|%23|EVET|%29|3|HAYIR|%23|EVET|%27|1|HAYIR|%23|EVET|%40|1|HAYIR|%21|EVET|%66|2|EVET|%14|EVET|%28|3|HAYIR|%4|EVET|%27
631|2026-08-17 18:38:08|2|4/1|HAYIR|%43|%22|HAYIR|%21|%33|0|HAYIR|%0|HAYIR|%0|1/3|HAYIR|%25|%41|T•K|EVET|%63|%57|VADI_YON|FRAGMENTARY_2|AZALIS>VADI>VADI|REGIME_SHIFT:0,75,PATTERN_BREAK:0,59|EVET|%59|1|HAYIR|%18|EVET|%41|4|HAYIR|%34|EVET|%30|1|HAYIR|%16|EVET|%41|1|HAYIR|%20|EVET|%36|1|HAYIR|%20|EVET|%42|1|HAYIR|%23|EVET|%51|4|HAYIR|%27|EVET|%30|4|HAYIR|%23|EVET|%30|3|EVET|%23|EVET|%27|1|HAYIR|%23|EVET|%35|1|HAYIR|%20|EVET|%97|2|HAYIR|%16|EVET|%28|3|EVET|%4|EVET|%28
632|2026-08-17 18:38:09|3|2/4|EVET|%44|%22|HAYIR|%21|%55|0|HAYIR|%0|HAYIR|%0|4/2|HAYIR|%25|%31|T•K|EVET|%63|%50|TEPE_YON|FRAGMENTARY_2|VADI>VADI>TEPE||HAYIR|%83|4|HAYIR|%18|EVET|%31|2|EVET|%34|EVET|%29|1|HAYIR|%15|EVET|%34|1|HAYIR|%20|EVET|%27|4|HAYIR|%20|EVET|%29|1|HAYIR|%22|EVET|%39|2|EVET|%27|EVET|%31|4|HAYIR|%22|EVET|%48|2|EVET|%25|EVET|%29|4|HAYIR|%22|EVET|%31|1|HAYIR|%20|EVET|%92|2|EVET|%15|EVET|%28|2|EVET|%6|EVET|%31
633|2026-08-17 18:38:11|2|4/1|HAYIR|%44|%22|HAYIR|%21|%39|0|HAYIR|%0|HAYIR|%0|4/2|HAYIR|%25|%42|C•B|EVET|%63|%56|TEPE_YON|FRAGMENTARY_2|VADI>VADI>TEPE|PATTERN_BREAK:0,59|EVET|%68|4|HAYIR|%17|EVET|%42|4|HAYIR|%35|EVET|%28|4|HAYIR|%15|EVET|%30|4|HAYIR|%20|EVET|%31|4|HAYIR|%20|EVET|%47|4|HAYIR|%22|EVET|%65|3|HAYIR|%28|EVET|%30|4|HAYIR|%22|EVET|%29|3|HAYIR|%26|EVET|%28|4|HAYIR|%22|EVET|%36|3|HAYIR|%20|EVET|%54|2|EVET|%17|EVET|%28|4|HAYIR|%8|EVET|%30
634|2026-08-17 18:38:12|2|2/1|EVET|%44|%22|HAYIR|%21|%31|0|HAYIR|%0|HAYIR|%0|2/3|EVET|%25|%34|T•K|EVET|%63|%52|BLOK_TERS_TEKRAR|FRAGMENTARY_2|BLOK_DUZ>VADI>BLOK_TERS|REGIME_SHIFT:0,75,PATTERN_BREAK:0,59|EVET|%52|2|EVET|%17|EVET|%34|2|EVET|%34|EVET|%42|1|HAYIR|%15|EVET|%34|3|HAYIR|%19|EVET|%36|4|HAYIR|%19|EVET|%30|2|EVET|%21|EVET|%31|3|HAYIR|%28|EVET|%35|2|EVET|%21|EVET|%30|3|HAYIR|%26|EVET|%28|2|EVET|%21|EVET|%29|1|HAYIR|%19|EVET|%48|4|HAYIR|%19|EVET|%26|3|HAYIR|%8|EVET|%29
635|2026-08-17 18:38:13|2|1/4|HAYIR|%44|%22|HAYIR|%21|%32|0|HAYIR|%0|HAYIR|%0|2/3|EVET|%25|%39|T•B|HAYIR|%63|%54|VADI_YON|FRAGMENTARY_2|BLOK_TERS>VADI>VADI|REGIME_SHIFT:0,75,PATTERN_BREAK:0,59|EVET|%59|2|EVET|%19|EVET|%39|1|HAYIR|%36|EVET|%28|2|EVET|%14|EVET|%42|1|HAYIR|%19|EVET|%33|2|EVET|%19|EVET|%46|2|EVET|%23|EVET|%57|3|HAYIR|%27|EVET|%45|1|HAYIR|%23|EVET|%28|3|HAYIR|%25|EVET|%27|2|EVET|%23|EVET|%32|3|HAYIR|%19|EVET|%69|4|HAYIR|%19|EVET|%26|3|HAYIR|%8|EVET|%29
636|2026-08-17 18:38:14|2|2/1|HAYIR|%44|%22|EVET|%21|%40|0|HAYIR|%0|HAYIR|%0|1/3|EVET|%26|%50|T•K|EVET|%63|%58|VADI_YON|FRAGMENTARY_2|BLOK_TERS>BLOK_DUZ>VADI|PATTERN_BREAK:0,59|EVET|%62|1|EVET|%20|EVET|%50|2|HAYIR|%35|EVET|%36|1|EVET|%16|EVET|%39|1|EVET|%18|EVET|%41|1|EVET|%20|EVET|%40|1|EVET|%25|EVET|%80|1|EVET|%27|EVET|%49|2|HAYIR|%22|EVET|%34|3|HAYIR|%25|EVET|%27|1|EVET|%25|EVET|%42|1|EVET|%18|EVET|%99|4|HAYIR|%18|EVET|%26|3|HAYIR|%8|EVET|%28
637|2026-08-17 18:38:16|1|1/2|HAYIR|%44|%22|HAYIR|%21|%36|0|HAYIR|%0|HAYIR|%0|1/3|HAYIR|%26|%38|T•B|EVET|%63|%51|DONGU_TERS_YON|FRAGMENTARY_2|BLOK_TERS>BLOK_DUZ>DONGU_TERS|PATTERN_BREAK:0,59|EVET|%58|1|HAYIR|%22|EVET|%38|1|HAYIR|%34|EVET|%28|3|EVET|%18|EVET|%47|3|EVET|%20|EVET|%41|3|EVET|%22|EVET|%39|3|EVET|%26|EVET|%60|4|HAYIR|%28|EVET|%32|4|HAYIR|%22|EVET|%34|1|HAYIR|%24|EVET|%28|3|EVET|%26|EVET|%35|1|HAYIR|%20|EVET|%64|4|HAYIR|%18|EVET|%26|1|HAYIR|%8|EVET|%35
638|2026-08-17 18:38:17|3|2/1|EVET|%44|%22|HAYIR|%21|%46|0|HAYIR|%0|HAYIR|%0|2/4|EVET|%26|%51|C•K|EVET|%64|%58|TEPE_YON|FRAGMENTARY_2|BLOK_TERS>BLOK_DUZ>TEPE|PATTERN_BREAK:0,59|EVET|%71|2|EVET|%22|EVET|%51|2|EVET|%34|EVET|%43|2|EVET|%20|EVET|%59|2|EVET|%22|EVET|%28|2|EVET|%24|EVET|%46|2|EVET|%28|EVET|%79|2|EVET|%28|EVET|%33|2|EVET|%22|EVET|%38|2|EVET|%24|EVET|%29|2|EVET|%28|EVET|%46|2|EVET|%20|EVET|%61|4|HAYIR|%18|EVET|%26|4|HAYIR|%8|EVET|%32
639|2026-08-17 18:38:18|2|1/2|EVET|%44|%22|HAYIR|%21|%35|0|HAYIR|%0|HAYIR|%0|1/2|EVET|%26|%46|C•K|EVET|%64|%55|BLOK_TERS_TEKRAR|FRAGMENTARY_2|VADI>VADI>BLOK_TERS|REGIME_SHIFT:0,75,PATTERN_BREAK:0,59|EVET|%63|1|EVET|%23|EVET|%46|1|EVET|%35|EVET|%28|1|EVET|%21|EVET|%75|2|HAYIR|%23|EVET|%38|1|EVET|%25|EVET|%41|1|EVET|%29|EVET|%82|3|HAYIR|%29|EVET|%29|3|HAYIR|%23|EVET|%32|3|HAYIR|%25|EVET|%27|1|EVET|%29|EVET|%42|3|HAYIR|%21|EVET|%60|4|HAYIR|%17|EVET|%25|4|HAYIR|%7|EVET|%29
640|2026-08-17 18:38:20|1|3/2|HAYIR|%44|%22|HAYIR|%21|%29|0|HAYIR|%0|HAYIR|%0|3/2|HAYIR|%26|%53|C•B|HAYIR|%63|%51|TEPE_YON|FRAGMENTARY_2|BLOK_DUZ>TEPE>TEPE|REGIME_SHIFT:0,75,PATTERN_BREAK:0,59|EVET|%38|3|HAYIR|%25|EVET|%53|2|HAYIR|%36|EVET|%33|3|HAYIR|%23|EVET|%63|2|HAYIR|%23|EVET|%34|3|HAYIR|%26|EVET|%40|3|HAYIR|%30|EVET|%74|4|HAYIR|%28|EVET|%31|4|HAYIR|%23|EVET|%34|1|EVET|%25|EVET|%28|3|HAYIR|%30|EVET|%42|2|HAYIR|%21|EVET|%93|2|HAYIR|%17|EVET|%29|1|EVET|%7|EVET|%34
641|2026-08-17 18:38:21|1|4/1|HAYIR|%44|%22|EVET|%21|%34|0|HAYIR|%0|HAYIR|%0|4/2|HAYIR|%26|%31|C•B|HAYIR|%63|%57|TEPE_YON|FRAGMENTARY_2|TEPE>TEPE>TEPE|PATTERN_BREAK:0,59|EVET|%49|4|HAYIR|%24|EVET|%31|4|HAYIR|%35|EVET|%30|4|HAYIR|%22|EVET|%42|4|HAYIR|%22|EVET|%33|1|EVET|%26|EVET|%42|3|HAYIR|%30|EVET|%29|4|HAYIR|%28|EVET|%34|1|EVET|%22|EVET|%33|1|EVET|%26|EVET|%28|4|HAYIR|%30|EVET|%30|4|HAYIR|%20|EVET|%78|2|HAYIR|%16|EVET|%29|3|HAYIR|%9|EVET|%27
642|2026-08-17 18:38:23|1|2/3|HAYIR|%44|%22|EVET|%21|%29|0|HAYIR|%0|HAYIR|%0|2/3|HAYIR|%26|%36|T•K|EVET|%63|%53|BLOK_TERS_TEKRAR|FRAGMENTARY_2|DONGU_TERS>BLOK_TERS>BLOK_TERS|REGIME_SHIFT:0,75,PATTERN_BREAK:0,59|EVET|%34|2|HAYIR|%24|EVET|%36|2|HAYIR|%35|EVET|%60|1|HAYIR|%22|EVET|%45|2|HAYIR|%22|EVET|%31|3|EVET|%27|EVET|%39|3|EVET|%29|EVET|%41|2|HAYIR|%27|EVET|%45|1|HAYIR|%24|EVET|%32|1|HAYIR|%27|EVET|%29|2|HAYIR|%29|EVET|%34|2|HAYIR|%20|EVET|%92|2|HAYIR|%16|EVET|%28|1|HAYIR|%9|EVET|%28
643|2026-08-17 18:38:25|3|4/2|HAYIR|%44|%22|HAYIR|%21|%34|0|HAYIR|%0|HAYIR|%0|4/3|HAYIR|%26|%34|C•B|HAYIR|%63|%52|VADI_YON|FRAGMENTARY_2|VADI>VADI>VADI|REGIME_SHIFT:0,75,PATTERN_BREAK:0,59|EVET|%51|4|HAYIR|%23|EVET|%34|1|EVET|%34|EVET|%29|4|HAYIR|%21|EVET|%38|2|HAYIR|%21|EVET|%32|4|HAYIR|%29|EVET|%45|4|HAYIR|%30|EVET|%48|2|HAYIR|%27|EVET|%34|4|HAYIR|%23|EVET|%32|2|HAYIR|%27|EVET|%30|4|HAYIR|%29|EVET|%35|3|HAYIR|%20|EVET|%79|2|HAYIR|%16|EVET|%29|4|HAYIR|%9|EVET|%31
644|2026-08-17 18:38:26|1|1/3|HAYIR|%44|%22|EVET|%21|%25|0|HAYIR|%0|HAYIR|%0|1/2|HAYIR|%26|%29|C•K|HAYIR|%63|%55|TEPE_YON|FRAGMENTARY_2|BLOK_DUZ>VADI>TEPE|PATTERN_BREAK:0,59|EVET|%34|1|HAYIR|%23|EVET|%29|2|HAYIR|%35|EVET|%33|2|HAYIR|%21|EVET|%29|4|HAYIR|%21|EVET|%29|3|EVET|%28|EVET|%34|3|EVET|%30|EVET|%42|4|HAYIR|%26|EVET|%31|1|HAYIR|%23|EVET|%32|1|HAYIR|%26|EVET|%29|1|HAYIR|%28|EVET|%26|3|EVET|%19|EVET|%78|2|HAYIR|%16|EVET|%28|2|HAYIR|%8|EVET|%30
645|2026-08-17 18:38:26|3|4/2|HAYIR|%44|%22|HAYIR|%21|%42|0|HAYIR|%0|HAYIR|%0|4/2|HAYIR|%26|%42|C•B|EVET|%63|%54|VADI_YON|FRAGMENTARY_2|BLOK_DUZ>DONGU_TERS>VADI|PATTERN_BREAK:0,59|EVET|%51|4|HAYIR|%22|EVET|%42|1|HAYIR|%35|EVET|%28|4|HAYIR|%21|EVET|%53|4|HAYIR|%21|EVET|%37|4|HAYIR|%29|EVET|%36|4|HAYIR|%31|EVET|%54|2|HAYIR|%26|EVET|%33|4|HAYIR|%22|EVET|%37|2|HAYIR|%26|EVET|%30|4|HAYIR|%28|EVET|%38|4|HAYIR|%21|EVET|%99|2|HAYIR|%15|EVET|%28|4|HAYIR|%8|EVET|%30
646|2026-08-17 18:38:27|3|2/1|HAYIR|%44|%22|EVET|%21|%43|0|HAYIR|%0|HAYIR|%0|2/1|HAYIR|%25|%40|T•K|EVET|%63|%51|VADI_YON|FRAGMENTARY_2|TEKRAR>TEPE>VADI|PATTERN_BREAK:0,59|EVET|%72|2|HAYIR|%22|EVET|%40|2|HAYIR|%34|EVET|%33|4|HAYIR|%20|EVET|%52|1|EVET|%20|EVET|%32|2|HAYIR|%29|EVET|%45|2|HAYIR|%31|EVET|%53|1|EVET|%25|EVET|%31|2|HAYIR|%22|EVET|%33|2|HAYIR|%25|EVET|%29|2|HAYIR|%27|EVET|%36|2|HAYIR|%20|EVET|%95|2|HAYIR|%15|EVET|%28|2|HAYIR|%8|EVET|%32
647|2026-08-17 18:38:28|1|4/1|HAYIR|%44|%22|EVET|%22|%55|0|HAYIR|%0|HAYIR|%0|4/1|HAYIR|%25|%35|T•B|EVET|%63|%55|TEPE_YON|FRAGMENTARY_2|BLOK_TERS>BLOK_TERS>TEPE||HAYIR|%60|4|HAYIR|%22|EVET|%35|1|EVET|%33|EVET|%27|4|HAYIR|%20|EVET|%45|2|HAYIR|%22|EVET|%30|4|HAYIR|%28|EVET|%44|4|HAYIR|%30|EVET|%48|4|HAYIR|%27|EVET|%30|1|EVET|%22|EVET|%34|1|EVET|%25|EVET|%28|4|HAYIR|%27|EVET|%36|3|HAYIR|%20|EVET|%56|4|HAYIR|%15|EVET|%25|2|HAYIR|%8|EVET|%29
648|2026-08-17 18:38:29|1|2/1|HAYIR|%44|%22|HAYIR|%22|%41|0|HAYIR|%0|HAYIR|%0|2/3|HAYIR|%25|%35|T•K|HAYIR|%63|%54|TEPE_YON|FRAGMENTARY_2|VADI>TEPE>TEPE|PATTERN_BREAK:0,59|EVET|%64|2|HAYIR|%21|EVET|%35|2|HAYIR|%35|EVET|%30|2|HAYIR|%20|EVET|%53|1|HAYIR|%21|EVET|%29|2|HAYIR|%28|EVET|%44|2|HAYIR|%30|EVET|%53|4|EVET|%26|EVET|%34|1|HAYIR|%23|EVET|%32|1|HAYIR|%26|EVET|%29|2|HAYIR|%26|EVET|%34|3|HAYIR|%20|EVET|%90|4|EVET|%15|EVET|%25|3|HAYIR|%8|EVET|%29
649|2026-08-17 18:38:30|4|3/2|HAYIR|%44|%22|EVET|%22|%25|0|HAYIR|%0|HAYIR|%0|3/2|HAYIR|%25|%34|C•K|EVET|%63|%50|BLOK_DUZ_TEKRAR|FRAGMENTARY_2|DONGU_TERS>TEPE>BLOK_DUZ|REGIME_SHIFT:0,75,PATTERN_BREAK:0,59|EVET|%35|3|HAYIR|%21|EVET|%34|4|HAYIR|%34|EVET|%29|3|HAYIR|%19|EVET|%54|4|HAYIR|%21|EVET|%37|3|HAYIR|%27|EVET|%41|3|HAYIR|%29|EVET|%60|2|EVET|%27|EVET|%31|4|HAYIR|%22|EVET|%38|3|HAYIR|%26|EVET|%27|3|HAYIR|%26|EVET|%35|3|HAYIR|%19|EVET|%72|4|HAYIR|%16|EVET|%25|3|HAYIR|%8|EVET|%27
650|2026-08-17 18:38:31|2|3/2|EVET|%44|%22|HAYIR|%22|%32|0|HAYIR|%0|HAYIR|%0|3/1|EVET|%25|%40|T•B|EVET|%63|%54|TEPE_YON|FRAGMENTARY_2|TEPE>BLOK_TERS>TEPE|REGIME_SHIFT:0,50,PATTERN_BREAK:0,59|EVET|%37|3|EVET|%20|EVET|%40|2|HAYIR|%33|EVET|%27|3|EVET|%19|EVET|%64|1|HAYIR|%20|EVET|%28|3|EVET|%27|EVET|%32|3|EVET|%29|EVET|%46|3|EVET|%29|EVET|%29|3|EVET|%22|EVET|%31|3|EVET|%25|EVET|%27|3|EVET|%25|EVET|%35|1|HAYIR|%19|EVET|%59|4|HAYIR|%16|EVET|%25|3|EVET|%8|EVET|%30
651|2026-08-17 18:38:32|3|4/2|HAYIR|%44|%22|HAYIR|%22|%33|0|HAYIR|%0|HAYIR|%0|2/4|HAYIR|%25|%36|C•K|EVET|%63|%56|BLOK_DUZ_TEKRAR|FRAGMENTARY_2|BLOK_TERS>VADI>BLOK_DUZ|REGIME_SHIFT:0,75|EVET|%48|2|HAYIR|%22|EVET|%36|1|EVET|%33|EVET|%37|4|HAYIR|%20|EVET|%40|4|HAYIR|%20|EVET|%30|2|HAYIR|%28|EVET|%32|2|HAYIR|%30|EVET|%36|2|HAYIR|%30|EVET|%33|2|HAYIR|%23|EVET|%34|2|HAYIR|%26|EVET|%29|2|HAYIR|%26|EVET|%31|1|EVET|%19|EVET|%86|4|HAYIR|%15|EVET|%25|2|HAYIR|%9|EVET|%32
652|2026-08-17 18:38:34|1|4/2|HAYIR|%44|%22|EVET|%22|%26|0|HAYIR|%0|HAYIR|%0|4/1|HAYIR|%25|%29|C•K|EVET|%64|%52|VADI_YON|FRAGMENTARY_2|TEKRAR>TEPE>VADI|REGIME_SHIFT:0,75,PATTERN_BREAK:0,59|EVET|%31|4|HAYIR|%21|EVET|%29|2|EVET|%34|EVET|%31|2|EVET|%20|EVET|%32|1|HAYIR|%20|EVET|%33|4|HAYIR|%28|EVET|%43|4|HAYIR|%29|EVET|%36|4|HAYIR|%29|EVET|%30|1|HAYIR|%23|EVET|%32|1|HAYIR|%26|EVET|%29|4|HAYIR|%26|EVET|%28|2|EVET|%20|EVET|%46|4|HAYIR|%15|EVET|%25|2|EVET|%9|EVET|%29
653|2026-08-17 18:38:35|2|4/1|EVET|%44|%22|HAYIR|%22|%31|0|HAYIR|%0|HAYIR|%0|4/2|EVET|%25|%38|T•K|HAYIR|%63|%50|VADI_YON|FRAGMENTARY_2|BLOK_TERS>VADI>VADI|PATTERN_BREAK:0,59|EVET|%38|4|EVET|%21|EVET|%38|1|HAYIR|%35|EVET|%32|4|EVET|%21|EVET|%39|1|HAYIR|%20|EVET|%34|4|EVET|%27|EVET|%31|4|EVET|%29|EVET|%45|3|HAYIR|%29|EVET|%30|4|EVET|%23|EVET|%29|3|HAYIR|%26|EVET|%27|4|EVET|%26|EVET|%29|2|HAYIR|%21|EVET|%46|2|HAYIR|%15|EVET|%28|4|EVET|%10|EVET|%33
654|2026-08-17 18:38:36|4|2/4|EVET|%44|%22|HAYIR|%22|%56|0|HAYIR|%0|HAYIR|%0|2/3|EVET|%26|%30|T•B|HAYIR|%63|%54|DONGU_TERS_YON|FRAGMENTARY_2|VADI>VADI>DONGU_TERS||HAYIR|%76|2|EVET|%22|EVET|%30|2|EVET|%34|EVET|%31|2|EVET|%22|EVET|%42|3|HAYIR|%19|EVET|%38|2|EVET|%28|EVET|%28|3|HAYIR|%30|EVET|%29|2|EVET|%28|EVET|%32|2|EVET|%24|EVET|%36|3|HAYIR|%25|EVET|%27|2|EVET|%27|EVET|%31|2|EVET|%21|EVET|%67|2|EVET|%15|EVET|%28|1|HAYIR|%12|EVET|%26
655|2026-08-17 18:38:37|2|1/2|HAYIR|%44|%22|HAYIR|%22|%34|0|HAYIR|%0|HAYIR|%0|3/1|HAYIR|%26|%36|T•B|EVET|%63|%53|DONGU_TERS_YON|FRAGMENTARY_2|DONGU>TEPE>DONGU_TERS||HAYIR|%38|3|HAYIR|%23|EVET|%36|4|EVET|%35|EVET|%28|3|HAYIR|%23|EVET|%30|2|HAYIR|%19|EVET|%37|2|HAYIR|%29|EVET|%45|2|HAYIR|%29|EVET|%36|3|HAYIR|%29|EVET|%30|1|HAYIR|%25|EVET|%32|3|HAYIR|%25|EVET|%27|3|HAYIR|%28|EVET|%26|1|HAYIR|%22|EVET|%90|2|HAYIR|%16|EVET|%28|3|HAYIR|%11|EVET|%31
656|2026-08-17 18:38:38|4|2/4|HAYIR|%44|%22|HAYIR|%22|%43|0|HAYIR|%0|HAYIR|%0|2/4|HAYIR|%26|%29|T•K|EVET|%63|%58|DONGU_TERS_YON|FRAGMENTARY_2|TEPE>TEPE>DONGU_TERS|PATTERN_BREAK:0,59|EVET|%72|2|HAYIR|%23|EVET|%29|2|HAYIR|%36|EVET|%31|4|HAYIR|%23|EVET|%48|3|EVET|%19|EVET|%30|2|HAYIR|%29|EVET|%45|2|HAYIR|%29|EVET|%33|2|HAYIR|%29|EVET|%33|2|HAYIR|%25|EVET|%41|2|HAYIR|%25|EVET|%27|2|HAYIR|%27|EVET|%30|1|HAYIR|%22|EVET|%74|2|HAYIR|%16|EVET|%28|2|HAYIR|%11|EVET|%28
657|2026-08-17 18:38:40|3|4/1|HAYIR|%44|%22|EVET|%22|%27|0|HAYIR|%0|HAYIR|%0|2/4|HAYIR|%25|%40|T•K|EVET|%63|%53|DONGU_TERS_YON|FRAGMENTARY_2|BLOK_TERS>BLOK_DUZ>DONGU_TERS|PATTERN_BREAK:0,59|EVET|%35|2|HAYIR|%23|EVET|%40|1|EVET|%36|EVET|%30|2|HAYIR|%23|EVET|%56|2|HAYIR|%20|EVET|%32|4|HAYIR|%28|EVET|%44|2|HAYIR|%28|EVET|%39|2|HAYIR|%28|EVET|%32|2|HAYIR|%24|EVET|%29|2|HAYIR|%24|EVET|%29|2|HAYIR|%27|EVET|%33|2|HAYIR|%21|EVET|%81|2|HAYIR|%15|EVET|%28|2|HAYIR|%11|EVET|%30
658|2026-08-17 18:38:40|1|2/3|EVET|%44|%22|HAYIR|%22|%37|0|HAYIR|%0|HAYIR|%0|4/2|HAYIR|%25|%33|C•B|EVET|%64|%59|VADI_YON|FRAGMENTARY_2|BLOK_TERS>TEPE>VADI|PATTERN_BREAK:0,59|EVET|%59|4|HAYIR|%22|EVET|%33|2|EVET|%37|EVET|%34|4|HAYIR|%22|EVET|%62|3|HAYIR|%20|EVET|%34|2|EVET|%28|EVET|%32|4|HAYIR|%28|EVET|%39|4|HAYIR|%28|EVET|%29|1|HAYIR|%24|EVET|%32|1|HAYIR|%24|EVET|%28|4|HAYIR|%27|EVET|%33|4|HAYIR|%21|EVET|%77|2|EVET|%15|EVET|%28|2|EVET|%11|EVET|%30
659|2026-08-17 18:38:41|2|4/1|HAYIR|%44|%22|EVET|%22|%48|0|HAYIR|%0|HAYIR|%0|4/3|HAYIR|%25|%43|C•B|HAYIR|%63|%55|TEPE_YON|FRAGMENTARY_2|BLOK_DUZ>BLOK_DUZ>TEPE||HAYIR|%57|4|HAYIR|%22|EVET|%43|1|EVET|%38|EVET|%30|4|HAYIR|%22|EVET|%39|2|HAYIR|%19|EVET|%30|2|HAYIR|%29|EVET|%45|4|HAYIR|%28|EVET|%36|4|HAYIR|%28|EVET|%30|4|HAYIR|%23|EVET|%28|3|HAYIR|%23|EVET|%27|4|HAYIR|%26|EVET|%29|4|HAYIR|%21|EVET|%55|2|HAYIR|%16|EVET|%28|4|HAYIR|%12|EVET|%36
660|2026-08-17 18:38:42|1|2/3|HAYIR|%45|%22|EVET|%22|%36|0|HAYIR|%0|HAYIR|%0|1/4|HAYIR|%25|%33|T•B|EVET|%63|%52|DONGU_YON|FRAGMENTARY_2|TEPE>VADI>DONGU|PATTERN_BREAK:0,59|EVET|%60|1|HAYIR|%22|EVET|%33|2|HAYIR|%38|EVET|%30|1|HAYIR|%22|EVET|%33|4|HAYIR|%19|EVET|%46|4|HAYIR|%29|EVET|%43|4|HAYIR|%27|EVET|%56|4|HAYIR|%27|EVET|%29|1|HAYIR|%23|EVET|%30|1|HAYIR|%23|EVET|%28|4|HAYIR|%26|EVET|%29|4|HAYIR|%20|EVET|%53|4|HAYIR|%16|EVET|%25|1|HAYIR|%12|EVET|%35
661|2026-08-17 18:38:44|3|4/1|HAYIR|%44|%22|HAYIR|%22|%37|0|HAYIR|%0|HAYIR|%0|2/4|HAYIR|%25|%31|C•K|HAYIR|%63|%56|DONGU_YON|FRAGMENTARY_2|DONGU>VADI>DONGU|PATTERN_BREAK:0,59|EVET|%59|2|HAYIR|%21|EVET|%31|4|HAYIR|%38|EVET|%30|2|HAYIR|%21|EVET|%37|2|HAYIR|%19|EVET|%32|2|HAYIR|%28|EVET|%34|2|HAYIR|%27|EVET|%42|2|HAYIR|%27|EVET|%32|2|HAYIR|%23|EVET|%29|2|HAYIR|%23|EVET|%29|2|HAYIR|%26|EVET|%30|2|HAYIR|%20|EVET|%66|4|HAYIR|%16|EVET|%25|4|HAYIR|%12|EVET|%29
662|2026-08-17 18:38:45|3|2/3|EVET|%45|%22|HAYIR|%22|%59|0|HAYIR|%0|HAYIR|%0|2/1|EVET|%25|%38|T•K|EVET|%63|%58|TEPE_YON|FRAGMENTARY_2|VADI>DONGU_TERS>TEPE||HAYIR|%88|2|EVET|%21|EVET|%38|2|EVET|%37|EVET|%30|4|HAYIR|%21|EVET|%52|1|HAYIR|%18|EVET|%45|2|EVET|%28|EVET|%32|2|EVET|%27|EVET|%45|1|HAYIR|%27|EVET|%35|2|EVET|%22|EVET|%34|2|EVET|%22|EVET|%28|2|EVET|%25|EVET|%31|2|EVET|%20|EVET|%93|4|HAYIR|%16|EVET|%25|1|HAYIR|%12|EVET|%31
663|2026-08-17 18:38:46|2|1/4|EVET|%45|%22|HAYIR|%22|%34|0|HAYIR|%0|HAYIR|%0|3/4|HAYIR|%25|%30|T•B|EVET|%64|%54|VADI_YON|FRAGMENTARY_2|DALGA_TEK_SIM_2>DONGU_TERS>VADI|PATTERN_BREAK:0,59|EVET|%56|3|HAYIR|%22|EVET|%30|1|EVET|%38|EVET|%29|4|HAYIR|%21|EVET|%35|2|HAYIR|%18|EVET|%33|3|HAYIR|%29|EVET|%42|3|HAYIR|%28|EVET|%57|3|HAYIR|%26|EVET|%29|3|HAYIR|%24|EVET|%32|3|HAYIR|%24|EVET|%27|3|HAYIR|%26|EVET|%31|4|HAYIR|%21|EVET|%57|4|HAYIR|%16|EVET|%25|4|HAYIR|%12|EVET|%29
664|2026-08-17 18:38:47|1|2/3|HAYIR|%45|%22|HAYIR|%22|%59|0|HAYIR|%0|HAYIR|%0|1/2|HAYIR|%25|%37|C•B|EVET|%64|%53|VADI_YON|FRAGMENTARY_2|BLOK_TERS>DONGU_TERS>VADI||HAYIR|%76|1|HAYIR|%22|EVET|%37|2|HAYIR|%39|EVET|%36|1|HAYIR|%21|EVET|%31|4|EVET|%18|EVET|%29|1|HAYIR|%28|EVET|%44|1|HAYIR|%27|EVET|%45|4|EVET|%26|EVET|%28|3|HAYIR|%23|EVET|%27|1|HAYIR|%23|EVET|%28|1|HAYIR|%26|EVET|%31|2|HAYIR|%21|EVET|%88|1|HAYIR|%15|EVET|%25|1|HAYIR|%11|EVET|%34
665|2026-08-17 18:38:48|4|4/3|HAYIR|%45|%22|EVET|%22|%31|0|HAYIR|%0|HAYIR|%0|4/2|HAYIR|%25|%37|C•B|EVET|%64|%52|DONGU_YON|FRAGMENTARY_2|VADI>DONGU_TERS>DONGU|PATTERN_BREAK:0,59|EVET|%57|4|HAYIR|%22|EVET|%37|1|HAYIR|%38|EVET|%28|4|HAYIR|%20|EVET|%81|4|HAYIR|%19|EVET|%44|4|HAYIR|%28|EVET|%43|4|HAYIR|%27|EVET|%65|2|HAYIR|%27|EVET|%32|4|HAYIR|%23|EVET|%32|3|EVET|%23|EVET|%27|4|HAYIR|%25|EVET|%39|1|HAYIR|%20|EVET|%54|4|HAYIR|%15|EVET|%25|2|HAYIR|%11|EVET|%27
666|2026-08-17 18:38:51|3|2/3|HAYIR|%45|%22|EVET|%22|%42|0|HAYIR|%0|HAYIR|%0|2/4|HAYIR|%25|%38|C•B|EVET|%64|%53|DONGU_YON|FRAGMENTARY_2|TEPE>VADI>DONGU|PATTERN_BREAK:0,59|EVET|%75|2|HAYIR|%21|EVET|%38|2|HAYIR|%38|EVET|%30|2|HAYIR|%20|EVET|%42|4|HAYIR|%19|EVET|%31|2|HAYIR|%28|EVET|%29|2|HAYIR|%26|EVET|%38|2|HAYIR|%26|EVET|%32|2|HAYIR|%23|EVET|%33|2|HAYIR|%24|EVET|%29|2|HAYIR|%25|EVET|%33|2|HAYIR|%20|EVET|%65|2|HAYIR|%15|EVET|%28|2|HAYIR|%11|EVET|%30
667|2026-08-17 18:38:52|3|4/1|HAYIR|%45|%22|EVET|%22|%35|0|HAYIR|%0|HAYIR|%0|1/2|EVET|%25|%38|C•B|HAYIR|%64|%52|DONGU_YON|FRAGMENTARY_2|TEPE>TEPE>DONGU|PATTERN_BREAK:0,59|EVET|%57|1|EVET|%21|EVET|%38|4|HAYIR|%37|EVET|%30|3|HAYIR|%20|EVET|%37|1|EVET|%18|EVET|%34|3|HAYIR|%27|EVET|%43|1|EVET|%26|EVET|%32|1|EVET|%26|EVET|%32|1|EVET|%22|EVET|%33|2|HAYIR|%24|EVET|%29|1|EVET|%25|EVET|%29|1|EVET|%20|EVET|%86|2|HAYIR|%15|EVET|%28|2|HAYIR|%11|EVET|%32
668|2026-08-17 18:38:53|1|2/4|HAYIR|%45|%22|EVET|%22|%36|0|HAYIR|%0|HAYIR|%0|1/2|HAYIR|%25|%33|T•B|EVET|%64|%54|DONGU_YON|FRAGMENTARY_2|DONGU_TERS>DONGU>DONGU|PATTERN_BREAK:0,59|EVET|%65|1|HAYIR|%22|EVET|%33|2|HAYIR|%37|EVET|%29|1|HAYIR|%20|EVET|%41|2|HAYIR|%20|EVET|%32|1|HAYIR|%27|EVET|%25|2|HAYIR|%27|EVET|%31|4|EVET|%27|EVET|%29|1|HAYIR|%23|EVET|%31|1|HAYIR|%23|EVET|%28|2|HAYIR|%26|EVET|%26|3|HAYIR|%21|EVET|%56|2|HAYIR|%15|EVET|%28|2|HAYIR|%11|EVET|%32
669|2026-08-17 18:38:53|4|4/1|HAYIR|%45|%22|HAYIR|%22|%34|0|HAYIR|%0|HAYIR|%0|3/2|EVET|%25|%38|T•B|EVET|%64|%54|VADI_YON|FRAGMENTARY_2|DONGU_TERS>DONGU>VADI|PATTERN_BREAK:0,59|EVET|%56|3|EVET|%22|EVET|%38|4|HAYIR|%37|EVET|%28|3|EVET|%19|EVET|%69|1|HAYIR|%19|EVET|%38|3|EVET|%27|EVET|%42|3|EVET|%27|EVET|%65|2|HAYIR|%28|EVET|%31|4|HAYIR|%23|EVET|%30|3|EVET|%23|EVET|%28|3|EVET|%25|EVET|%37|3|EVET|%20|EVET|%86|2|HAYIR|%14|EVET|%28|3|EVET|%11|EVET|%29
670|2026-08-17 18:38:54|3|2/4|EVET|%45|%22|HAYIR|%22|%64|0|HAYIR|%0|HAYIR|%0|2/4|EVET|%26|%38|C•K|EVET|%64|%59|DONGU_YON|FRAGMENTARY_2|VADI>TEPE>DONGU||HAYIR|%91|2|EVET|%23|EVET|%38|2|EVET|%36|EVET|%31|2|EVET|%20|EVET|%45|2|EVET|%19|EVET|%31|2|EVET|%28|EVET|%43|2|EVET|%28|EVET|%54|2|EVET|%28|EVET|%31|2|EVET|%23|EVET|%27|2|EVET|%24|EVET|%28|2|EVET|%26|EVET|%36|2|EVET|%21|EVET|%65|2|EVET|%14|EVET|%28|2|EVET|%12|EVET|%29
671|2026-08-17 18:38:55|2|1/4|EVET|%45|%22|HAYIR|%22|%28|0|HAYIR|%0|HAYIR|%0|2/4|HAYIR|%26|%41|T•K|EVET|%64|%50|DONGU_TERS_YON|FRAGMENTARY_2|TEPE>VADI>DONGU_TERS|PATTERN_BREAK:0,59|EVET|%35|2|HAYIR|%24|EVET|%41|1|EVET|%37|EVET|%28|2|HAYIR|%21|EVET|%49|2|HAYIR|%20|EVET|%38|2|HAYIR|%28|EVET|%44|2|HAYIR|%28|EVET|%71|3|HAYIR|%28|EVET|%29|3|HAYIR|%24|EVET|%31|3|HAYIR|%25|EVET|%27|2|HAYIR|%27|EVET|%36|2|HAYIR|%22|EVET|%35|2|HAYIR|%15|EVET|%28|4|HAYIR|%13|EVET|%28
672|2026-08-17 18:38:55|1|2/3|HAYIR|%45|%22|HAYIR|%22|%57|0|HAYIR|%0|HAYIR|%0|2/1|HAYIR|%26|%31|T•K|EVET|%64|%51|DONGU_YON|FRAGMENTARY_2|DONGU>VADI>DONGU||HAYIR|%80|2|HAYIR|%23|EVET|%31|2|HAYIR|%38|EVET|%31|4|HAYIR|%21|EVET|%41|4|HAYIR|%20|EVET|%31|2|HAYIR|%28|EVET|%44|2|HAYIR|%28|EVET|%49|4|HAYIR|%28|EVET|%30|3|HAYIR|%23|EVET|%27|1|EVET|%25|EVET|%28|2|HAYIR|%27|EVET|%30|2|HAYIR|%22|EVET|%88|2|HAYIR|%15|EVET|%28|1|EVET|%13|EVET|%33
673|2026-08-17 18:38:56|1|1/4|HAYIR|%45|%22|HAYIR|%22|%33|0|HAYIR|%0|HAYIR|%0|4/1|HAYIR|%25|%29|T•K|EVET|%64|%52|BLOK_TERS_TEKRAR|FRAGMENTARY_2|DONGU>DONGU>BLOK_TERS|REGIME_SHIFT:0,75,PATTERN_BREAK:0,59|EVET|%51|4|HAYIR|%23|EVET|%29|1|HAYIR|%37|EVET|%39|1|HAYIR|%21|EVET|%39|4|HAYIR|%20|EVET|%32|4|HAYIR|%28|EVET|%42|1|HAYIR|%28|EVET|%31|4|HAYIR|%28|EVET|%35|1|HAYIR|%23|EVET|%37|1|HAYIR|%25|EVET|%28|4|HAYIR|%27|EVET|%31|4|HAYIR|%22|EVET|%78|1|HAYIR|%15|EVET|%25|3|EVET|%14|EVET|%28
674|2026-08-17 18:39:15|3|3/2|HAYIR|%45|%22|HAYIR|%22|%31|0|HAYIR|%0|HAYIR|%0|3/1|HAYIR|%25|%29|C•K|EVET|%64|%55|DONGU_YON|FRAGMENTARY_2|TEPE>DONGU>DONGU|REGIME_SHIFT:0,50,PATTERN_BREAK:0,59|EVET|%44|3|HAYIR|%23|EVET|%29|2|HAYIR|%37|EVET|%29|1|HAYIR|%20|EVET|%34|4|EVET|%19|EVET|%33|1|HAYIR|%27|EVET|%45|1|HAYIR|%27|EVET|%37|2|HAYIR|%27|EVET|%32|2|HAYIR|%23|EVET|%34|2|HAYIR|%25|EVET|%29|1|HAYIR|%26|EVET|%29|3|HAYIR|%22|EVET|%76|1|HAYIR|%15|EVET|%25|4|EVET|%15|EVET|%27
675|2026-08-17 18:39:17|4|3/2|HAYIR|%45|%22|EVET|%22|%32|0|HAYIR|%0|HAYIR|%0|3/2|HAYIR|%25|%40|T•K|EVET|%64|%61|TEPE_YON|FRAGMENTARY_2|VADI>DONGU>TEPE|PATTERN_BREAK:0,59|EVET|%49|3|HAYIR|%22|EVET|%40|1|HAYIR|%36|EVET|%30|3|HAYIR|%20|EVET|%61|2|EVET|%20|EVET|%35|3|HAYIR|%27|EVET|%43|3|HAYIR|%27|EVET|%50|3|HAYIR|%27|EVET|%31|3|HAYIR|%22|EVET|%34|3|HAYIR|%25|EVET|%28|3|HAYIR|%26|EVET|%36|3|HAYIR|%21|EVET|%95|1|HAYIR|%14|EVET|%25|3|HAYIR|%16|EVET|%31
676|2026-08-17 18:39:18|2|3/2|HAYIR|%45|%22|HAYIR|%22|%33|0|HAYIR|%0|HAYIR|%0|3/1|HAYIR|%25|%38|T•K|HAYIR|%64|%55|VADI_YON|FRAGMENTARY_2|DONGU_TERS>DONGU>VADI|PATTERN_BREAK:0,59|EVET|%45|3|HAYIR|%22|EVET|%38|2|HAYIR|%36|EVET|%30|3|HAYIR|%20|EVET|%47|2|HAYIR|%21|EVET|%40|2|HAYIR|%27|EVET|%31|3|HAYIR|%27|EVET|%36|3|HAYIR|%27|EVET|%28|3|HAYIR|%22|EVET|%33|3|HAYIR|%25|EVET|%26|3|HAYIR|%26|EVET|%31|3|HAYIR|%21|EVET|%83|1|HAYIR|%14|EVET|%25|3|HAYIR|%15|EVET|%30
677|2026-08-17 18:39:19|4|1/4|HAYIR|%45|%22|EVET|%22|%38|0|HAYIR|%0|HAYIR|%0|2/4|HAYIR|%25|%31|T•K|HAYIR|%64|%54|VADI_YON|FRAGMENTARY_2|DONGU>VADI>VADI||HAYIR|%52|2|HAYIR|%22|EVET|%31|1|HAYIR|%35|EVET|%29|4|EVET|%20|EVET|%37|3|HAYIR|%21|EVET|%31|2|HAYIR|%26|EVET|%27|4|EVET|%26|EVET|%30|2|HAYIR|%26|EVET|%32|2|HAYIR|%22|EVET|%30|3|HAYIR|%24|EVET|%28|3|HAYIR|%25|EVET|%25|1|HAYIR|%21|EVET|%73|4|EVET|%14|EVET|%25|3|HAYIR|%15|EVET|%28
678|2026-08-17 18:39:20|4|2/4|HAYIR|%45|%22|HAYIR|%22|%30|0|HAYIR|%0|HAYIR|%0|1/4|HAYIR|%25|%45|T•K|EVET|%64|%66|VADI_YON|FRAGMENTARY_2|VADI>DONGU>VADI|PATTERN_BREAK:0,59|EVET|%45|1|HAYIR|%22|EVET|%45|2|HAYIR|%35|EVET|%30|1|HAYIR|%21|EVET|%43|1|HAYIR|%21|EVET|%31|1|HAYIR|%26|EVET|%44|1|HAYIR|%27|EVET|%71|1|HAYIR|%26|EVET|%30|2|HAYIR|%22|EVET|%38|3|EVET|%24|EVET|%28|1|HAYIR|%25|EVET|%36|1|HAYIR|%21|EVET|%94|4|HAYIR|%15|EVET|%25|3|EVET|%15|EVET|%27
679|2026-08-17 18:39:21|3|1/4|HAYIR|%45|%22|HAYIR|%22|%32|0|HAYIR|%0|HAYIR|%0|2/3|HAYIR|%25|%32|T•K|EVET|%64|%52|TEPE_YON|FRAGMENTARY_2|TEPE>DONGU_TERS>TEPE|PATTERN_BREAK:0,59|EVET|%41|2|HAYIR|%21|EVET|%32|1|HAYIR|%35|EVET|%28|1|HAYIR|%20|EVET|%33|4|HAYIR|%20|EVET|%32|3|EVET|%26|EVET|%43|3|EVET|%27|EVET|%29|2|HAYIR|%26|EVET|%32|1|HAYIR|%21|EVET|%32|2|HAYIR|%25|EVET|%29|2|HAYIR|%25|EVET|%26|1|HAYIR|%20|EVET|%71|2|HAYIR|%15|EVET|%28|2|HAYIR|%16|EVET|%31
680|2026-08-17 18:39:21|3|2/1|EVET|%45|%22|HAYIR|%22|%31|0|HAYIR|%0|HAYIR|%0|1/2|HAYIR|%25|%46|C•K|EVET|%64|%57|TEPE_YON|FRAGMENTARY_2|BLOK_TERS>DONGU>TEPE|PATTERN_BREAK:0,59|EVET|%42|1|HAYIR|%21|EVET|%46|2|EVET|%34|EVET|%32|1|HAYIR|%20|EVET|%41|1|HAYIR|%20|EVET|%34|3|HAYIR|%27|EVET|%43|1|HAYIR|%28|EVET|%40|1|HAYIR|%26|EVET|%34|2|EVET|%21|EVET|%30|2|EVET|%25|EVET|%28|1|HAYIR|%25|EVET|%32|1|HAYIR|%20|EVET|%89|2|EVET|%15|EVET|%28|1|HAYIR|%16|EVET|%32
681|2026-08-17 18:39:23|2|4/1|HAYIR|%45|%22|HAYIR|%22|%30|0|HAYIR|%0|HAYIR|%0|4/1|HAYIR|%25|%32|C•B|EVET|%64|%52|TEPE_YON|FRAGMENTARY_2|VADI>BLOK_TERS>TEPE|PATTERN_BREAK:0,59|EVET|%28|4|HAYIR|%21|EVET|%32|1|HAYIR|%35|EVET|%32|4|HAYIR|%20|EVET|%35|4|HAYIR|%20|EVET|%39|4|HAYIR|%26|EVET|%43|4|HAYIR|%27|EVET|%49|4|HAYIR|%25|EVET|%29|3|EVET|%22|EVET|%31|3|EVET|%25|EVET|%26|4|HAYIR|%24|EVET|%34|4|HAYIR|%20|EVET|%56|2|HAYIR|%16|EVET|%28|4|HAYIR|%16|EVET|%28
682|2026-08-17 18:39:24|3|2/1|HAYIR|%45|%22|EVET|%22|%42|0|HAYIR|%0|HAYIR|%0|2/4|HAYIR|%25|%38|T•K|EVET|%64|%55|DONGU_TERS_YON|FRAGMENTARY_2|TEPE>DONGU>DONGU_TERS|PATTERN_BREAK:0,59|EVET|%69|2|HAYIR|%21|EVET|%38|2|HAYIR|%35|EVET|%29|2|HAYIR|%20|EVET|%29|4|HAYIR|%20|EVET|%39|4|HAYIR|%26|EVET|%35|4|HAYIR|%27|EVET|%42|2|HAYIR|%25|EVET|%32|2|HAYIR|%23|EVET|%33|2|HAYIR|%26|EVET|%29|2|HAYIR|%24|EVET|%31|2|HAYIR|%20|EVET|%92|2|HAYIR|%15|EVET|%28|2|HAYIR|%15|EVET|%31
683|2026-08-17 18:39:24|1|1/4|HAYIR|%45|%22|HAYIR|%22|%50|0|HAYIR|%0|HAYIR|%0|2/4|HAYIR|%25|%33|T•B|EVET|%64|%55|TEPE_YON|FRAGMENTARY_2|TEPE>TEPE>TEPE||HAYIR|%70|2|HAYIR|%21|EVET|%33|1|HAYIR|%34|EVET|%27|2|HAYIR|%20|EVET|%38|1|HAYIR|%20|EVET|%28|4|HAYIR|%26|EVET|%43|2|HAYIR|%27|EVET|%36|4|HAYIR|%25|EVET|%30|1|HAYIR|%23|EVET|%37|1|HAYIR|%26|EVET|%28|4|HAYIR|%24|EVET|%27|2|HAYIR|%20|EVET|%51|2|HAYIR|%15|EVET|%28|2|HAYIR|%15|EVET|%31
684|2026-08-17 18:39:27|3|2/4|HAYIR|%45|%22|HAYIR|%22|%32|0|HAYIR|%0|HAYIR|%0|4/3|HAYIR|%25|%38|C•K|HAYIR|%64|%54|DONGU_TERS_YON|FRAGMENTARY_2|BLOK_TERS>VADI>DONGU_TERS|PATTERN_BREAK:0,59|EVET|%53|4|HAYIR|%20|EVET|%38|2|HAYIR|%34|EVET|%35|3|EVET|%19|EVET|%46|4|HAYIR|%19|EVET|%29|4|HAYIR|%26|EVET|%42|4|HAYIR|%27|EVET|%59|2|HAYIR|%25|EVET|%31|2|HAYIR|%22|EVET|%31|2|HAYIR|%26|EVET|%29|4|HAYIR|%23|EVET|%31|4|HAYIR|%19|EVET|%98|2|HAYIR|%15|EVET|%28|4|HAYIR|%15|EVET|%29
685|2026-08-17 18:39:27|3|1/2|HAYIR|%45|%22|EVET|%22|%32|0|HAYIR|%0|HAYIR|%0|2/1|EVET|%25|%41|T•K|EVET|%64|%58|VADI_YON|FRAGMENTARY_2|VADI>VADI>VADI|PATTERN_BREAK:0,59|EVET|%44|2|EVET|%20|EVET|%41|1|HAYIR|%34|EVET|%29|2|EVET|%20|EVET|%45|1|HAYIR|%19|EVET|%37|1|HAYIR|%25|EVET|%30|2|EVET|%26|EVET|%49|2|EVET|%24|EVET|%32|1|HAYIR|%22|EVET|%31|2|EVET|%25|EVET|%28|2|EVET|%23|EVET|%33|2|EVET|%19|EVET|%95|2|EVET|%15|EVET|%28|2|EVET|%15|EVET|%33
686|2026-08-17 18:39:28|2|3/4|HAYIR|%45|%22|HAYIR|%22|%51|0|HAYIR|%0|HAYIR|%0|4/1|HAYIR|%25|%31|C•B|EVET|%64|%53|DONGU_TERS_YON|FRAGMENTARY_2|TEPE>VADI>DONGU_TERS||HAYIR|%47|4|HAYIR|%21|EVET|%31|2|EVET|%33|EVET|%29|2|EVET|%21|EVET|%47|2|EVET|%19|EVET|%30|4|HAYIR|%25|EVET|%42|4|HAYIR|%27|EVET|%35|3|HAYIR|%25|EVET|%29|3|HAYIR|%22|EVET|%38|3|HAYIR|%26|EVET|%27|4|HAYIR|%24|EVET|%27|3|HAYIR|%20|EVET|%53|4|HAYIR|%16|EVET|%25|4|HAYIR|%16|EVET|%27
687|2026-08-17 18:39:29|2|1/4|HAYIR|%45|%22|HAYIR|%22|%27|0|HAYIR|%0|HAYIR|%0|2/1|EVET|%25|%34|T•K|EVET|%64|%54|DONGU_TERS_YON|FRAGMENTARY_2|TEPE>TEPE>DONGU_TERS|PATTERN_BREAK:0,59|EVET|%32|2|EVET|%21|EVET|%34|4|HAYIR|%34|EVET|%28|1|HAYIR|%22|EVET|%55|2|EVET|%20|EVET|%43|4|HAYIR|%25|EVET|%42|4|HAYIR|%27|EVET|%44|3|HAYIR|%25|EVET|%35|3|HAYIR|%22|EVET|%31|3|HAYIR|%26|EVET|%27|1|HAYIR|%24|EVET|%28|2|EVET|%20|EVET|%53|4|HAYIR|%16|EVET|%25|1|HAYIR|%16|EVET|%28
688|2026-08-17 18:39:30|2|2/3|HAYIR|%45|%22|EVET|%22|%33|0|HAYIR|%0|HAYIR|%0|2/3|HAYIR|%25|%38|T•B|EVET|%64|%56|TEPE_YON|FRAGMENTARY_2|AZALIS>TEPE>TEPE|PATTERN_BREAK:0,59|EVET|%52|2|HAYIR|%22|EVET|%38|2|HAYIR|%34|EVET|%31|2|HAYIR|%22|EVET|%36|2|HAYIR|%21|EVET|%39|2|HAYIR|%25|EVET|%35|2|HAYIR|%27|EVET|%41|3|EVET|%25|EVET|%45|3|EVET|%22|EVET|%35|3|EVET|%26|EVET|%26|2|HAYIR|%24|EVET|%32|3|EVET|%21|EVET|%56|4|HAYIR|%16|EVET|%25|2|HAYIR|%16|EVET|%29
689|2026-08-17 18:39:32|3|1/2|EVET|%45|%22|HAYIR|%22|%32|0|HAYIR|%0|HAYIR|%0|1/2|EVET|%25|%32|C•K|EVET|%64|%53|VADI_YON|FRAGMENTARY_2|BLOK_TERS>TEPE>VADI|PATTERN_BREAK:0,59|EVET|%44|1|EVET|%21|EVET|%32|1|EVET|%33|EVET|%30|1|EVET|%21|EVET|%40|2|HAYIR|%20|EVET|%40|1|EVET|%24|EVET|%42|1|EVET|%26|EVET|%48|2|HAYIR|%25|EVET|%31|2|HAYIR|%22|EVET|%30|2|HAYIR|%26|EVET|%29|1|EVET|%23|EVET|%32|2|HAYIR|%21|EVET|%64|4|HAYIR|%15|EVET|%25|2|HAYIR|%15|EVET|%31
690|2026-08-17 18:39:33|1|3/2|HAYIR|%45|%22|EVET|%22|%43|0|HAYIR|%0|HAYIR|%0|2/1|EVET|%25|%32|C•K|EVET|%64|%53|TEPE_YON|FRAGMENTARY_2|VADI>DONGU_TERS>TEPE||HAYIR|%60|2|EVET|%22|EVET|%32|2|EVET|%34|EVET|%30|2|EVET|%22|EVET|%34|3|HAYIR|%20|EVET|%31|2|EVET|%25|EVET|%32|2|EVET|%27|EVET|%43|4|HAYIR|%25|EVET|%29|3|HAYIR|%22|EVET|%31|1|HAYIR|%26|EVET|%28|2|EVET|%24|EVET|%29|2|EVET|%21|EVET|%50|1|HAYIR|%15|EVET|%25|2|EVET|%15|EVET|%30
691|2026-08-17 18:39:34|2|4/1|EVET|%45|%22|HAYIR|%22|%35|0|HAYIR|%0|HAYIR|%0|4/1|EVET|%26|%41|T•K|HAYIR|%64|%51|VADI_YON|FRAGMENTARY_2|BLOK_DUZ>TEPE>VADI|PATTERN_BREAK:0,59|EVET|%38|4|EVET|%23|EVET|%41|1|HAYIR|%34|EVET|%31|4|EVET|%23|EVET|%44|1|HAYIR|%20|EVET|%34|1|HAYIR|%26|EVET|%42|4|EVET|%28|EVET|%40|3|HAYIR|%25|EVET|%29|3|HAYIR|%22|EVET|%37|3|HAYIR|%26|EVET|%27|4|EVET|%25|EVET|%29|4|EVET|%22|EVET|%54|1|HAYIR|%15|EVET|%25|4|EVET|%16|EVET|%34
692|2026-08-17 18:39:36|4|2/3|EVET|%45|%22|HAYIR|%22|%46|0|HAYIR|%0|HAYIR|%0|2/3|EVET|%26|%39|T•B|HAYIR|%64|%54|VADI_YON|FRAGMENTARY_2|TEPE>DONGU_TERS>VADI|PATTERN_BREAK:0,59|EVET|%58|2|EVET|%24|EVET|%39|2|EVET|%34|EVET|%30|2|EVET|%24|EVET|%63|3|HAYIR|%20|EVET|%34|2|EVET|%25|EVET|%32|2|EVET|%28|EVET|%40|2|EVET|%25|EVET|%31|3|HAYIR|%22|EVET|%41|3|HAYIR|%25|EVET|%29|2|EVET|%25|EVET|%36|2|EVET|%23|EVET|%76|2|EVET|%15|EVET|%28|3|HAYIR|%17|EVET|%27
693|2026-08-17 18:39:37|2|4/3|HAYIR|%45|%22|HAYIR|%22|%37|0|HAYIR|%0|HAYIR|%0|4/3|HAYIR|%26|%34|T•B|HAYIR|%64|%53|TEPE_YON|FRAGMENTARY_2|DONGU_TERS>VADI>TEPE|PATTERN_BREAK:0,59|EVET|%48|4|HAYIR|%24|EVET|%34|1|HAYIR|%35|EVET|%27|4|HAYIR|%24|EVET|%49|2|EVET|%20|EVET|%33|2|EVET|%26|EVET|%33|4|HAYIR|%29|EVET|%46|4|HAYIR|%25|EVET|%29|1|HAYIR|%21|EVET|%31|3|HAYIR|%25|EVET|%27|4|HAYIR|%26|EVET|%33|1|HAYIR|%23|EVET|%89|2|EVET|%16|EVET|%28|3|HAYIR|%17|EVET|%29
694|2026-08-17 18:39:38|2|1/2|HAYIR|%45|%22|HAYIR|%22|%35|0|HAYIR|%0|HAYIR|%0|1/2|HAYIR|%26|%40|T•K|EVET|%64|%64|TEPE_YON|FRAGMENTARY_2|VADI>DONGU_TERS>TEPE|PATTERN_BREAK:0,59|EVET|%50|1|HAYIR|%24|EVET|%40|2|HAYIR|%34|EVET|%33|1|HAYIR|%24|EVET|%46|2|HAYIR|%20|EVET|%39|1|HAYIR|%27|EVET|%42|1|HAYIR|%29|EVET|%68|3|EVET|%25|EVET|%34|2|HAYIR|%21|EVET|%30|3|EVET|%25|EVET|%27|1|HAYIR|%26|EVET|%38|3|EVET|%23|EVET|%64|2|HAYIR|%16|EVET|%28|2|HAYIR|%16|EVET|%28
695|2026-08-17 18:39:40|3|2/1|HAYIR|%45|%22|EVET|%22|%49|0|HAYIR|%0|HAYIR|%0|2/1|HAYIR|%26|%34|T•K|EVET|%64|%56|DONGU_YON|FRAGMENTARY_2|TEPE>DONGU_TERS>DONGU||HAYIR|%46|2|HAYIR|%24|EVET|%34|4|HAYIR|%34|EVET|%27|1|EVET|%24|EVET|%39|2|HAYIR|%20|EVET|%36|4|HAYIR|%27|EVET|%41|4|HAYIR|%28|EVET|%39|2|HAYIR|%26|EVET|%31|2|HAYIR|%21|EVET|%30|2|HAYIR|%26|EVET|%29|4|HAYIR|%26|EVET|%28|2|HAYIR|%24|EVET|%62|2|HAYIR|%16|EVET|%28|1|EVET|%16|EVET|%32
696|2026-08-17 18:39:41|1|2|HAYIR|%45|%22|HAYIR|%22|%80|0|HAYIR|%0|HAYIR|%0|2/3|HAYIR|%25|%43|C•K|EVET|%64|%61|VADI_YON|FRAGMENTARY_2|BLOK_TERS>TEPE>VADI||HAYIR|%89|2|HAYIR|%24|EVET|%43|2|HAYIR|%34|EVET|%36|2|HAYIR|%25|EVET|%50|3|HAYIR|%20|EVET|%30|2|HAYIR|%26|EVET|%37|2|HAYIR|%28|EVET|%52|4|HAYIR|%25|EVET|%29|3|HAYIR|%21|EVET|%31|1|EVET|%25|EVET|%27|2|HAYIR|%25|EVET|%37|2|HAYIR|%24|EVET|%56|2|HAYIR|%16|EVET|%28|2|HAYIR|%17|EVET|%32
697|2026-08-17 18:39:42|1|4/2|HAYIR|%45|%22|HAYIR|%22|%27|0|HAYIR|%0|HAYIR|%0|3/4|HAYIR|%25|%29|T•B|EVET|%64|%52|TEPE_YON|FRAGMENTARY_2|BLOK_TERS>VADI>TEPE|PATTERN_BREAK:0,59|EVET|%40|3|HAYIR|%23|EVET|%29|1|EVET|%33|EVET|%32|2|HAYIR|%24|EVET|%33|4|HAYIR|%20|EVET|%30|3|HAYIR|%26|EVET|%44|3|HAYIR|%28|EVET|%41|4|HAYIR|%25|EVET|%33|1|EVET|%21|EVET|%36|1|EVET|%26|EVET|%28|3|HAYIR|%25|EVET|%27|3|HAYIR|%23|EVET|%87|2|HAYIR|%16|EVET|%28|3|HAYIR|%17|EVET|%29
698|2026-08-17 18:39:43|1|2/3|HAYIR|%45|%22|EVET|%22|%36|0|HAYIR|%0|HAYIR|%0|2/3|HAYIR|%25|%34|C•B|EVET|%64|%51|TEPE_YON|FRAGMENTARY_2|VADI>TEPE>TEPE|PATTERN_BREAK:0,59|EVET|%55|2|HAYIR|%23|EVET|%34|2|HAYIR|%34|EVET|%33|2|HAYIR|%24|EVET|%35|1|HAYIR|%20|EVET|%27|2|HAYIR|%26|EVET|%33|2|HAYIR|%28|EVET|%50|2|HAYIR|%25|EVET|%34|1|HAYIR|%21|EVET|%31|1|HAYIR|%27|EVET|%29|2|HAYIR|%25|EVET|%32|2|HAYIR|%23|EVET|%85|2|HAYIR|%16|EVET|%28|3|EVET|%17|EVET|%29
699|2026-08-17 18:39:44|3|4/1|HAYIR|%45|%22|HAYIR|%22|%38|0|HAYIR|%0|HAYIR|%0|4/3|HAYIR|%25|%32|T•K|EVET|%64|%57|VADI_YON|FRAGMENTARY_2|DONGU_TERS>VADI>VADI||HAYIR|%43|4|HAYIR|%23|EVET|%32|1|HAYIR|%34|EVET|%28|1|HAYIR|%24|EVET|%42|2|HAYIR|%19|EVET|%34|4|HAYIR|%26|EVET|%40|4|HAYIR|%27|EVET|%44|2|HAYIR|%25|EVET|%31|2|HAYIR|%21|EVET|%29|2|HAYIR|%27|EVET|%29|4|HAYIR|%25|EVET|%29|3|EVET|%23|EVET|%69|1|HAYIR|%16|EVET|%25|4|HAYIR|%18|EVET|%28
700|2026-08-17 18:39:45|3|2|HAYIR|%45|%22|HAYIR|%22|%68|0|HAYIR|%0|HAYIR|%0|2/1|HAYIR|%25|%50|T•K|EVET|%64|%59|TEPE_YON|FRAGMENTARY_2|DONGU_TERS>VADI>TEPE||HAYIR|%89|2|HAYIR|%23|EVET|%50|2|HAYIR|%33|EVET|%31|2|HAYIR|%24|EVET|%52|2|HAYIR|%19|EVET|%35|2|HAYIR|%25|EVET|%45|2|HAYIR|%27|EVET|%57|2|HAYIR|%25|EVET|%35|2|HAYIR|%21|EVET|%35|2|HAYIR|%26|EVET|%28|2|HAYIR|%25|EVET|%42|2|HAYIR|%24|EVET|%95|1|EVET|%16|EVET|%25|2|HAYIR|%17|EVET|%35
701|2026-08-17 18:39:46|1|1/4|HAYIR|%45|%22|HAYIR|%22|%30|0|HAYIR|%0|HAYIR|%0|1/4|HAYIR|%25|%28|T•B|HAYIR|%64|%55|TEPE_YON|FRAGMENTARY_2|VADI>TEPE>TEPE|PATTERN_BREAK:0,59|EVET|%39|1|HAYIR|%23|EVET|%28|1|HAYIR|%33|EVET|%28|4|HAYIR|%23|EVET|%41|2|EVET|%19|EVET|%27|1|HAYIR|%25|EVET|%31|4|HAYIR|%27|EVET|%35|4|HAYIR|%24|EVET|%28|1|HAYIR|%21|EVET|%39|1|HAYIR|%26|EVET|%28|1|HAYIR|%24|EVET|%29|3|HAYIR|%23|EVET|%49|1|HAYIR|%16|EVET|%25|2|EVET|%17|EVET|%31
702|2026-08-17 18:39:46|2|4/3|HAYIR|%45|%22|HAYIR|%22|%36|0|HAYIR|%0|HAYIR|%0|4/3|HAYIR|%25|%47|C•B|EVET|%64|%55|VADI_YON|FRAGMENTARY_2|TEPE>TEPE>VADI|PATTERN_BREAK:0,59|EVET|%52|4|HAYIR|%22|EVET|%47|2|EVET|%33|EVET|%30|4|HAYIR|%23|EVET|%40|2|EVET|%20|EVET|%35|4|HAYIR|%25|EVET|%33|4|HAYIR|%27|EVET|%51|4|HAYIR|%24|EVET|%29|3|HAYIR|%21|EVET|%41|3|HAYIR|%26|EVET|%27|4|HAYIR|%24|EVET|%32|4|HAYIR|%23|EVET|%65|1|HAYIR|%16|EVET|%25|4|HAYIR|%18|EVET|%36
703|2026-08-17 18:39:48|2|3/1|HAYIR|%45|%22|EVET|%22|%34|0|HAYIR|%0|HAYIR|%0|3/2|HAYIR|%25|%39|T•B|EVET|%64|%56|TEPE_YON|FRAGMENTARY_2|BLOK_TERS>DONGU>TEPE|PATTERN_BREAK:0,59|EVET|%48|3|HAYIR|%22|EVET|%39|1|EVET|%33|EVET|%31|3|HAYIR|%23|EVET|%47|2|HAYIR|%20|EVET|%41|3|HAYIR|%25|EVET|%38|3|HAYIR|%26|EVET|%51|3|HAYIR|%24|EVET|%37|3|HAYIR|%20|EVET|%36|3|HAYIR|%26|EVET|%27|3|HAYIR|%24|EVET|%37|3|HAYIR|%23|EVET|%87|1|EVET|%16|EVET|%25|3|HAYIR|%18|EVET|%30
704|2026-08-17 18:39:49|1|3/2|EVET|%45|%22|HAYIR|%22|%30|0|HAYIR|%0|HAYIR|%0|1/3|HAYIR|%25|%32|T•B|EVET|%65|%54|TEPE_YON|FRAGMENTARY_2|BLOK_TERS>VADI>TEPE|PATTERN_BREAK:0,59|EVET|%45|1|HAYIR|%22|EVET|%32|2|HAYIR|%34|EVET|%34|3|EVET|%23|EVET|%34|4|HAYIR|%20|EVET|%37|2|HAYIR|%25|EVET|%33|1|HAYIR|%26|EVET|%35|2|HAYIR|%24|EVET|%28|3|EVET|%20|EVET|%32|1|HAYIR|%25|EVET|%28|3|EVET|%24|EVET|%28|1|HAYIR|%23|EVET|%58|1|HAYIR|%17|EVET|%25|1|HAYIR|%18|EVET|%35
705|2026-08-17 18:39:51|3|2/4|HAYIR|%45|%22|HAYIR|%22|%27|0|HAYIR|%0|HAYIR|%0|2/3|HAYIR|%25|%33|C•K|HAYIR|%64|%57|TEPE_YON|FRAGMENTARY_2|BLOK_DUZ>TEPE>TEPE|PATTERN_BREAK:0,59|EVET|%35|2|HAYIR|%22|EVET|%33|1|HAYIR|%34|EVET|%31|2|HAYIR|%23|EVET|%42|2|HAYIR|%20|EVET|%29|2|HAYIR|%24|EVET|%40|2|HAYIR|%26|EVET|%54|2|HAYIR|%23|EVET|%31|2|HAYIR|%21|EVET|%30|2|HAYIR|%25|EVET|%28|2|HAYIR|%24|EVET|%35|2|HAYIR|%23|EVET|%62|2|HAYIR|%17|EVET|%28|3|EVET|%17|EVET|%28
706|2026-08-17 18:39:53|3|2/1|HAYIR|%45|%22|HAYIR|%22|%62|0|HAYIR|%0|HAYIR|%0|2/1|HAYIR|%25|%49|C•K|HAYIR|%64|%60|VADI_YON|FRAGMENTARY_2|TEPE>TEPE>VADI||HAYIR|%88|2|HAYIR|%22|EVET|%49|2|HAYIR|%33|EVET|%32|2|HAYIR|%23|EVET|%46|1|HAYIR|%20|EVET|%38|3|EVET|%24|EVET|%46|2|HAYIR|%26|EVET|%54|2|HAYIR|%23|EVET|%33|2|HAYIR|%21|EVET|%35|2|HAYIR|%25|EVET|%28|2|HAYIR|%24|EVET|%37|2|HAYIR|%22|EVET|%93|2|HAYIR|%16|EVET|%28|2|HAYIR|%18|EVET|%34
707|2026-08-17 18:39:54|3|1/2|HAYIR|%45|%22|EVET|%22|%28|0|HAYIR|%0|HAYIR|%0|2/1|EVET|%25|%41|T•B|HAYIR|%64|%50|VADI_YON|FRAGMENTARY_2|DONGU_TERS>VADI>VADI|PATTERN_BREAK:0,59|EVET|%34|2|EVET|%21|EVET|%41|1|HAYIR|%33|EVET|%27|4|HAYIR|%23|EVET|%29|2|EVET|%20|EVET|%43|4|HAYIR|%25|EVET|%39|4|HAYIR|%26|EVET|%35|2|EVET|%23|EVET|%39|1|HAYIR|%21|EVET|%34|2|EVET|%25|EVET|%28|2|EVET|%24|EVET|%30|2|EVET|%22|EVET|%92|2|EVET|%16|EVET|%28|2|EVET|%18|EVET|%33
708|2026-08-17 18:39:57|2|3/4|HAYIR|%45|%22|HAYIR|%22|%32|0|HAYIR|%0|HAYIR|%0|4/1|HAYIR|%25|%32|C•B|EVET|%64|%58|TEPE_YON|FRAGMENTARY_2|VADI>TEPE>TEPE|PATTERN_BREAK:0,59|EVET|%43|4|HAYIR|%22|EVET|%32|2|EVET|%33|EVET|%32|4|HAYIR|%23|EVET|%42|1|HAYIR|%20|EVET|%38|4|HAYIR|%25|EVET|%39|4|HAYIR|%25|EVET|%50|3|HAYIR|%24|EVET|%28|3|HAYIR|%20|EVET|%43|3|HAYIR|%25|EVET|%27|4|HAYIR|%25|EVET|%31|3|HAYIR|%23|EVET|%53|2|EVET|%17|EVET|%28|4|HAYIR|%19|EVET|%26
709|2026-08-17 18:39:59|2|1/3|EVET|%45|%22|HAYIR|%22|%43|0|HAYIR|%0|HAYIR|%0|2/1|HAYIR|%25|%42|T•K|EVET|%64|%50|VADI_YON|FRAGMENTARY_2|TEPE>TEPE>VADI||HAYIR|%45|2|HAYIR|%22|EVET|%42|1|EVET|%33|EVET|%26|1|EVET|%23|EVET|%34|1|EVET|%20|EVET|%34|2|HAYIR|%24|EVET|%34|2|HAYIR|%25|EVET|%44|3|HAYIR|%23|EVET|%34|3|HAYIR|%20|EVET|%30|3|HAYIR|%25|EVET|%27|2|HAYIR|%24|EVET|%29|2|HAYIR|%23|EVET|%58|2|HAYIR|%18|EVET|%28|3|HAYIR|%19|EVET|%29
710|2026-08-17 18:40:03|1|3/2|HAYIR|%45|%22|HAYIR|%22|%28|0|HAYIR|%0|HAYIR|%0|3/1|HAYIR|%25|%34|T•B|EVET|%64|%57|BLOK_TERS_TEKRAR|FRAGMENTARY_2|TEPE>VADI>BLOK_TERS|REGIME_SHIFT:0,75|EVET|%33|3|HAYIR|%22|EVET|%34|2|HAYIR|%34|EVET|%41|2|HAYIR|%23|EVET|%33|4|HAYIR|%21|EVET|%32|2|HAYIR|%24|EVET|%38|2|HAYIR|%25|EVET|%34|3|HAYIR|%23|EVET|%28|3|HAYIR|%20|EVET|%34|1|EVET|%25|EVET|%28|2|HAYIR|%24|EVET|%30|1|EVET|%22|EVET|%52|2|HAYIR|%18|EVET|%28|1|EVET|%18|EVET|%34
711|2026-08-17 18:40:06|1|1/3|HAYIR|%45|%22|EVET|%22|%28|0|HAYIR|%0|HAYIR|%0|4/3|HAYIR|%25|%34|T•B|EVET|%64|%54|TEPE_YON|FRAGMENTARY_2|VADI>TEPE>TEPE|REGIME_SHIFT:0,50,PATTERN_BREAK:0,59|EVET|%30|4|HAYIR|%21|EVET|%34|1|HAYIR|%34|EVET|%28|4|HAYIR|%23|EVET|%43|4|HAYIR|%21|EVET|%29|4|HAYIR|%24|EVET|%38|4|HAYIR|%25|EVET|%49|4|HAYIR|%23|EVET|%32|1|HAYIR|%20|EVET|%40|1|HAYIR|%26|EVET|%28|4|HAYIR|%24|EVET|%30|4|HAYIR|%23|EVET|%70|2|HAYIR|%17|EVET|%28|3|EVET|%19|EVET|%31
712|2026-08-17 18:40:08|3|3/4|EVET|%45|%22|HAYIR|%22|%52|0|HAYIR|%0|HAYIR|%0|3/4|EVET|%25|%36|T•B|EVET|%65|%54|VADI_YON|FRAGMENTARY_2|TEPE>TEPE>VADI||HAYIR|%64|3|EVET|%21|EVET|%36|2|HAYIR|%33|EVET|%32|4|HAYIR|%23|EVET|%39|1|HAYIR|%20|EVET|%29|3|EVET|%24|EVET|%46|3|EVET|%25|EVET|%34|2|HAYIR|%23|EVET|%31|3|EVET|%20|EVET|%36|2|HAYIR|%25|EVET|%28|3|EVET|%24|EVET|%28|3|EVET|%23|EVET|%76|1|HAYIR|%17|EVET|%25|3|EVET|%20|EVET|%31
713|2026-08-17 18:40:10|3|2/1|HAYIR|%45|%22|HAYIR|%22|%53|0|HAYIR|%0|HAYIR|%0|2/1|HAYIR|%25|%44|C•K|EVET|%65|%58|VADI_YON|FRAGMENTARY_2|TEPE>TEPE>VADI||HAYIR|%77|2|HAYIR|%22|EVET|%44|1|HAYIR|%33|EVET|%27|2|HAYIR|%23|EVET|%40|2|HAYIR|%20|EVET|%36|2|HAYIR|%24|EVET|%45|2|HAYIR|%25|EVET|%58|2|HAYIR|%23|EVET|%33|1|HAYIR|%20|EVET|%33|2|HAYIR|%25|EVET|%28|2|HAYIR|%24|EVET|%37|2|HAYIR|%24|EVET|%92|1|HAYIR|%17|EVET|%25|2|HAYIR|%20|EVET|%35
714|2026-08-17 18:40:35|4|2/3|HAYIR|%45|%22|EVET|%23|%38|0|HAYIR|%0|HAYIR|%0|4/2|HAYIR|%25|%31|C•K|HAYIR|%64|%60|VADI_YON|FRAGMENTARY_2|BLOK_TERS>VADI>VADI|PATTERN_BREAK:0,59|EVET|%70|4|HAYIR|%22|EVET|%31|2|HAYIR|%33|EVET|%34|2|HAYIR|%23|EVET|%44|2|HAYIR|%20|EVET|%31|2|HAYIR|%24|EVET|%30|4|HAYIR|%25|EVET|%41|2|HAYIR|%23|EVET|%33|2|HAYIR|%20|EVET|%41|3|EVET|%25|EVET|%28|2|HAYIR|%24|EVET|%34|4|HAYIR|%23|EVET|%63|1|HAYIR|%17|EVET|%25|2|HAYIR|%20|EVET|%32
715|2026-08-17 18:40:37|3|2/3|EVET|%45|%22|HAYIR|%22|%27|0|HAYIR|%0|HAYIR|%0|2/3|EVET|%25|%32|C•B|EVET|%65|%55|TEPE_YON|FRAGMENTARY_2|BLOK_DUZ>VADI>TEPE|PATTERN_BREAK:0,59|EVET|%42|2|EVET|%22|EVET|%32|1|HAYIR|%33|EVET|%31|4|HAYIR|%22|EVET|%34|2|EVET|%20|EVET|%32|3|HAYIR|%24|EVET|%29|2|EVET|%25|EVET|%29|2|EVET|%22|EVET|%30|3|HAYIR|%20|EVET|%30|2|EVET|%25|EVET|%28|2|EVET|%24|EVET|%26|4|HAYIR|%23|EVET|%67|3|HAYIR|%17|EVET|%25|2|EVET|%20|EVET|%29
716|2026-08-17 18:40:38|2|2/4|EVET|%45|%22|HAYIR|%22|%36|0|HAYIR|%0|HAYIR|%0|1/2|HAYIR|%25|%30|C•B|EVET|%65|%50|TEPE_YON|FRAGMENTARY_2|BLOK_DUZ>TEPE>TEPE|PATTERN_BREAK:0,59|EVET|%60|1|HAYIR|%22|EVET|%30|2|EVET|%32|EVET|%33|1|HAYIR|%22|EVET|%38|1|HAYIR|%21|EVET|%31|1|HAYIR|%24|EVET|%35|1|HAYIR|%25|EVET|%40|4|HAYIR|%23|EVET|%28|3|HAYIR|%20|EVET|%41|3|HAYIR|%26|EVET|%26|1|HAYIR|%25|EVET|%29|1|HAYIR|%23|EVET|%41|3|HAYIR|%17|EVET|%25|2|EVET|%21|EVET|%26
717|2026-08-17 18:40:39|2|1/3|HAYIR|%45|%22|EVET|%23|%56|0|HAYIR|%0|HAYIR|%0|2/1|HAYIR|%25|%37|T•K|EVET|%65|%56|TEPE_YON|FRAGMENTARY_2|DALGA_TEK_SIM_2>VADI>TEPE||HAYIR|%86|2|HAYIR|%22|EVET|%37|1|HAYIR|%33|EVET|%31|4|HAYIR|%22|EVET|%35|1|HAYIR|%20|EVET|%34|2|HAYIR|%24|EVET|%31|2|HAYIR|%25|EVET|%38|1|HAYIR|%23|EVET|%31|3|EVET|%20|EVET|%33|3|EVET|%26|EVET|%26|1|HAYIR|%24|EVET|%30|2|HAYIR|%23|EVET|%48|3|EVET|%17|EVET|%25|1|HAYIR|%21|EVET|%29
718|2026-08-17 18:40:40|3|2/1|HAYIR|%45|%22|HAYIR|%23|%35|0|HAYIR|%0|HAYIR|%0|1/2|HAYIR|%25|%38|T•K|EVET|%65|%56|TEPE_YON|FRAGMENTARY_2|VADI>BLOK_TERS>TEPE|PATTERN_BREAK:0,59|EVET|%56|1|HAYIR|%22|EVET|%38|2|HAYIR|%33|EVET|%31|1|HAYIR|%22|EVET|%40|2|HAYIR|%20|EVET|%36|4|HAYIR|%23|EVET|%38|4|HAYIR|%25|EVET|%37|2|HAYIR|%23|EVET|%32|2|HAYIR|%20|EVET|%38|2|HAYIR|%26|EVET|%28|2|HAYIR|%24|EVET|%29|2|HAYIR|%23|EVET|%58|2|HAYIR|%17|EVET|%28|1|HAYIR|%21|EVET|%33
719|2026-08-17 18:40:41|3|1/2|HAYIR|%45|%22|EVET|%23|%36|0|HAYIR|%0|HAYIR|%0|2/1|EVET|%25|%41|T•K|EVET|%65|%52|DONGU_TERS_YON|FRAGMENTARY_2|VADI>TEPE>DONGU_TERS|PATTERN_BREAK:0,59|EVET|%61|2|EVET|%22|EVET|%41|1|HAYIR|%32|EVET|%27|3|HAYIR|%22|EVET|%37|2|EVET|%20|EVET|%39|2|EVET|%23|EVET|%33|1|HAYIR|%25|EVET|%39|2|EVET|%22|EVET|%32|2|EVET|%20|EVET|%32|2|EVET|%26|EVET|%28|2|EVET|%24|EVET|%32|1|HAYIR|%22|EVET|%71|2|EVET|%17|EVET|%28|2|EVET|%21|EVET|%34
720|2026-08-17 18:40:42|2|2/4|HAYIR|%45|%22|HAYIR|%23|%38|0|HAYIR|%0|HAYIR|%0|4/2|HAYIR|%25|%29|T•B|EVET|%65|%52|DONGU_TERS_YON|FRAGMENTARY_2|DALGA_TEK_SIM_1>VADI>DONGU_TERS|PATTERN_BREAK:0,59|EVET|%64|4|HAYIR|%22|EVET|%29|2|HAYIR|%32|EVET|%41|4|HAYIR|%21|EVET|%43|1|EVET|%21|EVET|%37|4|HAYIR|%24|EVET|%37|4|HAYIR|%25|EVET|%57|3|HAYIR|%23|EVET|%28|3|HAYIR|%21|EVET|%38|3|HAYIR|%27|EVET|%27|4|HAYIR|%25|EVET|%28|3|HAYIR|%22|EVET|%52|2|HAYIR|%18|EVET|%28|2|HAYIR|%21|EVET|%28
721|2026-08-17 18:40:45|1|1/3|EVET|%45|%22|HAYIR|%23|%41|0|HAYIR|%0|HAYIR|%0|1/3|EVET|%25|%33|T•K|EVET|%65|%51|DONGU_TERS_YON|FRAGMENTARY_2|VADI>VADI>DONGU_TERS|PATTERN_BREAK:0,59|EVET|%70|1|EVET|%22|EVET|%33|1|EVET|%32|EVET|%28|4|HAYIR|%21|EVET|%39|4|HAYIR|%21|EVET|%32|1|EVET|%24|EVET|%30|1|EVET|%24|EVET|%43|3|HAYIR|%23|EVET|%28|1|EVET|%21|EVET|%31|1|EVET|%27|EVET|%28|1|EVET|%24|EVET|%29|2|HAYIR|%22|EVET|%82|2|HAYIR|%18|EVET|%28|1|EVET|%21|EVET|%36
722|2026-08-17 18:40:46|1|3/1|HAYIR|%45|%22|HAYIR|%23|%54|0|HAYIR|%0|HAYIR|%0|3/4|HAYIR|%25|%33|T•B|HAYIR|%65|%57|VADI_YON|FRAGMENTARY_2|VADI>VADI>VADI||HAYIR|%69|3|HAYIR|%23|EVET|%33|2|EVET|%32|EVET|%32|3|HAYIR|%21|EVET|%32|3|HAYIR|%21|EVET|%29|3|HAYIR|%24|EVET|%47|3|HAYIR|%25|EVET|%41|4|HAYIR|%23|EVET|%30|3|HAYIR|%21|EVET|%32|1|HAYIR|%27|EVET|%29|3|HAYIR|%25|EVET|%32|4|HAYIR|%22|EVET|%61|2|EVET|%17|EVET|%28|3|HAYIR|%22|EVET|%32
723|2026-08-17 18:40:47|2|4/3|EVET|%45|%22|HAYIR|%22|%31|0|HAYIR|%0|HAYIR|%0|4/3|EVET|%25|%44|T•B|EVET|%65|%59|TEPE_YON|FRAGMENTARY_2|BLOK_DUZ>TEPE>TEPE|PATTERN_BREAK:0,59|EVET|%42|4|EVET|%22|EVET|%44|1|HAYIR|%33|EVET|%29|2|HAYIR|%21|EVET|%40|3|HAYIR|%21|EVET|%35|3|HAYIR|%24|EVET|%34|4|EVET|%25|EVET|%37|3|HAYIR|%22|EVET|%28|3|HAYIR|%21|EVET|%44|3|HAYIR|%27|EVET|%27|3|HAYIR|%25|EVET|%30|3|HAYIR|%22|EVET|%91|2|HAYIR|%18|EVET|%28|4|EVET|%22|EVET|%34
724|2026-08-17 18:40:50|4|2/3|HAYIR|%45|%22|EVET|%23|%38|0|HAYIR|%0|HAYIR|%0|2/4|HAYIR|%25|%35|T•B|EVET|%65|%53|VADI_YON|FRAGMENTARY_2|BLOK_TERS>TEPE>VADI|PATTERN_BREAK:0,59|EVET|%60|2|HAYIR|%23|EVET|%35|2|HAYIR|%33|EVET|%43|2|HAYIR|%21|EVET|%51|3|EVET|%21|EVET|%30|4|HAYIR|%24|EVET|%38|4|HAYIR|%25|EVET|%38|2|HAYIR|%22|EVET|%32|3|EVET|%21|EVET|%38|3|EVET|%27|EVET|%29|2|HAYIR|%25|EVET|%32|2|HAYIR|%22|EVET|%82|2|HAYIR|%18|EVET|%28|2|HAYIR|%22|EVET|%28
725|2026-08-17 18:40:51|3|2/3|HAYIR|%45|%22|HAYIR|%23|%39|0|HAYIR|%0|HAYIR|%0|2/1|HAYIR|%25|%48|C•K|EVET|%65|%50|VADI_YON|FRAGMENTARY_2|BLOK_TERS>TEPE>VADI|PATTERN_BREAK:0,59|EVET|%66|2|HAYIR|%23|EVET|%48|1|EVET|%32|EVET|%31|2|HAYIR|%21|EVET|%62|3|HAYIR|%21|EVET|%36|2|HAYIR|%24|EVET|%46|2|HAYIR|%25|EVET|%62|2|HAYIR|%22|EVET|%32|2|HAYIR|%21|EVET|%34|2|HAYIR|%27|EVET|%29|2|HAYIR|%24|EVET|%38|2|HAYIR|%21|EVET|%75|3|HAYIR|%18|EVET|%25|2|HAYIR|%22|EVET|%32
726|2026-08-17 18:40:54|1|2/1|HAYIR|%45|%22|EVET|%23|%35|0|HAYIR|%0|HAYIR|%0|2/4|HAYIR|%25|%39|C•B|HAYIR|%65|%51|TEPE_YON|FRAGMENTARY_2|BLOK_TERS>TEPE>TEPE|PATTERN_BREAK:0,59|EVET|%57|2|HAYIR|%23|EVET|%39|2|HAYIR|%33|EVET|%41|2|HAYIR|%21|EVET|%51|3|HAYIR|%21|EVET|%41|2|HAYIR|%23|EVET|%45|2|HAYIR|%25|EVET|%51|3|HAYIR|%22|EVET|%28|1|EVET|%21|EVET|%31|1|EVET|%27|EVET|%29|2|HAYIR|%24|EVET|%35|4|HAYIR|%21|EVET|%73|3|HAYIR|%18|EVET|%25|2|HAYIR|%22|EVET|%32
727|2026-08-17 18:40:55|1|1/3|EVET|%45|%22|HAYIR|%23|%39|0|HAYIR|%0|HAYIR|%0|3/1|HAYIR|%25|%26|T•B|EVET|%65|%54|TEPE_YON|FRAGMENTARY_2|BLOK_TERS>DONGU_TERS>TEPE|PATTERN_BREAK:0,59|EVET|%63|3|HAYIR|%23|EVET|%26|1|EVET|%33|EVET|%32|2|HAYIR|%20|EVET|%33|3|HAYIR|%21|EVET|%32|3|HAYIR|%23|EVET|%34|1|EVET|%25|EVET|%38|4|HAYIR|%22|EVET|%28|1|EVET|%22|EVET|%38|1|EVET|%28|EVET|%29|1|EVET|%24|EVET|%29|3|HAYIR|%21|EVET|%81|1|EVET|%17|EVET|%25|3|HAYIR|%22|EVET|%31
728|2026-08-17 18:40:57|1|3/1|HAYIR|%45|%22|HAYIR|%23|%34|0|HAYIR|%0|HAYIR|%0|2/3|HAYIR|%25|%34|C•K|EVET|%65|%52|TEPE_YON|FRAGMENTARY_2|VADI>DONGU_TERS>TEPE|PATTERN_BREAK:0,59|EVET|%48|2|HAYIR|%22|EVET|%34|2|HAYIR|%33|EVET|%40|2|HAYIR|%20|EVET|%30|3|HAYIR|%21|EVET|%36|2|HAYIR|%23|EVET|%45|2|HAYIR|%25|EVET|%49|3|HAYIR|%22|EVET|%36|3|HAYIR|%22|EVET|%35|1|HAYIR|%28|EVET|%30|2|HAYIR|%25|EVET|%33|2|HAYIR|%21|EVET|%75|1|HAYIR|%18|EVET|%25|3|HAYIR|%22|EVET|%30
729|2026-08-17 18:41:01|4|3/2|HAYIR|%45|%22|HAYIR|%23|%37|0|HAYIR|%0|HAYIR|%0|3/2|HAYIR|%25|%36|C•K|EVET|%65|%54|TEPE_YON|FRAGMENTARY_2|BLOK_DUZ>DONGU_TERS>TEPE|PATTERN_BREAK:0,59|EVET|%53|3|HAYIR|%22|EVET|%36|1|EVET|%33|EVET|%31|2|HAYIR|%20|EVET|%49|4|HAYIR|%21|EVET|%35|3|HAYIR|%23|EVET|%46|3|HAYIR|%25|EVET|%46|3|HAYIR|%21|EVET|%32|3|HAYIR|%22|EVET|%51|3|HAYIR|%28|EVET|%30|3|HAYIR|%24|EVET|%34|3|HAYIR|%21|EVET|%63|1|EVET|%18|EVET|%25|3|HAYIR|%21|EVET|%31
730|2026-08-17 18:41:02|1|3/1|EVET|%45|%22|HAYIR|%23|%33|0|HAYIR|%0|HAYIR|%0|1/3|HAYIR|%25|%32|C•K|HAYIR|%65|%57|TEPE_YON|FRAGMENTARY_2|BLOK_DUZ>VADI>TEPE|PATTERN_BREAK:0,59|EVET|%50|1|HAYIR|%22|EVET|%32|2|HAYIR|%33|EVET|%39|3|EVET|%20|EVET|%55|3|EVET|%21|EVET|%30|3|EVET|%23|EVET|%46|3|EVET|%25|EVET|%50|3|EVET|%21|EVET|%28|1|HAYIR|%22|EVET|%34|1|HAYIR|%28|EVET|%30|3|EVET|%24|EVET|%36|1|HAYIR|%21|EVET|%95|1|HAYIR|%19|EVET|%26|1|HAYIR|%21|EVET|%31
731|2026-08-17 18:41:02|3|1/4|HAYIR|%45|%22|HAYIR|%23|%43|0|HAYIR|%0|HAYIR|%0|3/4|EVET|%25|%43|T•B|EVET|%65|%53|VADI_YON|FRAGMENTARY_2|TEPE>TEPE>VADI||HAYIR|%48|3|EVET|%22|EVET|%43|1|HAYIR|%33|EVET|%28|1|HAYIR|%20|EVET|%43|2|HAYIR|%21|EVET|%29|3|EVET|%23|EVET|%46|3|EVET|%25|EVET|%51|2|HAYIR|%22|EVET|%31|3|EVET|%22|EVET|%28|2|HAYIR|%27|EVET|%28|3|EVET|%25|EVET|%32|4|HAYIR|%20|EVET|%63|2|HAYIR|%18|EVET|%28|3|EVET|%21|EVET|%33
732|2026-08-17 18:41:04|3|2/1|HAYIR|%45|%22|EVET|%23|%52|0|HAYIR|%0|HAYIR|%0|1/2|EVET|%25|%41|T•K|EVET|%65|%55|VADI_YON|FRAGMENTARY_2|TEPE>VADI>VADI||HAYIR|%75|1|EVET|%22|EVET|%41|2|HAYIR|%33|EVET|%37|1|EVET|%20|EVET|%38|2|HAYIR|%21|EVET|%34|1|EVET|%24|EVET|%45|1|EVET|%26|EVET|%67|2|HAYIR|%22|EVET|%34|2|HAYIR|%22|EVET|%33|2|HAYIR|%27|EVET|%28|1|EVET|%25|EVET|%36|2|HAYIR|%20|EVET|%92|2|HAYIR|%18|EVET|%28|2|HAYIR|%22|EVET|%35
733|2026-08-17 18:41:05|1|1/4|HAYIR|%45|%22|EVET|%23|%30|0|HAYIR|%0|HAYIR|%0|4/2|EVET|%25|%33|C•K|EVET|%65|%52|TEPE_YON|FRAGMENTARY_2|BLOK_TERS>VADI>TEPE|PATTERN_BREAK:0,59|EVET|%41|4|EVET|%23|EVET|%33|1|HAYIR|%33|EVET|%34|4|EVET|%21|EVET|%47|3|HAYIR|%21|EVET|%32|4|EVET|%24|EVET|%37|4|EVET|%26|EVET|%61|3|HAYIR|%22|EVET|%29|1|HAYIR|%22|EVET|%40|1|HAYIR|%27|EVET|%29|4|EVET|%26|EVET|%32|3|HAYIR|%20|EVET|%43|2|HAYIR|%18|EVET|%27|2|HAYIR|%22|EVET|%31
734|2026-08-17 18:41:06|4|3/2|HAYIR|%45|%22|HAYIR|%23|%48|0|HAYIR|%0|HAYIR|%0|3/4|HAYIR|%25|%52|C•B|EVET|%65|%53|TEPE_YON|FRAGMENTARY_2|DALGA_TEK_SIM_1>TEPE>TEPE|PATTERN_BREAK:0,59|EVET|%63|3|HAYIR|%23|EVET|%52|2|HAYIR|%32|EVET|%39|3|HAYIR|%21|EVET|%88|4|EVET|%21|EVET|%33|3|HAYIR|%25|EVET|%46|3|HAYIR|%27|EVET|%85|3|HAYIR|%21|EVET|%32|3|HAYIR|%22|EVET|%49|3|HAYIR|%27|EVET|%29|3|HAYIR|%26|EVET|%50|3|HAYIR|%20|EVET|%89|2|HAYIR|%18|EVET|%28|3|HAYIR|%21|EVET|%30
735|2026-08-17 18:41:08|4|3/1|HAYIR|%45|%22|EVET|%23|%35|0|HAYIR|%0|HAYIR|%0|3/1|HAYIR|%25|%28|T•K|EVET|%65|%55|TEPE_YON|FRAGMENTARY_2|BLOK_DUZ>TEPE>TEPE|PATTERN_BREAK:0,59|EVET|%58|3|HAYIR|%23|EVET|%28|1|EVET|%32|EVET|%31|3|HAYIR|%21|EVET|%33|4|HAYIR|%21|EVET|%35|3|HAYIR|%25|EVET|%34|3|HAYIR|%27|EVET|%36|3|HAYIR|%21|EVET|%28|3|HAYIR|%22|EVET|%35|3|HAYIR|%27|EVET|%29|3|HAYIR|%26|EVET|%30|3|HAYIR|%20|EVET|%53|2|HAYIR|%18|EVET|%28|3|HAYIR|%21|EVET|%30
736|2026-08-17 18:41:09|1|3/2|EVET|%45|%22|HAYIR|%23|%30|0|HAYIR|%0|HAYIR|%0|4/3|HAYIR|%25|%37|T•B|EVET|%65|%55|VADI_YON|FRAGMENTARY_2|DALGA_TEK_SIM_1>TEPE>VADI|PATTERN_BREAK:0,59|EVET|%33|4|HAYIR|%23|EVET|%37|2|HAYIR|%33|EVET|%32|4|HAYIR|%21|EVET|%41|3|EVET|%21|EVET|%33|3|EVET|%25|EVET|%46|3|EVET|%27|EVET|%46|3|EVET|%21|EVET|%29|1|HAYIR|%22|EVET|%35|1|HAYIR|%27|EVET|%29|3|EVET|%26|EVET|%34|4|HAYIR|%20|EVET|%92|2|HAYIR|%18|EVET|%27|1|HAYIR|%21|EVET|%30
737|2026-08-17 18:41:10|3|2/4|HAYIR|%45|%22|HAYIR|%23|%43|0|HAYIR|%0|HAYIR|%0|3/4|HAYIR|%25|%39|T•B|EVET|%65|%55|DONGU_YON|FRAGMENTARY_2|BLOK_TERS>TEPE>DONGU||HAYIR|%58|3|HAYIR|%23|EVET|%39|1|EVET|%32|EVET|%35|1|EVET|%21|EVET|%43|2|HAYIR|%22|EVET|%29|1|EVET|%25|EVET|%29|4|HAYIR|%27|EVET|%30|2|HAYIR|%22|EVET|%30|1|EVET|%22|EVET|%26|2|HAYIR|%26|EVET|%28|1|EVET|%26|EVET|%28|4|HAYIR|%20|EVET|%54|2|HAYIR|%18|EVET|%27|3|HAYIR|%21|EVET|%34
738|2026-08-17 18:41:11|1|2/3|EVET|%46|%22|HAYIR|%23|%40|0|HAYIR|%0|HAYIR|%0|2/1|EVET|%25|%40|T•B|HAYIR|%65|%59|VADI_YON|FRAGMENTARY_2|BLOK_TERS>TEPE>VADI|PATTERN_BREAK:0,59|EVET|%65|2|EVET|%23|EVET|%40|2|EVET|%33|EVET|%32|2|EVET|%22|EVET|%37|3|HAYIR|%22|EVET|%50|2|EVET|%26|EVET|%43|2|EVET|%27|EVET|%58|3|HAYIR|%22|EVET|%30|1|HAYIR|%22|EVET|%34|1|HAYIR|%26|EVET|%29|2|EVET|%27|EVET|%35|3|HAYIR|%20|EVET|%87|1|HAYIR|%18|EVET|%26|2|EVET|%21|EVET|%30
739|2026-08-17 18:41:13|2|2/3|EVET|%46|%22|HAYIR|%23|%34|0|HAYIR|%0|HAYIR|%0|2/4|EVET|%25|%36|T•K|EVET|%65|%54|VADI_YON|FRAGMENTARY_2|DALGA_TEK_SIM_1>VADI>VADI|PATTERN_BREAK:0,59|EVET|%48|2|EVET|%23|EVET|%36|1|HAYIR|%33|EVET|%34|2|EVET|%22|EVET|%33|3|HAYIR|%21|EVET|%35|2|EVET|%26|EVET|%43|2|EVET|%27|EVET|%71|4|HAYIR|%21|EVET|%28|3|HAYIR|%22|EVET|%35|3|HAYIR|%26|EVET|%26|2|EVET|%27|EVET|%34|4|HAYIR|%19|EVET|%56|1|HAYIR|%17|EVET|%26|4|HAYIR|%21|EVET|%36
740|2026-08-17 18:41:14|2|3/4|HAYIR|%46|%22|EVET|%23|%38|0|HAYIR|%0|HAYIR|%0|3/1|HAYIR|%25|%49|T•B|EVET|%65|%56|TEPE_YON|FRAGMENTARY_2|BLOK_DUZ>VADI>TEPE|PATTERN_BREAK:0,59|EVET|%63|3|HAYIR|%24|EVET|%49|2|HAYIR|%33|EVET|%38|3|HAYIR|%23|EVET|%51|3|HAYIR|%21|EVET|%38|3|HAYIR|%26|EVET|%46|3|HAYIR|%28|EVET|%74|3|HAYIR|%21|EVET|%34|3|HAYIR|%22|EVET|%37|3|HAYIR|%26|EVET|%26|3|HAYIR|%28|EVET|%45|3|HAYIR|%19|EVET|%81|1|HAYIR|%17|EVET|%26|3|HAYIR|%21|EVET|%30
741|2026-08-17 18:41:14|4|3/1|HAYIR|%46|%22|HAYIR|%23|%36|0|HAYIR|%0|HAYIR|%0|2/3|HAYIR|%25|%31|T•K|HAYIR|%65|%55|VADI_YON|FRAGMENTARY_2|TEPE>TEPE>VADI|PATTERN_BREAK:0,59|EVET|%54|2|HAYIR|%24|EVET|%31|1|HAYIR|%33|EVET|%29|4|EVET|%22|EVET|%44|3|HAYIR|%21|EVET|%41|3|HAYIR|%26|EVET|%30|3|HAYIR|%28|EVET|%29|3|HAYIR|%21|EVET|%31|3|HAYIR|%22|EVET|%32|3|HAYIR|%26|EVET|%29|3|HAYIR|%28|EVET|%27|1|HAYIR|%19|EVET|%63|1|HAYIR|%17|EVET|%25|3|HAYIR|%21|EVET|%29
742|2026-08-17 18:41:16|4|3/1|HAYIR|%46|%22|EVET|%23|%31|0|HAYIR|%0|HAYIR|%0|1/3|EVET|%25|%38|T•K|EVET|%65|%68|VADI_YON|FRAGMENTARY_2|TEPE>TEPE>VADI|PATTERN_BREAK:0,59|EVET|%37|1|EVET|%24|EVET|%38|2|HAYIR|%33|EVET|%30|2|HAYIR|%23|EVET|%31|1|EVET|%21|EVET|%32|1|EVET|%26|EVET|%34|1|EVET|%27|EVET|%45|1|EVET|%21|EVET|%31|2|HAYIR|%22|EVET|%31|3|HAYIR|%25|EVET|%28|1|EVET|%27|EVET|%31|1|EVET|%19|EVET|%93|1|EVET|%17|EVET|%25|3|HAYIR|%21|EVET|%28
743|2026-08-17 18:41:17|1|4/1|EVET|%46|%22|HAYIR|%23|%57|0|HAYIR|%0|HAYIR|%0|4/3|EVET|%26|%44|T•B|EVET|%65|%57|TEPE_YON|FRAGMENTARY_2|BLOK_TERS>TEPE>TEPE||HAYIR|%69|4|EVET|%24|EVET|%44|1|HAYIR|%32|EVET|%34|4|EVET|%23|EVET|%55|3|HAYIR|%21|EVET|%29|4|EVET|%27|EVET|%29|4|EVET|%28|EVET|%44|3|HAYIR|%21|EVET|%29|1|HAYIR|%21|EVET|%43|1|HAYIR|%25|EVET|%29|4|EVET|%28|EVET|%34|4|EVET|%20|EVET|%89|1|HAYIR|%18|EVET|%26|3|HAYIR|%21|EVET|%28
744|2026-08-17 18:41:18|4|4/1|EVET|%46|%23|HAYIR|%23|%41|0|HAYIR|%0|HAYIR|%0|4/1|EVET|%26|%39|C•K|EVET|%65|%54|VADI_YON|FRAGMENTARY_2|BLOK_TERS>VADI>VADI|PATTERN_BREAK:0,59|EVET|%59|4|EVET|%25|EVET|%39|2|HAYIR|%32|EVET|%39|4|EVET|%23|EVET|%53|3|HAYIR|%21|EVET|%32|4|EVET|%27|EVET|%32|4|EVET|%28|EVET|%55|3|HAYIR|%21|EVET|%31|3|HAYIR|%21|EVET|%37|3|HAYIR|%25|EVET|%28|4|EVET|%28|EVET|%33|4|EVET|%20|EVET|%64|2|HAYIR|%17|EVET|%28|3|HAYIR|%21|EVET|%28
745|2026-08-17 18:41:19|4|3/2|EVET|%46|%23|HAYIR|%23|%0|0|HAYIR|%0|HAYIR|%0|3/1|EVET|%26|%0|T•K|EVET|%65|%0|TEPE_YON|FRAGMENTARY_2|BLOK_DUZ>DONGU>TEPE||HAYIR|%0|3|EVET|%0|EVET|%0|1|HAYIR|%0|EVET|%0|3|EVET|%0|EVET|%0|3|EVET|%0|EVET|%0|3|EVET|%0|EVET|%0|3|EVET|%0|EVET|%0|1|HAYIR|%0|EVET|%0|1|HAYIR|%0|EVET|%0|3|EVET|%0|EVET|%0|3|EVET|%0|EVET|%0|3|EVET|%0|EVET|%0|2|HAYIR|%0|EVET|%0|1|HAYIR|%0|EVET|%0
746|2026-08-17 18:41:28|3|1/2|HAYIR|%46|%23|EVET|%23|%47|0|HAYIR|%0|HAYIR|%0|2/1|EVET|%26|%36|T•B|HAYIR|%65|%56|TEPE_YON|FRAGMENTARY_2|TEPE>VADI>TEPE|PATTERN_BREAK:0,59|EVET|%67|2|EVET|%0|EVET|%36|2|EVET|%0|EVET|%29|1|HAYIR|%0|EVET|%37|4|HAYIR|%0|EVET|%36|1|HAYIR|%0|EVET|%45|1|HAYIR|%0|EVET|%53|2|EVET|%0|EVET|%30|1|HAYIR|%0|EVET|%32|2|EVET|%0|EVET|%28|1|HAYIR|%0|EVET|%35|1|HAYIR|%0|EVET|%68|2|EVET|%0|EVET|%28|2|EVET|%0|EVET|%30
747|2026-08-17 18:41:28|2|4/2|HAYIR|%46|%23|EVET|%23|%40|0|HAYIR|%0|HAYIR|%0|4/2|HAYIR|%26|%29|C•B|EVET|%65|%62|TEPE_YON|FRAGMENTARY_2|DONGU_TERS>VADI>TEPE|PATTERN_BREAK:0,59|EVET|%61|4|HAYIR|%0|EVET|%29|1|HAYIR|%0|EVET|%28|2|EVET|%0|EVET|%38|2|EVET|%0|EVET|%30|4|HAYIR|%0|EVET|%40|4|HAYIR|%0|EVET|%56|4|HAYIR|%0|EVET|%28|1|HAYIR|%0|EVET|%31|3|HAYIR|%0|EVET|%26|4|HAYIR|%0|EVET|%32|2|EVET|%0|EVET|%37|2|EVET|%0|EVET|%28|2|EVET|%0|EVET|%27
748|2026-08-17 18:41:29|2|2/3|HAYIR|%46|%23|HAYIR|%23|%28|0|HAYIR|%0|HAYIR|%0|2/3|HAYIR|%26|%32|T•K|EVET|%65|%55|BLOK_TERS_TEKRAR|FRAGMENTARY_2|VADI>TEPE>BLOK_TERS|REGIME_SHIFT:0,75,PATTERN_BREAK:0,59|EVET|%44|2|HAYIR|%0|EVET|%32|2|HAYIR|%0|EVET|%33|3|HAYIR|%0|EVET|%28|1|EVET|%0|EVET|%29|1|EVET|%0|EVET|%28|2|HAYIR|%0|EVET|%34|3|HAYIR|%0|EVET|%31|1|EVET|%0|EVET|%28|2|HAYIR|%0|EVET|%25|2|HAYIR|%0|EVET|%28|2|HAYIR|%0|EVET|%48|2|HAYIR|%0|EVET|%28|3|HAYIR|%0|EVET|%29
749|2026-08-17 18:41:30|1|1/2|HAYIR|%46|%23|EVET|%23|%43|0|HAYIR|%0|HAYIR|%0|1/3|HAYIR|%26|%43|T•B|HAYIR|%65|%54|BLOK_TERS_TEKRAR|FRAGMENTARY_2|DALGA_TEK_SIM_2>VADI>BLOK_TERS|PATTERN_BREAK:0,59|EVET|%73|1|HAYIR|%0|EVET|%43|1|HAYIR|%0|EVET|%38|1|HAYIR|%0|EVET|%39|4|HAYIR|%0|EVET|%37|1|HAYIR|%0|EVET|%33|1|HAYIR|%0|EVET|%43|3|HAYIR|%0|EVET|%28|1|HAYIR|%0|EVET|%38|1|HAYIR|%0|EVET|%28|1|HAYIR|%0|EVET|%33|1|HAYIR|%0|EVET|%60|1|HAYIR|%0|EVET|%26|1|HAYIR|%0|EVET|%37
750|2026-08-17 18:41:31|2|2/4|HAYIR|%46|%22|EVET|%23|%30|0|HAYIR|%0|HAYIR|%0|4/3|EVET|%26|%38|C•B|EVET|%65|%65|TEPE_YON|FRAGMENTARY_2|VADI>VADI>TEPE|REGIME_SHIFT:0,50,PATTERN_BREAK:0,59|EVET|%39|4|EVET|%40|EVET|%38|2|HAYIR|%20|EVET|%32|4|EVET|%40|EVET|%45|3|HAYIR|%60|EVET|%35|2|HAYIR|%40|EVET|%44|2|HAYIR|%20|EVET|%35|4|EVET|%20|EVET|%28|2|HAYIR|%20|EVET|%35|2|HAYIR|%40|EVET|%25|3|HAYIR|%20|EVET|%27|3|HAYIR|%40|EVET|%96|1|HAYIR|%40|EVET|%26|4|EVET|%40|EVET|%35
751|2026-08-17 18:41:32|4|2/3|HAYIR|%46|%22|HAYIR|%23|%32|0|HAYIR|%0|HAYIR|%0|2/3|HAYIR|%26|%35|T•B|EVET|%65|%58|VADI_YON|FRAGMENTARY_2|VADI>TEPE>VADI|PATTERN_BREAK:0,59|EVET|%54|2|HAYIR|%50|EVET|%35|1|EVET|%16|EVET|%27|2|HAYIR|%50|EVET|%48|3|HAYIR|%50|EVET|%34|1|EVET|%33|EVET|%45|1|EVET|%16|EVET|%45|3|HAYIR|%33|EVET|%31|2|HAYIR|%16|EVET|%29|3|HAYIR|%33|EVET|%27|2|HAYIR|%16|EVET|%29|2|HAYIR|%33|EVET|%78|1|EVET|%33|EVET|%25|3|HAYIR|%50|EVET|%27
752|2026-08-17 18:41:36|1|1/4|HAYIR|%46|%22|HAYIR|%23|%47|0|HAYIR|%0|HAYIR|%0|1/4|HAYIR|%26|%36|C•K|EVET|%65|%52|DONGU_TERS_YON|FRAGMENTARY_2|DALGA_TEK_SIM_3>VADI>DONGU_TERS|PATTERN_BREAK:0,59|EVET|%71|1|HAYIR|%42|EVET|%36|2|EVET|%28|EVET|%31|1|HAYIR|%42|EVET|%59|3|HAYIR|%42|EVET|%37|1|HAYIR|%42|EVET|%45|1|HAYIR|%28|EVET|%65|3|HAYIR|%28|EVET|%28|1|HAYIR|%14|EVET|%27|1|HAYIR|%28|EVET|%28|1|HAYIR|%14|EVET|%37|4|HAYIR|%28|EVET|%75|1|HAYIR|%42|EVET|%26|4|HAYIR|%42|EVET|%30
753|2026-08-17 18:41:37|2|4/3|HAYIR|%46|%23|HAYIR|%23|%0|0|HAYIR|%0|HAYIR|%0|4/3|HAYIR|%26|%0|C•B|HAYIR|%65|%0|VADI_YON|FRAGMENTARY_2|VADI>TEPE>VADI|PATTERN_BREAK:0,59|EVET|%0|4|HAYIR|%0|EVET|%0|1|EVET|%0|EVET|%0|4|HAYIR|%0|EVET|%0|1|EVET|%0|EVET|%0|4|HAYIR|%0|EVET|%0|4|HAYIR|%0|EVET|%0|4|HAYIR|%0|EVET|%0|2|HAYIR|%0|EVET|%0|2|HAYIR|%0|EVET|%0|4|HAYIR|%0|EVET|%0|4|HAYIR|%0|EVET|%0|1|EVET|%0|EVET|%0|4|HAYIR|%0|EVET|%0
754|2026-08-17 18:42:24|1|1/3|HAYIR|%46|%22|HAYIR|%23|%26|0|HAYIR|%0|HAYIR|%0|1/3|HAYIR|%26|%31|T•B|EVET|%65|%56|DONGU_TERS_YON|FRAGMENTARY_2|DONGU_TERS>TEPE>DONGU_TERS|PATTERN_BREAK:0,59|EVET|%29|1|HAYIR|%0|EVET|%31|2|HAYIR|%0|EVET|%31|3|HAYIR|%0|EVET|%28|4|EVET|%0|EVET|%41|4|EVET|%0|EVET|%30|4|EVET|%0|EVET|%37|2|HAYIR|%0|EVET|%29|2|HAYIR|%0|EVET|%29|1|HAYIR|%0|EVET|%27|4|EVET|%0|EVET|%27|4|EVET|%0|EVET|%53|2|HAYIR|%0|EVET|%28|1|HAYIR|%0|EVET|%36
755|2026-08-17 18:42:27|4|1/4|EVET|%46|%22|HAYIR|%23|%42|0|HAYIR|%0|HAYIR|%0|4/3|HAYIR|%26|%31|C•K|EVET|%65|%57|VADI_YON|FRAGMENTARY_2|DONGU_TERS>TEPE>VADI|PATTERN_BREAK:0,59|EVET|%66|4|HAYIR|%0|EVET|%31|1|EVET|%0|EVET|%28|1|EVET|%0|EVET|%31|4|HAYIR|%0|EVET|%39|1|EVET|%0|EVET|%37|1|EVET|%0|EVET|%33|3|HAYIR|%0|EVET|%30|4|HAYIR|%0|EVET|%31|3|HAYIR|%0|EVET|%27|1|EVET|%0|EVET|%29|1|EVET|%0|EVET|%54|2|HAYIR|%0|EVET|%28|4|HAYIR|%0|EVET|%28
756|2026-08-17 18:42:28|1|1/2|HAYIR|%46|%22|HAYIR|%23|%37|0|HAYIR|%0|HAYIR|%0|1/3|HAYIR|%26|%34|T•K|EVET|%65|%54|TEPE_YON|FRAGMENTARY_2|VADI>BLOK_TERS>TEPE|PATTERN_BREAK:0,59|EVET|%66|1|HAYIR|%0|EVET|%34|2|HAYIR|%0|EVET|%30|1|HAYIR|%0|EVET|%48|3|EVET|%0|EVET|%35|1|HAYIR|%0|EVET|%46|1|HAYIR|%0|EVET|%59|2|HAYIR|%0|EVET|%28|1|HAYIR|%0|EVET|%29|1|HAYIR|%0|EVET|%27|1|HAYIR|%0|EVET|%37|1|HAYIR|%0|EVET|%93|1|HAYIR|%0|EVET|%26|4|HAYIR|%0|EVET|%31
757|2026-08-17 18:42:29|3|3/1|HAYIR|%46|%22|HAYIR|%23|%39|0|HAYIR|%0|HAYIR|%0|3/1|HAYIR|%26|%47|T•B|HAYIR|%65|%55|TEPE_YON|FRAGMENTARY_2|BLOK_DUZ>BLOK_TERS>TEPE|PATTERN_BREAK:0,59|EVET|%60|3|HAYIR|%0|EVET|%47|1|HAYIR|%0|EVET|%34|3|HAYIR|%0|EVET|%49|2|EVET|%0|EVET|%29|3|HAYIR|%0|EVET|%35|3|HAYIR|%0|EVET|%45|2|EVET|%0|EVET|%31|4|HAYIR|%0|EVET|%33|2|EVET|%0|EVET|%28|3|HAYIR|%0|EVET|%32|4|HAYIR|%0|EVET|%50|1|HAYIR|%0|EVET|%25|3|HAYIR|%0|EVET|%33
758|2026-08-17 18:42:32|2|2/1|HAYIR|%46|%22|HAYIR|%23|%32|0|HAYIR|%0|HAYIR|%0|1/2|HAYIR|%26|%34|C•B|EVET|%65|%52|DONGU_YON|FRAGMENTARY_2|BLOK_DUZ>TEPE>DONGU|PATTERN_BREAK:0,59|EVET|%48|1|HAYIR|%0|EVET|%34|2|HAYIR|%40|EVET|%32|1|HAYIR|%20|EVET|%41|2|HAYIR|%80|EVET|%36|1|HAYIR|%40|EVET|%33|1|HAYIR|%40|EVET|%39|4|EVET|%20|EVET|%29|2|HAYIR|%0|EVET|%29|4|EVET|%20|EVET|%25|1|HAYIR|%40|EVET|%30|3|HAYIR|%40|EVET|%49|1|HAYIR|%20|EVET|%26|2|HAYIR|%0|EVET|%29
759|2026-08-17 18:42:33|4|1/2|HAYIR|%46|%22|HAYIR|%23|%37|0|HAYIR|%0|HAYIR|%0|1/2|HAYIR|%26|%27|T•K|EVET|%65|%53|DONGU_YON|FRAGMENTARY_2|TEPE>VADI>DONGU|PATTERN_BREAK:0,59|EVET|%62|1|HAYIR|%0|EVET|%27|1|HAYIR|%33|EVET|%29|4|HAYIR|%16|EVET|%34|4|HAYIR|%66|EVET|%27|1|HAYIR|%33|EVET|%30|1|HAYIR|%33|EVET|%30|3|EVET|%33|EVET|%29|2|HAYIR|%0|EVET|%29|3|EVET|%33|EVET|%27|1|HAYIR|%33|EVET|%27|1|HAYIR|%33|EVET|%43|1|HAYIR|%16|EVET|%25|1|HAYIR|%0|EVET|%27
760|2026-08-17 18:42:34|3|2/1|HAYIR|%46|%22|EVET|%23|%42|0|HAYIR|%0|HAYIR|%0|2/1|HAYIR|%26|%40|T•K|EVET|%65|%58|VADI_YON|FRAGMENTARY_2|VADI>DONGU_TERS>VADI|PATTERN_BREAK:0,59|EVET|%69|2|HAYIR|%0|EVET|%40|2|HAYIR|%28|EVET|%31|2|HAYIR|%14|EVET|%46|4|HAYIR|%57|EVET|%31|2|HAYIR|%28|EVET|%31|2|HAYIR|%28|EVET|%41|2|HAYIR|%42|EVET|%32|2|HAYIR|%0|EVET|%36|2|HAYIR|%42|EVET|%29|2|HAYIR|%28|EVET|%34|2|HAYIR|%28|EVET|%67|1|EVET|%14|EVET|%25|2|HAYIR|%0|EVET|%33
761|2026-08-17 18:42:37|1|4/1|HAYIR|%46|%22|HAYIR|%23|%29|0|HAYIR|%0|HAYIR|%0|2/1|HAYIR|%25|%33|T•B|EVET|%66|%54|DONGU_YON|FRAGMENTARY_2|VADI>VADI>DONGU|PATTERN_BREAK:0,59|EVET|%42|2|HAYIR|%0|EVET|%33|1|HAYIR|%25|EVET|%30|1|HAYIR|%12|EVET|%35|3|EVET|%50|EVET|%40|4|HAYIR|%25|EVET|%40|4|HAYIR|%25|EVET|%41|3|EVET|%37|EVET|%28|4|HAYIR|%0|EVET|%31|1|HAYIR|%37|EVET|%27|4|HAYIR|%25|EVET|%28|4|HAYIR|%25|EVET|%66|1|HAYIR|%25|EVET|%26|2|HAYIR|%0|EVET|%32
762|2026-08-17 18:42:39|3|4/3|HAYIR|%46|%22|EVET|%23|%29|0|HAYIR|%0|HAYIR|%0|3/4|EVET|%26|%39|T•B|EVET|%66|%58|DONGU_YON|FRAGMENTARY_2|TEPE>DONGU_TERS>DONGU|PATTERN_BREAK:0,59|EVET|%29|3|EVET|%0|EVET|%39|2|HAYIR|%22|EVET|%28|3|EVET|%11|EVET|%47|2|HAYIR|%55|EVET|%27|4|HAYIR|%22|EVET|%40|4|HAYIR|%22|EVET|%55|2|HAYIR|%44|EVET|%31|2|HAYIR|%0|EVET|%30|2|HAYIR|%33|EVET|%29|4|HAYIR|%22|EVET|%31|4|HAYIR|%22|EVET|%97|2|HAYIR|%22|EVET|%28|3|EVET|%0|EVET|%32
763|2026-08-17 18:42:39|3|2/1|EVET|%46|%22|HAYIR|%23|%41|0|HAYIR|%0|HAYIR|%0|2/1|EVET|%26|%44|C•K|EVET|%66|%64|DONGU_TERS_YON|FRAGMENTARY_2|BLOK_TERS>VADI>DONGU_TERS|PATTERN_BREAK:0,59|EVET|%64|2|EVET|%10|EVET|%44|1|HAYIR|%20|EVET|%33|2|EVET|%20|EVET|%37|2|EVET|%50|EVET|%32|2|EVET|%20|EVET|%35|2|EVET|%20|EVET|%53|2|EVET|%40|EVET|%32|1|HAYIR|%0|EVET|%42|2|EVET|%30|EVET|%28|2|EVET|%20|EVET|%34|2|EVET|%20|EVET|%89|2|EVET|%20|EVET|%28|2|EVET|%10|EVET|%34
764|2026-08-17 18:42:42|2|2/4|HAYIR|%46|%22|EVET|%23|%35|0|HAYIR|%0|HAYIR|%0|2/1|HAYIR|%26|%33|T•K|HAYIR|%66|%50|DONGU_TERS_YON|FRAGMENTARY_2|BLOK_TERS>TEPE>DONGU_TERS|PATTERN_BREAK:0,59|EVET|%48|2|HAYIR|%18|EVET|%33|2|HAYIR|%18|EVET|%32|2|HAYIR|%27|EVET|%46|1|HAYIR|%54|EVET|%29|2|HAYIR|%27|EVET|%31|2|HAYIR|%27|EVET|%33|4|EVET|%45|EVET|%29|3|HAYIR|%0|EVET|%30|4|EVET|%36|EVET|%26|2|HAYIR|%27|EVET|%30|3|HAYIR|%27|EVET|%51|2|HAYIR|%27|EVET|%27|2|HAYIR|%18|EVET|%28
765|2026-08-17 18:42:43|4|3/2|HAYIR|%46|%22|HAYIR|%23|%46|0|HAYIR|%0|HAYIR|%0|2/3|HAYIR|%26|%29|T•K|EVET|%66|%55|TEPE_YON|FRAGMENTARY_2|BLOK_TERS>TEPE>TEPE||HAYIR|%61|2|HAYIR|%16|EVET|%29|1|EVET|%16|EVET|%32|3|HAYIR|%25|EVET|%39|4|HAYIR|%50|EVET|%29|2|HAYIR|%25|EVET|%44|2|HAYIR|%25|EVET|%40|3|HAYIR|%50|EVET|%31|2|HAYIR|%0|EVET|%26|3|HAYIR|%41|EVET|%28|2|HAYIR|%25|EVET|%27|1|EVET|%25|EVET|%38|2|HAYIR|%25|EVET|%28|3|HAYIR|%16|EVET|%28
766|2026-08-17 18:42:45|1|3/4|HAYIR|%46|%22|HAYIR|%23|%30|0|HAYIR|%0|HAYIR|%0|4/3|HAYIR|%26|%38|T•K|EVET|%66|%58|VADI_YON|FRAGMENTARY_2|VADI>DONGU>VADI|PATTERN_BREAK:0,59|EVET|%35|4|HAYIR|%15|EVET|%38|2|EVET|%23|EVET|%29|4|HAYIR|%23|EVET|%44|1|HAYIR|%46|EVET|%28|3|HAYIR|%23|EVET|%27|4|HAYIR|%23|EVET|%35|3|HAYIR|%46|EVET|%29|4|HAYIR|%0|EVET|%33|1|HAYIR|%38|EVET|%27|4|HAYIR|%23|EVET|%29|4|HAYIR|%30|EVET|%79|2|EVET|%23|EVET|%27|4|HAYIR|%15|EVET|%30
767|2026-08-17 18:42:46|2|1/4|HAYIR|%46|%22|EVET|%23|%30|0|HAYIR|%0|HAYIR|%0|4/1|EVET|%26|%41|C•K|EVET|%66|%59|VADI_YON|FRAGMENTARY_2|VADI>DONGU>VADI|PATTERN_BREAK:0,59|EVET|%37|4|EVET|%14|EVET|%41|1|HAYIR|%28|EVET|%30|1|HAYIR|%21|EVET|%65|1|HAYIR|%42|EVET|%38|4|EVET|%21|EVET|%40|4|EVET|%21|EVET|%54|4|EVET|%42|EVET|%30|4|EVET|%0|EVET|%30|4|EVET|%35|EVET|%27|4|EVET|%21|EVET|%32|4|EVET|%28|EVET|%98|2|HAYIR|%28|EVET|%28|4|EVET|%14|EVET|%40
768|2026-08-17 18:42:47|4|2/3|HAYIR|%46|%22|HAYIR|%23|%36|0|HAYIR|%0|HAYIR|%0|3/2|HAYIR|%26|%31|T•K|HAYIR|%66|%58|DONGU_YON|FRAGMENTARY_2|TEPE>VADI>DONGU|PATTERN_BREAK:0,59|EVET|%45|3|HAYIR|%20|EVET|%31|2|HAYIR|%26|EVET|%29|2|HAYIR|%20|EVET|%35|3|HAYIR|%40|EVET|%31|3|HAYIR|%26|EVET|%44|3|HAYIR|%26|EVET|%40|3|HAYIR|%46|EVET|%30|2|HAYIR|%6|EVET|%29|3|HAYIR|%40|EVET|%27|3|HAYIR|%26|EVET|%33|2|HAYIR|%33|EVET|%69|2|HAYIR|%26|EVET|%28|1|HAYIR|%20|EVET|%28
769|2026-08-17 18:42:49|4|1/3|EVET|%46|%22|HAYIR|%23|%33|0|HAYIR|%0|HAYIR|%0|1/3|EVET|%26|%43|T•K|EVET|%66|%58|VADI_YON|FRAGMENTARY_2|TEPE>DONGU>VADI|PATTERN_BREAK:0,59|EVET|%44|1|EVET|%18|EVET|%43|1|EVET|%25|EVET|%28|3|HAYIR|%18|EVET|%34|1|EVET|%37|EVET|%40|1|EVET|%25|EVET|%45|1|EVET|%25|EVET|%58|1|EVET|%43|EVET|%32|1|EVET|%6|EVET|%38|3|HAYIR|%37|EVET|%27|1|EVET|%25|EVET|%37|1|EVET|%31|EVET|%94|1|EVET|%25|EVET|%25|1|EVET|%18|EVET|%28
770|2026-08-17 18:42:51|1|4/3|EVET|%46|%22|HAYIR|%23|%26|0|HAYIR|%0|HAYIR|%0|4/3|EVET|%26|%42|T•B|EVET|%66|%52|DONGU_TERS_YON|FRAGMENTARY_2|VADI>DONGU>DONGU_TERS|PATTERN_BREAK:0,59|EVET|%31|4|EVET|%23|EVET|%42|2|HAYIR|%29|EVET|%31|4|EVET|%17|EVET|%64|3|HAYIR|%41|EVET|%28|1|HAYIR|%29|EVET|%45|4|EVET|%29|EVET|%46|3|HAYIR|%47|EVET|%28|4|EVET|%11|EVET|%30|1|HAYIR|%35|EVET|%27|4|EVET|%29|EVET|%30|4|EVET|%35|EVET|%92|1|HAYIR|%29|EVET|%26|4|EVET|%23|EVET|%28
771|2026-08-17 18:42:51|4|4/3|HAYIR|%46|%22|EVET|%23|%39|0|HAYIR|%0|HAYIR|%0|4/1|HAYIR|%26|%46|C•B|EVET|%66|%57|DONGU_TERS_YON|FRAGMENTARY_2|ARTIS>DONGU_TERS>DONGU_TERS|PATTERN_BREAK:0,59|EVET|%55|4|HAYIR|%27|EVET|%46|1|HAYIR|%27|EVET|%30|4|HAYIR|%22|EVET|%70|3|EVET|%38|EVET|%31|4|HAYIR|%27|EVET|%42|4|HAYIR|%33|EVET|%67|3|EVET|%44|EVET|%30|4|HAYIR|%16|EVET|%39|3|EVET|%33|EVET|%27|4|HAYIR|%33|EVET|%39|4|HAYIR|%38|EVET|%68|1|HAYIR|%27|EVET|%25|4|HAYIR|%27|EVET|%28
772|2026-08-17 18:42:52|3|2/1|HAYIR|%46|%22|EVET|%23|%43|0|HAYIR|%0|HAYIR|%0|2/3|HAYIR|%26|%36|T•K|EVET|%66|%53|DONGU_TERS_YON|FRAGMENTARY_2|TEPE>DONGU_TERS>DONGU_TERS|PATTERN_BREAK:0,59|EVET|%70|2|HAYIR|%26|EVET|%36|2|HAYIR|%26|EVET|%29|2|HAYIR|%21|EVET|%44|3|HAYIR|%42|EVET|%33|1|EVET|%26|EVET|%45|2|HAYIR|%31|EVET|%35|2|HAYIR|%47|EVET|%31|2|HAYIR|%15|EVET|%31|2|HAYIR|%36|EVET|%29|2|HAYIR|%31|EVET|%31|2|HAYIR|%36|EVET|%70|1|EVET|%26|EVET|%25|2|HAYIR|%26|EVET|%32
773|2026-08-17 18:42:53|1|4/1|HAYIR|%46|%22|HAYIR|%23|%41|0|HAYIR|%0|HAYIR|%0|2/4|HAYIR|%26|%27|C•B|EVET|%66|%55|DONGU_TERS_YON|FRAGMENTARY_2|DONGU_TERS>TEPE>DONGU_TERS||HAYIR|%47|2|HAYIR|%25|EVET|%27|1|HAYIR|%25|EVET|%30|4|HAYIR|%20|EVET|%33|3|EVET|%40|EVET|%44|4|HAYIR|%30|EVET|%42|4|HAYIR|%30|EVET|%46|3|EVET|%45|EVET|%28|4|HAYIR|%15|EVET|%31|1|HAYIR|%35|EVET|%26|4|HAYIR|%30|EVET|%32|4|HAYIR|%35|EVET|%63|1|HAYIR|%30|EVET|%26|2|HAYIR|%25|EVET|%31
774|2026-08-17 18:42:54|3|4/3|HAYIR|%46|%22|HAYIR|%23|%38|0|HAYIR|%0|HAYIR|%0|3/4|HAYIR|%26|%49|T•B|EVET|%66|%54|DONGU_TERS_YON|FRAGMENTARY_2|VADI>VADI>DONGU_TERS||HAYIR|%45|3|HAYIR|%23|EVET|%49|2|HAYIR|%23|EVET|%30|3|HAYIR|%19|EVET|%62|3|HAYIR|%42|EVET|%30|3|HAYIR|%28|EVET|%32|4|HAYIR|%28|EVET|%44|2|HAYIR|%47|EVET|%31|4|HAYIR|%14|EVET|%27|2|HAYIR|%33|EVET|%29|3|HAYIR|%28|EVET|%33|4|HAYIR|%33|EVET|%94|1|EVET|%28|EVET|%25|3|HAYIR|%23|EVET|%34
775|2026-08-17 18:42:55|1|3/2|HAYIR|%46|%22|HAYIR|%23|%0|0|HAYIR|%0|HAYIR|%0|2/1|HAYIR|%26|%0|T•K|HAYIR|%66|%0|DONGU_YON|FRAGMENTARY_2|DONGU>VADI>DONGU|PATTERN_BREAK:0,59|EVET|%0|2|HAYIR|%0|EVET|%0|1|HAYIR|%0|EVET|%0|2|HAYIR|%0|EVET|%0|3|HAYIR|%0|EVET|%0|3|HAYIR|%0|EVET|%0|3|HAYIR|%0|EVET|%0|3|HAYIR|%0|EVET|%0|1|HAYIR|%0|EVET|%0|3|HAYIR|%0|EVET|%0|3|HAYIR|%0|EVET|%0|3|HAYIR|%0|EVET|%0|2|HAYIR|%0|EVET|%0|2|HAYIR|%0|EVET|%0
776|2026-08-17 18:43:53|4|3/2|HAYIR|%46|%22|EVET|%23|%38|0|HAYIR|%0|HAYIR|%0|3/4|HAYIR|%26|%33|C•K|EVET|%66|%53|DONGU_YON|FRAGMENTARY_2|DONGU>DONGU>DONGU|PATTERN_BREAK:0,59|EVET|%51|3|HAYIR|%0|EVET|%33|2|EVET|%0|EVET|%28|3|HAYIR|%0|EVET|%48|2|EVET|%0|EVET|%26|3|HAYIR|%0|EVET|%30|3|HAYIR|%0|EVET|%38|3|HAYIR|%0|EVET|%31|3|HAYIR|%0|EVET|%37|3|HAYIR|%0|EVET|%27|3|HAYIR|%0|EVET|%32|3|HAYIR|%0|EVET|%87|2|EVET|%0|EVET|%28|3|HAYIR|%0|EVET|%30
777|2026-08-17 18:43:54|2|1/3|HAYIR|%46|%22|HAYIR|%23|%27|0|HAYIR|%0|HAYIR|%0|3/1|HAYIR|%26|%36|T•K|HAYIR|%66|%56|DONGU_YON|FRAGMENTARY_2|TEPE>VADI>DONGU|PATTERN_BREAK:0,59|EVET|%28|3|HAYIR|%0|EVET|%36|1|HAYIR|%0|EVET|%28|3|HAYIR|%0|EVET|%45|2|HAYIR|%0|EVET|%30|1|HAYIR|%0|EVET|%33|1|HAYIR|%0|EVET|%35|4|EVET|%0|EVET|%31|1|HAYIR|%0|EVET|%27|4|EVET|%0|EVET|%28|1|HAYIR|%0|EVET|%27|1|HAYIR|%0|EVET|%50|2|HAYIR|%0|EVET|%27|4|EVET|%0|EVET|%28
778|2026-08-17 18:43:59|4|3/2|HAYIR|%46|%22|EVET|%23|%25|0|HAYIR|%0|HAYIR|%0|1/4|HAYIR|%26|%26|T•K|EVET|%66|%54|DONGU_YON|FRAGMENTARY_2|VADI>DONGU_TERS>DONGU|PATTERN_BREAK:0,59|EVET|%26|1|HAYIR|%0|EVET|%26|2|EVET|%0|EVET|%29|4|HAYIR|%0|EVET|%47|4|HAYIR|%0|EVET|%30|1|HAYIR|%0|EVET|%45|1|HAYIR|%0|EVET|%42|3|HAYIR|%0|EVET|%30|3|HAYIR|%0|EVET|%29|3|HAYIR|%0|EVET|%27|1|HAYIR|%0|EVET|%28|1|HAYIR|%0|EVET|%67|2|EVET|%0|EVET|%28|1|HAYIR|%0|EVET|%28
779|2026-08-17 18:44:00|2|1/3|HAYIR|%46|%22|EVET|%23|%28|0|HAYIR|%0|HAYIR|%0|1/3|HAYIR|%26|%31|T•B|EVET|%66|%63|DONGU_YON|FRAGMENTARY_2|VADI>DONGU_TERS>DONGU|PATTERN_BREAK:0,59|EVET|%37|1|HAYIR|%0|EVET|%31|1|HAYIR|%0|EVET|%29|1|HAYIR|%0|EVET|%42|3|EVET|%0|EVET|%29|1|HAYIR|%0|EVET|%32|4|HAYIR|%0|EVET|%34|4|HAYIR|%0|EVET|%32|1|HAYIR|%0|EVET|%27|4|HAYIR|%0|EVET|%28|1|HAYIR|%0|EVET|%28|1|HAYIR|%0|EVET|%87|2|HAYIR|%0|EVET|%27|4|HAYIR|%0|EVET|%28
780|2026-08-17 18:44:05|3|2/1|EVET|%46|%22|HAYIR|%23|%34|0|HAYIR|%0|HAYIR|%0|1/2|HAYIR|%25|%37|T•K|EVET|%66|%59|DONGU_YON|FRAGMENTARY_2|TEPE>DONGU_TERS>DONGU|PATTERN_BREAK:0,59|EVET|%49|1|HAYIR|%0|EVET|%37|2|EVET|%40|EVET|%29|3|HAYIR|%0|EVET|%32|1|HAYIR|%40|EVET|%28|1|HAYIR|%0|EVET|%28|1|HAYIR|%0|EVET|%38|1|HAYIR|%20|EVET|%31|2|EVET|%0|EVET|%27|2|EVET|%20|EVET|%28|1|HAYIR|%0|EVET|%29|1|HAYIR|%0|EVET|%88|2|EVET|%40|EVET|%28|1|HAYIR|%20|EVET|%32
781|2026-08-17 18:44:06|2|1/3|HAYIR|%46|%22|HAYIR|%23|%28|0|HAYIR|%0|HAYIR|%0|4/2|EVET|%26|%33|C•B|EVET|%66|%61|DONGU_YON|FRAGMENTARY_2|VADI>DONGU_TERS>DONGU|PATTERN_BREAK:0,59|EVET|%35|4|EVET|%0|EVET|%33|1|HAYIR|%50|EVET|%28|4|EVET|%0|EVET|%33|1|HAYIR|%33|EVET|%27|4|EVET|%0|EVET|%42|4|EVET|%0|EVET|%51|4|EVET|%16|EVET|%32|4|EVET|%16|EVET|%30|4|EVET|%33|EVET|%28|4|EVET|%0|EVET|%31|3|HAYIR|%0|EVET|%52|2|HAYIR|%50|EVET|%27|4|EVET|%16|EVET|%29
782|2026-08-17 18:44:08|4|2/1|EVET|%46|%22|HAYIR|%23|%47|0|HAYIR|%0|HAYIR|%0|1/3|HAYIR|%26|%29|T•K|EVET|%66|%60|DONGU_YON|FRAGMENTARY_2|TEPE>DONGU_TERS>DONGU||HAYIR|%50|1|HAYIR|%14|EVET|%29|2|EVET|%42|EVET|%31|4|HAYIR|%14|EVET|%41|4|HAYIR|%28|EVET|%34|1|HAYIR|%14|EVET|%44|1|HAYIR|%14|EVET|%40|3|HAYIR|%28|EVET|%30|3|HAYIR|%28|EVET|%29|3|HAYIR|%42|EVET|%27|1|HAYIR|%14|EVET|%27|1|HAYIR|%0|EVET|%49|2|EVET|%42|EVET|%28|1|HAYIR|%28|EVET|%28
783|2026-08-17 18:44:12|2|1/3|EVET|%46|%22|HAYIR|%23|%42|0|HAYIR|%0|HAYIR|%0|3/1|HAYIR|%26|%37|T•B|EVET|%66|%59|DONGU_YON|FRAGMENTARY_2|TEPE>DONGU>DONGU||HAYIR|%61|3|HAYIR|%12|EVET|%37|1|EVET|%50|EVET|%27|3|HAYIR|%12|EVET|%39|3|HAYIR|%25|EVET|%27|3|HAYIR|%12|EVET|%43|3|HAYIR|%12|EVET|%37|4|HAYIR|%25|EVET|%33|1|EVET|%25|EVET|%28|4|HAYIR|%37|EVET|%29|3|HAYIR|%12|EVET|%30|1|EVET|%0|EVET|%87|1|EVET|%50|EVET|%25|4|HAYIR|%25|EVET|%28
784|2026-08-17 18:44:15|1|3/4|HAYIR|%46|%22|HAYIR|%23|%29|0|HAYIR|%0|HAYIR|%0|1/3|HAYIR|%25|%32|C•K|EVET|%66|%51|DONGU_YON|FRAGMENTARY_2|VADI>DONGU>DONGU|PATTERN_BREAK:0,59|EVET|%37|1|HAYIR|%11|EVET|%32|2|EVET|%55|EVET|%33|2|EVET|%11|EVET|%46|4|HAYIR|%22|EVET|%37|3|HAYIR|%11|EVET|%43|3|HAYIR|%11|EVET|%40|3|HAYIR|%22|EVET|%28|4|HAYIR|%33|EVET|%33|3|HAYIR|%33|EVET|%26|2|EVET|%11|EVET|%28|1|HAYIR|%11|EVET|%48|1|HAYIR|%55|EVET|%25|1|HAYIR|%22|EVET|%35
785|2026-08-17 18:44:18|2|1/3|HAYIR|%46|%22|HAYIR|%23|%35|0|HAYIR|%0|HAYIR|%0|4/3|HAYIR|%25|%49|C•B|EVET|%66|%52|DONGU_YON|FRAGMENTARY_2|BLOK_DUZ>DONGU>DONGU|PATTERN_BREAK:0,59|EVET|%60|4|HAYIR|%10|EVET|%49|1|HAYIR|%60|EVET|%32|4|HAYIR|%20|EVET|%41|1|HAYIR|%20|EVET|%36|3|HAYIR|%10|EVET|%30|3|HAYIR|%10|EVET|%46|4|HAYIR|%20|EVET|%32|4|HAYIR|%30|EVET|%29|4|HAYIR|%30|EVET|%28|4|HAYIR|%20|EVET|%33|3|HAYIR|%10|EVET|%93|1|HAYIR|%50|EVET|%25|4|HAYIR|%20|EVET|%40
786|2026-08-17 18:44:20|2|3/4|HAYIR|%46|%22|HAYIR|%23|%29|0|HAYIR|%0|HAYIR|%0|1/3|HAYIR|%25|%35|T•B|HAYIR|%66|%52|DONGU_YON|FRAGMENTARY_2|TEPE>DONGU>DONGU|PATTERN_BREAK:0,59|EVET|%43|1|HAYIR|%9|EVET|%35|2|EVET|%54|EVET|%33|4|HAYIR|%18|EVET|%27|1|HAYIR|%18|EVET|%36|1|HAYIR|%9|EVET|%44|1|HAYIR|%9|EVET|%40|1|HAYIR|%18|EVET|%30|2|EVET|%27|EVET|%28|4|HAYIR|%27|EVET|%28|1|HAYIR|%18|EVET|%30|3|HAYIR|%9|EVET|%81|1|HAYIR|%45|EVET|%25|1|HAYIR|%18|EVET|%29
787|2026-08-17 18:44:21|2|1/3|HAYIR|%46|%22|HAYIR|%23|%39|0|HAYIR|%0|HAYIR|%0|1/3|HAYIR|%25|%32|T•B|EVET|%66|%54|DONGU_YON|FRAGMENTARY_2|VADI>DONGU>DONGU|PATTERN_BREAK:0,59|EVET|%71|1|HAYIR|%8|EVET|%32|1|HAYIR|%58|EVET|%28|1|HAYIR|%16|EVET|%29|3|HAYIR|%16|EVET|%35|3|HAYIR|%8|EVET|%29|3|HAYIR|%8|EVET|%34|3|HAYIR|%16|EVET|%46|1|HAYIR|%33|EVET|%32|4|EVET|%25|EVET|%28|3|HAYIR|%16|EVET|%29|3|HAYIR|%8|EVET|%67|1|HAYIR|%41|EVET|%25|1|HAYIR|%16|EVET|%28
788|2026-08-17 18:44:28|4|2/3|HAYIR|%46|%22|HAYIR|%23|%40|0|HAYIR|%0|HAYIR|%0|2/4|HAYIR|%25|%32|T•K|EVET|%66|%64|DONGU_YON|FRAGMENTARY_2|VADI>DONGU>DONGU|PATTERN_BREAK:0,59|EVET|%64|2|HAYIR|%7|EVET|%32|2|HAYIR|%53|EVET|%36|4|HAYIR|%15|EVET|%50|3|HAYIR|%15|EVET|%40|2|HAYIR|%7|EVET|%46|2|HAYIR|%7|EVET|%32|2|HAYIR|%15|EVET|%31|2|HAYIR|%30|EVET|%28|3|HAYIR|%30|EVET|%27|2|HAYIR|%15|EVET|%30|1|EVET|%7|EVET|%63|1|EVET|%38|EVET|%25|1|EVET|%15|EVET|%27
789|2026-08-17 18:44:30|1|2/1|HAYIR|%46|%22|EVET|%23|%28|0|HAYIR|%0|HAYIR|%0|4/3|HAYIR|%25|%37|C•K|EVET|%66|%55|VADI_YON|FRAGMENTARY_2|TEPE>DONGU>VADI|PATTERN_BREAK:0,59|EVET|%45|4|HAYIR|%7|EVET|%37|1|EVET|%50|EVET|%28|2|HAYIR|%14|EVET|%50|3|HAYIR|%14|EVET|%32|2|HAYIR|%7|EVET|%33|4|HAYIR|%7|EVET|%38|2|HAYIR|%14|EVET|%28|4|HAYIR|%28|EVET|%32|3|HAYIR|%28|EVET|%26|4|HAYIR|%14|EVET|%29|4|HAYIR|%14|EVET|%78|2|HAYIR|%42|EVET|%28|4|HAYIR|%21|EVET|%31
790|2026-08-17 18:44:31|1|2/3|HAYIR|%46|%22|EVET|%23|%41|0|HAYIR|%0|HAYIR|%0|1/2|HAYIR|%25|%27|C•K|HAYIR|%66|%58|DONGU_TERS_YON|FRAGMENTARY_2|VADI>DONGU>DONGU_TERS|PATTERN_BREAK:0,59|EVET|%68|1|HAYIR|%6|EVET|%27|2|HAYIR|%53|EVET|%34|1|HAYIR|%13|EVET|%37|3|EVET|%13|EVET|%36|3|EVET|%6|EVET|%29|3|EVET|%6|EVET|%31|4|HAYIR|%13|EVET|%28|2|HAYIR|%26|EVET|%30|1|HAYIR|%26|EVET|%26|2|HAYIR|%13|EVET|%28|2|HAYIR|%13|EVET|%68|2|HAYIR|%40|EVET|%27|3|EVET|%20|EVET|%30
791|2026-08-17 18:44:34|3|4/1|EVET|%46|%22|HAYIR|%23|%32|0|HAYIR|%0|HAYIR|%0|3/4|HAYIR|%25|%40|T•B|EVET|%66|%57|BLOK_DUZ_TEKRAR|FRAGMENTARY_2|DONGU>DONGU>BLOK_DUZ|REGIME_SHIFT:0,75,PATTERN_BREAK:0,59|EVET|%56|3|HAYIR|%6|EVET|%40|1|HAYIR|%50|EVET|%29|3|HAYIR|%12|EVET|%42|1|HAYIR|%18|EVET|%26|1|HAYIR|%12|EVET|%32|3|HAYIR|%12|EVET|%38|2|HAYIR|%12|EVET|%32|1|HAYIR|%25|EVET|%37|2|HAYIR|%25|EVET|%28|3|HAYIR|%12|EVET|%29|3|HAYIR|%12|EVET|%80|2|HAYIR|%37|EVET|%28|3|HAYIR|%25|EVET|%33
792|2026-08-17 18:44:36|4|2/1|HAYIR|%46|%22|HAYIR|%23|%0|0|HAYIR|%0|HAYIR|%0|2/3|HAYIR|%25|%0|T•B|EVET|%66|%0|VADI_YON|FRAGMENTARY_2|DONGU>DONGU>VADI|REGIME_SHIFT:0,50,PATTERN_BREAK:0,59|EVET|%0|2|HAYIR|%0|EVET|%0|2|HAYIR|%0|EVET|%0|2|HAYIR|%0|EVET|%0|1|HAYIR|%0|EVET|%0|2|HAYIR|%0|EVET|%0|3|EVET|%0|EVET|%0|2|HAYIR|%0|EVET|%0|2|HAYIR|%0|EVET|%0|3|EVET|%0|EVET|%0|2|HAYIR|%0|EVET|%0|3|EVET|%0|EVET|%0|2|HAYIR|%0|EVET|%0|2|HAYIR|%0|EVET|%0
793|2026-08-17 18:44:41|3|1/4|HAYIR|%46|%22|HAYIR|%23|%48|0|HAYIR|%0|HAYIR|%0|2/1|HAYIR|%25|%33|C•B|EVET|%66|%60|TEPE_YON|FRAGMENTARY_2|DONGU>DONGU>TEPE||HAYIR|%61|2|HAYIR|%0|EVET|%33|1|HAYIR|%0|EVET|%28|1|HAYIR|%0|EVET|%27|2|HAYIR|%0|EVET|%32|2|HAYIR|%0|EVET|%32|2|HAYIR|%0|EVET|%30|2|HAYIR|%0|EVET|%31|2|HAYIR|%0|EVET|%35|2|HAYIR|%0|EVET|%28|2|HAYIR|%0|EVET|%29|4|HAYIR|%0|EVET|%61|2|HAYIR|%0|EVET|%28|2|HAYIR|%0|EVET|%30
794|2026-08-17 18:44:42|3|2/3|HAYIR|%46|%22|EVET|%23|%35|0|HAYIR|%0|HAYIR|%0|1/2|HAYIR|%25|%44|T•B|EVET|%66|%54|TEPE_YON|FRAGMENTARY_2|DONGU>DONGU>TEPE|PATTERN_BREAK:0,59|EVET|%56|1|HAYIR|%0|EVET|%44|2|HAYIR|%0|EVET|%32|1|HAYIR|%0|EVET|%34|2|HAYIR|%0|EVET|%44|1|HAYIR|%0|EVET|%44|1|HAYIR|%0|EVET|%63|2|HAYIR|%0|EVET|%34|2|HAYIR|%0|EVET|%36|2|HAYIR|%0|EVET|%27|1|HAYIR|%0|EVET|%34|1|HAYIR|%0|EVET|%83|1|HAYIR|%0|EVET|%25|2|HAYIR|%0|EVET|%34
795|2026-08-17 18:44:43|3|1/4|HAYIR|%46|%22|EVET|%23|%36|0|HAYIR|%0|HAYIR|%0|2/1|HAYIR|%25|%51|T•K|HAYIR|%66|%64|VADI_YON|FRAGMENTARY_2|DONGU>DONGU>VADI|PATTERN_BREAK:0,59|EVET|%59|2|HAYIR|%0|EVET|%51|1|HAYIR|%0|EVET|%28|3|HAYIR|%0|EVET|%33|2|HAYIR|%0|EVET|%49|2|HAYIR|%0|EVET|%27|2|HAYIR|%0|EVET|%44|2|HAYIR|%0|EVET|%46|1|HAYIR|%0|EVET|%38|2|HAYIR|%0|EVET|%27|2|HAYIR|%0|EVET|%33|2|HAYIR|%0|EVET|%94|1|HAYIR|%0|EVET|%25|2|HAYIR|%0|EVET|%33
796|2026-08-17 18:44:44|4|2/3|EVET|%46|%22|HAYIR|%23|%39|0|HAYIR|%0|HAYIR|%0|3/2|HAYIR|%25|%39|T•K|EVET|%66|%57|TEPE_YON|FRAGMENTARY_2|DONGU_TERS>DONGU>TEPE|PATTERN_BREAK:0,59|EVET|%67|3|HAYIR|%0|EVET|%39|2|EVET|%0|EVET|%31|2|EVET|%0|EVET|%53|1|HAYIR|%0|EVET|%34|2|EVET|%0|EVET|%44|2|EVET|%0|EVET|%37|3|HAYIR|%0|EVET|%30|2|EVET|%0|EVET|%27|3|HAYIR|%0|EVET|%26|2|EVET|%0|EVET|%34|2|EVET|%0|EVET|%57|1|HAYIR|%0|EVET|%25|2|EVET|%0|EVET|%35
797|2026-08-17 18:44:46|2|4/1|HAYIR|%46|%22|HAYIR|%23|%30|0|HAYIR|%0|HAYIR|%0|3/4|EVET|%25|%32|T•K|EVET|%66|%53|TEPE_YON|FRAGMENTARY_2|DONGU_TERS>VADI>TEPE|PATTERN_BREAK:0,59|EVET|%47|3|EVET|%0|EVET|%32|1|HAYIR|%20|EVET|%27|3|EVET|%20|EVET|%50|1|HAYIR|%0|EVET|%33|2|HAYIR|%20|EVET|%44|2|HAYIR|%40|EVET|%34|4|HAYIR|%0|EVET|%32|4|HAYIR|%20|EVET|%30|4|HAYIR|%20|EVET|%28|2|HAYIR|%20|EVET|%27|3|EVET|%40|EVET|%77|1|HAYIR|%0|EVET|%25|4|HAYIR|%20|EVET|%27
798|2026-08-17 18:44:47|3|2/3|HAYIR|%46|%22|EVET|%24|%35|0|HAYIR|%0|HAYIR|%0|1/2|HAYIR|%25|%39|T•K|EVET|%66|%58|DONGU_TERS_YON|FRAGMENTARY_2|DONGU>DONGU_TERS>DONGU_TERS|PATTERN_BREAK:0,59|EVET|%58|1|HAYIR|%16|EVET|%39|2|HAYIR|%16|EVET|%32|1|HAYIR|%33|EVET|%56|1|HAYIR|%0|EVET|%30|1|HAYIR|%16|EVET|%33|1|HAYIR|%33|EVET|%46|2|HAYIR|%0|EVET|%31|2|HAYIR|%16|EVET|%34|2|HAYIR|%16|EVET|%27|1|HAYIR|%16|EVET|%33|1|HAYIR|%50|EVET|%88|1|HAYIR|%0|EVET|%25|1|HAYIR|%16|EVET|%32
799|2026-08-17 18:44:49|3|4/3|HAYIR|%46|%22|HAYIR|%24|%31|0|HAYIR|%0|HAYIR|%0|2/1|HAYIR|%25|%41|T•K|EVET|%66|%60|VADI_YON|FRAGMENTARY_2|DONGU>BLOK_DUZ>VADI|PATTERN_BREAK:0,59|EVET|%49|2|HAYIR|%14|EVET|%41|4|HAYIR|%14|EVET|%34|4|HAYIR|%28|EVET|%31|1|EVET|%0|EVET|%34|4|HAYIR|%14|EVET|%42|2|HAYIR|%28|EVET|%33|2|HAYIR|%0|EVET|%34|1|EVET|%14|EVET|%35|2|HAYIR|%14|EVET|%26|1|EVET|%14|EVET|%29|1|EVET|%42|EVET|%57|1|EVET|%0|EVET|%25|2|HAYIR|%14|EVET|%32
800|2026-08-17 18:44:50|1|2/4|EVET|%46|%22|HAYIR|%23|%30|0|HAYIR|%0|HAYIR|%0|2/4|EVET|%25|%30|T•B|HAYIR|%66|%54|TEPE_YON|FRAGMENTARY_2|TEPE>VADI>TEPE|PATTERN_BREAK:0,59|EVET|%48|2|EVET|%12|EVET|%30|2|EVET|%12|EVET|%32|4|HAYIR|%25|EVET|%46|1|HAYIR|%12|EVET|%28|3|HAYIR|%12|EVET|%32|2|EVET|%25|EVET|%37|3|HAYIR|%0|EVET|%29|3|HAYIR|%25|EVET|%28|3|HAYIR|%12|EVET|%26|2|EVET|%25|EVET|%28|4|HAYIR|%50|EVET|%37|2|EVET|%12|EVET|%27|2|EVET|%12|EVET|%32
801|2026-08-17 18:44:51|2|4/1|HAYIR|%46|%22|EVET|%24|%32|0|HAYIR|%0|HAYIR|%0|4/2|HAYIR|%25|%41|C•K|EVET|%66|%53|DONGU_YON|FRAGMENTARY_2|VADI>TEPE>DONGU|PATTERN_BREAK:0,59|EVET|%46|4|HAYIR|%22|EVET|%41|1|EVET|%22|EVET|%29|2|HAYIR|%22|EVET|%31|3|HAYIR|%11|EVET|%32|4|HAYIR|%11|EVET|%41|4|HAYIR|%33|EVET|%51|4|HAYIR|%0|EVET|%31|4|HAYIR|%22|EVET|%30|4|HAYIR|%11|EVET|%28|4|HAYIR|%33|EVET|%32|4|HAYIR|%44|EVET|%46|2|HAYIR|%22|EVET|%28|4|HAYIR|%22|EVET|%39
802|2026-08-17 18:44:53|1|2/3|HAYIR|%46|%22|HAYIR|%24|%36|0|HAYIR|%0|HAYIR|%0|3/4|HAYIR|%25|%31|C•B|HAYIR|%66|%54|TEPE_YON|FRAGMENTARY_2|VADI>TEPE>TEPE|PATTERN_BREAK:0,59|EVET|%58|3|HAYIR|%20|EVET|%31|2|HAYIR|%30|EVET|%33|3|HAYIR|%20|EVET|%36|4|HAYIR|%10|EVET|%37|4|HAYIR|%10|EVET|%41|4|HAYIR|%30|EVET|%58|2|HAYIR|%0|EVET|%28|2|HAYIR|%20|EVET|%32|3|HAYIR|%10|EVET|%26|4|HAYIR|%30|EVET|%31|4|HAYIR|%40|EVET|%53|2|HAYIR|%20|EVET|%28|1|EVET|%20|EVET|%33
803|2026-08-17 18:44:54|1|1/4|EVET|%46|%22|HAYIR|%24|%33|0|HAYIR|%0|HAYIR|%0|4/3|HAYIR|%25|%29|T•B|EVET|%66|%62|DONGU_TERS_YON|FRAGMENTARY_2|BLOK_DUZ>VADI>DONGU_TERS|PATTERN_BREAK:0,59|EVET|%45|4|HAYIR|%18|EVET|%29|1|EVET|%27|EVET|%30|1|EVET|%18|EVET|%43|4|HAYIR|%9|EVET|%31|4|HAYIR|%9|EVET|%41|4|HAYIR|%27|EVET|%44|3|HAYIR|%0|EVET|%31|1|EVET|%18|EVET|%28|1|EVET|%9|EVET|%26|4|HAYIR|%27|EVET|%30|4|HAYIR|%36|EVET|%60|2|HAYIR|%18|EVET|%28|3|HAYIR|%27|EVET|%32
804|2026-08-17 18:44:55|1|3/2|EVET|%46|%22|HAYIR|%23|%37|0|HAYIR|%0|HAYIR|%0|3/2|EVET|%25|%30|T•B|EVET|%66|%54|TEPE_YON|FRAGMENTARY_2|BLOK_DUZ>TEPE>TEPE|PATTERN_BREAK:0,59|EVET|%57|3|EVET|%16|EVET|%30|2|HAYIR|%33|EVET|%32|1|HAYIR|%25|EVET|%35|3|EVET|%8|EVET|%29|3|EVET|%8|EVET|%44|3|EVET|%25|EVET|%53|3|EVET|%0|EVET|%32|1|HAYIR|%25|EVET|%28|1|HAYIR|%16|EVET|%27|3|EVET|%25|EVET|%30|2|HAYIR|%33|EVET|%75|2|HAYIR|%16|EVET|%27|3|EVET|%25|EVET|%31
805|2026-08-17 18:45:02|3|4/1|HAYIR|%46|%22|HAYIR|%23|%43|0|HAYIR|%0|HAYIR|%0|3/4|HAYIR|%25|%38|C•K|EVET|%66|%57|VADI_YON|FRAGMENTARY_2|TEPE>TEPE>VADI||HAYIR|%55|3|HAYIR|%23|EVET|%38|1|HAYIR|%30|EVET|%30|4|HAYIR|%23|EVET|%39|2|EVET|%15|EVET|%27|1|HAYIR|%15|EVET|%29|3|HAYIR|%30|EVET|%36|2|EVET|%7|EVET|%30|1|HAYIR|%23|EVET|%29|1|HAYIR|%15|EVET|%27|3|HAYIR|%30|EVET|%27|3|HAYIR|%30|EVET|%73|2|EVET|%15|EVET|%28|3|HAYIR|%30|EVET|%32
806|2026-08-17 18:45:05|2|2/3|HAYIR|%46|%22|HAYIR|%23|%33|0|HAYIR|%0|HAYIR|%0|4/1|HAYIR|%25|%31|C•K|EVET|%66|%59|VADI_YON|FRAGMENTARY_2|TEPE>DONGU_TERS>VADI|PATTERN_BREAK:0,59|EVET|%45|4|HAYIR|%21|EVET|%31|2|HAYIR|%28|EVET|%40|4|HAYIR|%21|EVET|%46|2|HAYIR|%21|EVET|%30|3|HAYIR|%14|EVET|%44|1|EVET|%28|EVET|%31|4|HAYIR|%14|EVET|%30|3|HAYIR|%21|EVET|%32|4|HAYIR|%14|EVET|%28|3|HAYIR|%28|EVET|%26|3|HAYIR|%28|EVET|%49|2|HAYIR|%21|EVET|%28|4|HAYIR|%28|EVET|%31
807|2026-08-17 18:45:09|1|1/3|EVET|%46|%22|HAYIR|%23|%41|0|HAYIR|%0|HAYIR|%0|1/2|EVET|%25|%35|C•K|EVET|%66|%50|DONGU_YON|FRAGMENTARY_2|VADI>VADI>DONGU|PATTERN_BREAK:0,59|EVET|%70|1|EVET|%20|EVET|%35|1|EVET|%26|EVET|%28|1|EVET|%20|EVET|%45|4|HAYIR|%20|EVET|%31|1|EVET|%13|EVET|%33|1|EVET|%33|EVET|%43|2|HAYIR|%13|EVET|%28|3|HAYIR|%20|EVET|%29|1|EVET|%13|EVET|%27|1|EVET|%26|EVET|%32|2|HAYIR|%26|EVET|%73|1|EVET|%20|EVET|%26|1|EVET|%26|EVET|%36
808|2026-08-17 18:45:17|1|1/3|HAYIR|%46|%22|HAYIR|%23|%47|0|HAYIR|%0|HAYIR|%0|1/3|HAYIR|%25|%32|T•B|HAYIR|%66|%60|DONGU_YON|FRAGMENTARY_2|BLOK_DUZ>TEPE>DONGU||HAYIR|%49|1|HAYIR|%25|EVET|%32|2|EVET|%31|EVET|%33|1|HAYIR|%25|EVET|%32|3|HAYIR|%18|EVET|%30|1|HAYIR|%18|EVET|%46|1|HAYIR|%37|EVET|%46|3|HAYIR|%12|EVET|%31|3|HAYIR|%18|EVET|%29|1|HAYIR|%18|EVET|%28|1|HAYIR|%31|EVET|%32|4|HAYIR|%25|EVET|%59|1|HAYIR|%25|EVET|%26|3|HAYIR|%31|EVET|%33
809|2026-08-17 18:45:25|2|4/1|HAYIR|%46|%22|HAYIR|%23|%35|0|HAYIR|%0|HAYIR|%0|4/3|HAYIR|%25|%51|C•B|EVET|%66|%57|TEPE_YON|FRAGMENTARY_2|TEPE>DONGU>TEPE|PATTERN_BREAK:0,59|EVET|%47|4|HAYIR|%23|EVET|%51|1|HAYIR|%35|EVET|%29|4|HAYIR|%23|EVET|%47|1|HAYIR|%17|EVET|%31|4|HAYIR|%17|EVET|%40|4|HAYIR|%35|EVET|%66|4|HAYIR|%11|EVET|%30|3|HAYIR|%17|EVET|%31|4|HAYIR|%17|EVET|%27|4|HAYIR|%29|EVET|%38|3|HAYIR|%23|EVET|%87|1|HAYIR|%23|EVET|%26|4|HAYIR|%29|EVET|%37
810|2026-08-17 18:46:33|2|2/3|HAYIR|%46|%22|HAYIR|%23|%0|0|HAYIR|%0|HAYIR|%0|2/1|EVET|%25|%0|T•B|HAYIR|%66|%0|DONGU_TERS_YON|FRAGMENTARY_2|TEPE>TEPE>DONGU_TERS|PATTERN_BREAK:0,59|EVET|%0|2|EVET|%0|EVET|%0|2|EVET|%0|EVET|%0|1|HAYIR|%0|EVET|%0|3|HAYIR|%0|EVET|%0|1|HAYIR|%0|EVET|%0|2|EVET|%0|EVET|%0|1|HAYIR|%0|EVET|%0|3|HAYIR|%0|EVET|%0|4|HAYIR|%0|EVET|%0|1|HAYIR|%0|EVET|%0|3|HAYIR|%0|EVET|%0|1|HAYIR|%0|EVET|%0|1|HAYIR|%0|EVET|%0
811|2026-08-17 19:03:12|2|3/1|HAYIR|%46|%22|HAYIR|%23|%32|0|HAYIR|%0|HAYIR|%0|2/3|EVET|%25|%27|C•B|EVET|%66|%54|TEPE_YON|FRAGMENTARY_2|BLOK_TERS>DONGU_TERS>TEPE|PATTERN_BREAK:0,59|EVET|%46|2|EVET|%0|EVET|%27|1|HAYIR|%0|EVET|%32|4|HAYIR|%0|EVET|%29|3|HAYIR|%0|EVET|%29|3|HAYIR|%0|EVET|%43|3|HAYIR|%0|EVET|%40|3|HAYIR|%0|EVET|%34|1|HAYIR|%0|EVET|%33|4|HAYIR|%0|EVET|%25|3|HAYIR|%0|EVET|%29|3|HAYIR|%0|EVET|%47|2|EVET|%0|EVET|%29|1|HAYIR|%0|EVET|%27
812|2026-08-17 19:03:13|2|2/1|EVET|%46|%22|HAYIR|%23|%30|0|HAYIR|%0|HAYIR|%0|1/2|HAYIR|%25|%36|T•B|HAYIR|%66|%59|VADI_YON|FRAGMENTARY_2|BLOK_DUZ>TEPE>VADI|PATTERN_BREAK:0,59|EVET|%38|1|HAYIR|%0|EVET|%36|2|EVET|%0|EVET|%34|3|HAYIR|%0|EVET|%30|1|HAYIR|%0|EVET|%33|1|HAYIR|%0|EVET|%45|1|HAYIR|%0|EVET|%50|1|HAYIR|%0|EVET|%51|2|EVET|%0|EVET|%37|4|HAYIR|%0|EVET|%25|1|HAYIR|%0|EVET|%35|1|HAYIR|%0|EVET|%68|2|EVET|%0|EVET|%29|2|EVET|%0|EVET|%27
813|2026-08-17 19:03:14|2|1/2|HAYIR|%46|%22|HAYIR|%23|%44|0|HAYIR|%0|HAYIR|%0|1/2|HAYIR|%25|%36|T•K|HAYIR|%66|%56|VADI_YON|FRAGMENTARY_2|TEPE>VADI>VADI||HAYIR|%55|1|HAYIR|%0|EVET|%36|1|HAYIR|%0|EVET|%29|2|HAYIR|%0|EVET|%29|1|HAYIR|%0|EVET|%34|1|HAYIR|%0|EVET|%45|1|HAYIR|%0|EVET|%50|4|EVET|%0|EVET|%32|2|HAYIR|%0|EVET|%33|4|EVET|%0|EVET|%25|1|HAYIR|%0|EVET|%34|1|HAYIR|%0|EVET|%61|2|HAYIR|%0|EVET|%29|2|HAYIR|%0|EVET|%28
814|2026-08-17 19:03:16|4|2/3|HAYIR|%46|%22|EVET|%23|%33|0|HAYIR|%0|HAYIR|%0|1/2|HAYIR|%25|%35|T•K|EVET|%66|%58|BLOK_DUZ_TEKRAR|FRAGMENTARY_2|DONGU_TERS>VADI>BLOK_DUZ|REGIME_SHIFT:0,75,PATTERN_BREAK:0,59|EVET|%54|1|HAYIR|%0|EVET|%35|2|HAYIR|%0|EVET|%35|1|HAYIR|%0|EVET|%35|3|EVET|%0|EVET|%43|2|HAYIR|%0|EVET|%34|1|HAYIR|%0|EVET|%42|2|HAYIR|%0|EVET|%30|2|HAYIR|%0|EVET|%39|3|EVET|%0|EVET|%28|1|HAYIR|%0|EVET|%29|1|HAYIR|%0|EVET|%45|2|HAYIR|%0|EVET|%29|2|HAYIR|%0|EVET|%26
815|2026-08-17 19:03:17|3|1/2|HAYIR|%46|%22|EVET|%23|%29|0|HAYIR|%0|HAYIR|%0|2/1|EVET|%25|%36|T•K|EVET|%66|%55|TEPE_YON|FRAGMENTARY_2|VADI>DONGU>TEPE|REGIME_SHIFT:0,50,PATTERN_BREAK:0,59|EVET|%40|2|EVET|%40|EVET|%36|1|HAYIR|%40|EVET|%29|2|EVET|%0|EVET|%58|3|HAYIR|%20|EVET|%41|2|EVET|%0|EVET|%34|2|EVET|%20|EVET|%37|2|EVET|%20|EVET|%31|1|HAYIR|%20|EVET|%34|2|EVET|%40|EVET|%29|2|EVET|%0|EVET|%34|1|HAYIR|%0|EVET|%44|2|EVET|%40|EVET|%28|2|EVET|%20|EVET|%30
816|2026-08-17 19:03:19|2|2/3|EVET|%46|%22|HAYIR|%23|%29|0|HAYIR|%0|HAYIR|%0|2/4|EVET|%25|%30|C•K|EVET|%66|%55|TEPE_YON|FRAGMENTARY_2|TEPE>DONGU>TEPE|PATTERN_BREAK:0,59|EVET|%28|2|EVET|%50|EVET|%30|2|EVET|%33|EVET|%42|2|EVET|%16|EVET|%64|2|EVET|%16|EVET|%29|3|HAYIR|%16|EVET|%43|2|EVET|%33|EVET|%32|4|HAYIR|%33|EVET|%30|2|EVET|%16|EVET|%39|4|HAYIR|%50|EVET|%26|2|EVET|%16|EVET|%32|2|EVET|%0|EVET|%52|1|HAYIR|%50|EVET|%27|4|HAYIR|%33|EVET|%29
817|2026-08-17 19:03:21|2|1/2|HAYIR|%46|%22|EVET|%23|%29|0|HAYIR|%0|HAYIR|%0|2/1|EVET|%26|%38|C•K|EVET|%66|%52|TEPE_YON|FRAGMENTARY_2|VADI>TEPE>TEPE|PATTERN_BREAK:0,59|EVET|%33|2|EVET|%57|EVET|%38|1|HAYIR|%42|EVET|%29|3|HAYIR|%28|EVET|%40|2|EVET|%28|EVET|%34|2|EVET|%14|EVET|%35|2|EVET|%42|EVET|%36|1|HAYIR|%28|EVET|%31|2|EVET|%28|EVET|%30|4|HAYIR|%42|EVET|%25|2|EVET|%28|EVET|%29|2|EVET|%14|EVET|%39|1|HAYIR|%42|EVET|%27|2|EVET|%28|EVET|%28
818|2026-08-17 19:03:22|2|2/3|HAYIR|%46|%22|HAYIR|%23|%39|0|HAYIR|%0|HAYIR|%0|2/3|HAYIR|%26|%43|T•B|EVET|%66|%51|TEPE_YON|FRAGMENTARY_2|DONGU_TERS>DONGU_TERS>TEPE|PATTERN_BREAK:0,59|EVET|%56|2|HAYIR|%62|EVET|%43|2|HAYIR|%37|EVET|%43|4|HAYIR|%25|EVET|%35|2|HAYIR|%37|EVET|%37|3|HAYIR|%25|EVET|%42|3|HAYIR|%50|EVET|%40|3|HAYIR|%25|EVET|%33|2|HAYIR|%37|EVET|%40|2|HAYIR|%37|EVET|%25|2|HAYIR|%37|EVET|%33|3|HAYIR|%25|EVET|%40|1|EVET|%37|EVET|%27|2|HAYIR|%37|EVET|%29
819|2026-08-17 19:03:23|1|1/3|HAYIR|%46|%22|EVET|%24|%36|0|HAYIR|%0|HAYIR|%0|1/3|HAYIR|%25|%34|C•B|EVET|%66|%53|TEPE_YON|FRAGMENTARY_2|TEPE>TEPE>TEPE|PATTERN_BREAK:0,59|EVET|%52|1|HAYIR|%55|EVET|%34|1|HAYIR|%33|EVET|%28|1|HAYIR|%22|EVET|%35|2|HAYIR|%33|EVET|%35|3|EVET|%22|EVET|%36|3|EVET|%44|EVET|%47|2|HAYIR|%22|EVET|%29|2|HAYIR|%33|EVET|%34|1|HAYIR|%33|EVET|%28|3|EVET|%33|EVET|%28|1|HAYIR|%22|EVET|%39|1|HAYIR|%44|EVET|%27|1|HAYIR|%33|EVET|%36
820|2026-08-17 19:03:25|3|2/3|HAYIR|%46|%22|HAYIR|%23|%40|0|HAYIR|%0|HAYIR|%0|3/2|HAYIR|%25|%35|C•B|HAYIR|%66|%53|TEPE_YON|FRAGMENTARY_2|BLOK_TERS>VADI>TEPE|PATTERN_BREAK:0,59|EVET|%49|3|HAYIR|%50|EVET|%35|2|HAYIR|%30|EVET|%43|2|HAYIR|%20|EVET|%38|2|HAYIR|%30|EVET|%30|2|HAYIR|%30|EVET|%39|2|HAYIR|%50|EVET|%52|2|HAYIR|%20|EVET|%32|2|HAYIR|%30|EVET|%37|2|HAYIR|%30|EVET|%29|2|HAYIR|%40|EVET|%37|3|HAYIR|%20|EVET|%40|1|EVET|%40|EVET|%27|3|HAYIR|%30|EVET|%28
821|2026-08-17 19:03:27|1|2/1|HAYIR|%46|%22|HAYIR|%23|%24|0|HAYIR|%0|HAYIR|%0|2/1|HAYIR|%25|%30|T•K|EVET|%66|%53|BLOK_TERS_TEKRAR|FRAGMENTARY_2|BLOK_DUZ>VADI>BLOK_TERS|REGIME_SHIFT:0,75,PATTERN_BREAK:0,59|EVET|%21|2|HAYIR|%45|EVET|%30|1|HAYIR|%27|EVET|%33|4|HAYIR|%18|EVET|%38|3|EVET|%27|EVET|%32|3|EVET|%27|EVET|%29|3|EVET|%45|EVET|%34|3|EVET|%18|EVET|%28|1|HAYIR|%27|EVET|%34|1|HAYIR|%27|EVET|%27|2|HAYIR|%36|EVET|%27|3|EVET|%18|EVET|%39|1|HAYIR|%45|EVET|%27|2|HAYIR|%27|EVET|%31
822|2026-08-17 19:03:34|3|3/4|EVET|%46|%22|HAYIR|%23|%29|0|HAYIR|%0|HAYIR|%0|3/4|EVET|%26|%41|C•B|EVET|%66|%53|DONGU_TERS_YON|FRAGMENTARY_2|TEPE>BLOK_DUZ>DONGU_TERS|REGIME_SHIFT:0,50,PATTERN_BREAK:0,59|EVET|%36|3|EVET|%41|EVET|%41|2|HAYIR|%25|EVET|%42|3|EVET|%16|EVET|%39|4|HAYIR|%33|EVET|%27|2|HAYIR|%33|EVET|%28|4|HAYIR|%50|EVET|%40|2|HAYIR|%25|EVET|%32|2|HAYIR|%25|EVET|%34|2|HAYIR|%25|EVET|%29|3|EVET|%33|EVET|%29|4|HAYIR|%25|EVET|%45|1|HAYIR|%41|EVET|%27|3|EVET|%25|EVET|%28
823|2026-08-17 19:04:05|3|1/2|EVET|%46|%22|HAYIR|%23|%34|0|HAYIR|%0|HAYIR|%0|2/1|HAYIR|%25|%42|T•K|EVET|%66|%57|VADI_YON|FRAGMENTARY_2|TEPE>TEPE>VADI|PATTERN_BREAK:0,59|EVET|%47|2|HAYIR|%46|EVET|%42|1|EVET|%23|EVET|%29|2|HAYIR|%23|EVET|%40|2|HAYIR|%30|EVET|%36|1|EVET|%30|EVET|%44|1|EVET|%46|EVET|%46|1|EVET|%23|EVET|%33|1|EVET|%23|EVET|%37|2|HAYIR|%23|EVET|%29|1|EVET|%38|EVET|%34|2|HAYIR|%23|EVET|%62|2|HAYIR|%38|EVET|%28|2|HAYIR|%30|EVET|%33
824|2026-08-17 19:05:26|1|1|HAYIR|%46|%22|HAYIR|%23|%65|0|HAYIR|%0|HAYIR|%0|1/2|HAYIR|%25|%30|T•B|EVET|%66|%53|VADI_YON|FRAGMENTARY_2|BLOK_TERS>TEPE>VADI||HAYIR|%71|1|HAYIR|%42|EVET|%30|2|HAYIR|%28|EVET|%35|1|HAYIR|%21|EVET|%36|2|HAYIR|%28|EVET|%27|1|HAYIR|%35|EVET|%45|1|HAYIR|%50|EVET|%54|3|HAYIR|%28|EVET|%30|3|HAYIR|%28|EVET|%32|1|HAYIR|%21|EVET|%27|1|HAYIR|%42|EVET|%32|2|HAYIR|%21|EVET|%55|2|HAYIR|%35|EVET|%28|2|HAYIR|%28|EVET|%31
825|2026-08-17 19:06:47|4|3/4|HAYIR|%46|%22|HAYIR|%23|%45|0|HAYIR|%0|HAYIR|%0|3/4|HAYIR|%25|%33|C•B|HAYIR|%66|%54|VADI_YON|FRAGMENTARY_2|DALGA_TEK_SIM_1>TEPE>VADI|PATTERN_BREAK:0,59|EVET|%65|3|HAYIR|%40|EVET|%33|1|EVET|%26|EVET|%32|3|HAYIR|%20|EVET|%42|4|HAYIR|%26|EVET|%32|3|HAYIR|%33|EVET|%31|3|HAYIR|%46|EVET|%51|3|HAYIR|%26|EVET|%31|3|HAYIR|%26|EVET|%31|3|HAYIR|%20|EVET|%28|3|HAYIR|%40|EVET|%33|3|HAYIR|%20|EVET|%49|2|HAYIR|%33|EVET|%28|3|HAYIR|%26|EVET|%29
826|2026-08-17 19:08:09|1|3/4|EVET|%46|%23|HAYIR|%23|%27|0|HAYIR|%0|HAYIR|%0|3/4|EVET|%25|%35|T•B|EVET|%66|%51|TEPE_YON|FRAGMENTARY_2|BLOK_DUZ>TEPE>TEPE|PATTERN_BREAK:0,59|EVET|%30|3|EVET|%37|EVET|%35|2|HAYIR|%31|EVET|%35|3|EVET|%18|EVET|%60|3|EVET|%25|EVET|%32|4|HAYIR|%31|EVET|%38|4|HAYIR|%43|EVET|%39|3|EVET|%25|EVET|%29|1|HAYIR|%25|EVET|%28|1|HAYIR|%18|EVET|%27|3|EVET|%37|EVET|%31|3|EVET|%18|EVET|%43|2|HAYIR|%31|EVET|%28|4|HAYIR|%25|EVET|%29
827|2026-08-17 19:09:32|3|3/1|EVET|%46|%23|HAYIR|%23|%32|0|HAYIR|%0|HAYIR|%0|3/1|EVET|%26|%39|T•K|EVET|%66|%56|VADI_YON|FRAGMENTARY_2|BLOK_DUZ>TEPE>VADI|PATTERN_BREAK:0,59|EVET|%52|3|EVET|%41|EVET|%39|1|HAYIR|%29|EVET|%34|3|EVET|%23|EVET|%35|2|HAYIR|%29|EVET|%30|3|EVET|%29|EVET|%32|3|EVET|%41|EVET|%37|2|HAYIR|%29|EVET|%31|1|HAYIR|%23|EVET|%30|2|HAYIR|%17|EVET|%29|3|EVET|%41|EVET|%29|1|HAYIR|%23|EVET|%31|2|HAYIR|%29|EVET|%28|3|EVET|%23|EVET|%29
828|2026-08-17 19:10:48|3|1/2|HAYIR|%46|%23|HAYIR|%23|%49|0|HAYIR|%0|HAYIR|%0|1/2|HAYIR|%26|%50|T•K|HAYIR|%66|%59|BLOK_DUZ_TEKRAR|FRAGMENTARY_2|TEKRAR>TEPE>BLOK_DUZ|REGIME_SHIFT:0,75|EVET|%61|1|HAYIR|%44|EVET|%50|2|HAYIR|%27|EVET|%32|1|HAYIR|%27|EVET|%46|2|HAYIR|%27|EVET|%29|1|HAYIR|%33|EVET|%45|1|HAYIR|%44|EVET|%70|1|HAYIR|%27|EVET|%35|1|HAYIR|%22|EVET|%31|2|HAYIR|%16|EVET|%28|1|HAYIR|%44|EVET|%40|2|HAYIR|%22|EVET|%54|2|HAYIR|%27|EVET|%28|2|HAYIR|%27|EVET|%32
829|2026-08-17 19:12:08|4|3/2|HAYIR|%46|%23|EVET|%23|%34|0|HAYIR|%0|HAYIR|%0|3/2|HAYIR|%26|%47|T•B|HAYIR|%66|%51|VADI_YON|FRAGMENTARY_2|TEKRAR>BLOK_TERS>VADI|REGIME_SHIFT:0,75,PATTERN_BREAK:0,59|EVET|%51|3|HAYIR|%42|EVET|%47|1|HAYIR|%26|EVET|%43|2|EVET|%26|EVET|%38|1|HAYIR|%26|EVET|%29|3|HAYIR|%31|EVET|%44|3|HAYIR|%42|EVET|%53|3|HAYIR|%26|EVET|%30|2|EVET|%21|EVET|%29|3|HAYIR|%15|EVET|%28|3|HAYIR|%42|EVET|%35|2|EVET|%21|EVET|%40|1|HAYIR|%26|EVET|%27|3|HAYIR|%26|EVET|%33
830|2026-08-17 19:13:35|2|3|HAYIR|%46|%23|HAYIR|%23|%66|0|HAYIR|%0|HAYIR|%0|3/1|HAYIR|%25|%42|T•B|EVET|%66|%53|VADI_YON|FRAGMENTARY_2|BLOK_DUZ>DONGU_TERS>VADI||HAYIR|%73|3|HAYIR|%40|EVET|%42|2|HAYIR|%25|EVET|%35|3|HAYIR|%30|EVET|%51|2|HAYIR|%25|EVET|%32|2|HAYIR|%30|EVET|%29|3|HAYIR|%40|EVET|%36|4|EVET|%25|EVET|%29|3|HAYIR|%25|EVET|%32|2|HAYIR|%15|EVET|%25|3|HAYIR|%40|EVET|%32|3|HAYIR|%25|EVET|%54|2|HAYIR|%25|EVET|%28|3|HAYIR|%25|EVET|%28
831|2026-08-17 19:15:12|4|4/3|HAYIR|%46|%23|HAYIR|%23|%31|0|HAYIR|%0|HAYIR|%0|2/4|HAYIR|%25|%31|C•B|HAYIR|%66|%52|TEPE_YON|FRAGMENTARY_2|TEPE>VADI>TEPE|PATTERN_BREAK:0,59|EVET|%37|2|HAYIR|%38|EVET|%31|1|EVET|%23|EVET|%29|4|HAYIR|%28|EVET|%56|3|HAYIR|%23|EVET|%30|3|HAYIR|%28|EVET|%44|4|HAYIR|%38|EVET|%35|3|HAYIR|%28|EVET|%30|3|HAYIR|%23|EVET|%29|3|HAYIR|%14|EVET|%28|4|HAYIR|%38|EVET|%28|4|HAYIR|%23|EVET|%39|2|HAYIR|%23|EVET|%28|3|HAYIR|%23|EVET|%27
832|2026-08-17 19:16:29|1|1/2|HAYIR|%46|%22|HAYIR|%23|%28|0|HAYIR|%0|HAYIR|%0|4/3|HAYIR|%25|%30|T•B|EVET|%66|%52|VADI_YON|FRAGMENTARY_2|TEPE>VADI>VADI|PATTERN_BREAK:0,59|EVET|%38|4|HAYIR|%36|EVET|%30|2|HAYIR|%27|EVET|%34|1|HAYIR|%27|EVET|%38|3|EVET|%22|EVET|%27|1|HAYIR|%27|EVET|%32|4|HAYIR|%36|EVET|%37|3|EVET|%27|EVET|%30|3|EVET|%22|EVET|%31|1|HAYIR|%13|EVET|%27|1|HAYIR|%36|EVET|%27|1|HAYIR|%22|EVET|%34|2|HAYIR|%22|EVET|%28|4|HAYIR|%22|EVET|%28
833|2026-08-17 19:17:47|3|3/1|HAYIR|%46|%22|HAYIR|%23|%42|0|HAYIR|%0|HAYIR|%0|3/1|HAYIR|%25|%40|C•K|EVET|%66|%51|TEPE_YON|FRAGMENTARY_2|BLOK_TERS>VADI>TEPE||HAYIR|%57|3|HAYIR|%34|EVET|%40|1|HAYIR|%26|EVET|%32|3|HAYIR|%26|EVET|%39|2|EVET|%26|EVET|%32|4|HAYIR|%26|EVET|%39|3|HAYIR|%34|EVET|%29|2|EVET|%30|EVET|%31|1|HAYIR|%26|EVET|%31|2|EVET|%13|EVET|%28|3|HAYIR|%34|EVET|%27|3|HAYIR|%21|EVET|%38|2|EVET|%21|EVET|%28|3|HAYIR|%21|EVET|%30
834|2026-08-17 19:19:04|2|1/4|HAYIR|%46|%22|EVET|%23|%26|0|HAYIR|%0|HAYIR|%0|4/1|EVET|%25|%34|C•B|EVET|%66|%53|TEPE_YON|FRAGMENTARY_2|BLOK_TERS>TEPE>TEPE|PATTERN_BREAK:0,59|EVET|%30|4|EVET|%33|EVET|%34|2|HAYIR|%25|EVET|%33|4|EVET|%25|EVET|%43|2|HAYIR|%29|EVET|%37|1|HAYIR|%25|EVET|%28|1|HAYIR|%33|EVET|%36|4|EVET|%33|EVET|%30|3|HAYIR|%25|EVET|%30|4|EVET|%16|EVET|%25|1|HAYIR|%33|EVET|%28|1|HAYIR|%20|EVET|%53|2|HAYIR|%25|EVET|%28|4|EVET|%20|EVET|%28
835|2026-08-17 19:20:30|4|3/2|HAYIR|%46|%22|HAYIR|%23|%39|0|HAYIR|%0|HAYIR|%0|3/2|HAYIR|%25|%36|T•K|EVET|%66|%54|TEPE_YON|FRAGMENTARY_2|BLOK_TERS>VADI>TEPE|PATTERN_BREAK:0,59|EVET|%61|3|HAYIR|%36|EVET|%36|1|EVET|%24|EVET|%31|3|HAYIR|%28|EVET|%44|3|HAYIR|%28|EVET|%26|3|HAYIR|%24|EVET|%44|3|HAYIR|%32|EVET|%70|3|HAYIR|%36|EVET|%29|1|EVET|%24|EVET|%30|3|HAYIR|%20|EVET|%28|3|HAYIR|%32|EVET|%34|1|EVET|%20|EVET|%40|2|HAYIR|%24|EVET|%28|1|EVET|%24|EVET|%27
836|2026-08-17 19:21:50|1|2/3|HAYIR|%46|%22|HAYIR|%23|%44|0|HAYIR|%0|HAYIR|%0|3/4|HAYIR|%25|%31|T•B|EVET|%66|%52|DONGU_TERS_YON|FRAGMENTARY_2|VADI>BLOK_DUZ>DONGU_TERS||HAYIR|%56|3|HAYIR|%34|EVET|%31|2|HAYIR|%26|EVET|%41|2|HAYIR|%26|EVET|%40|3|HAYIR|%26|EVET|%25|2|HAYIR|%23|EVET|%31|4|HAYIR|%30|EVET|%30|3|HAYIR|%34|EVET|%31|3|HAYIR|%26|EVET|%34|1|EVET|%19|EVET|%27|2|HAYIR|%30|EVET|%28|1|EVET|%23|EVET|%32|1|EVET|%23|EVET|%27|4|HAYIR|%26|EVET|%28
837|2026-08-17 19:23:16|1|3/1|HAYIR|%46|%22|HAYIR|%23|%0|0|HAYIR|%0|HAYIR|%0|3/1|HAYIR|%25|%0|T•K|EVET|%67|%0|TEPE_YON|FRAGMENTARY_2|DONGU>VADI>TEPE|PATTERN_BREAK:0,59|EVET|%0|3|HAYIR|%0|EVET|%0|1|HAYIR|%0|EVET|%0|3|HAYIR|%0|EVET|%0|3|HAYIR|%0|EVET|%0|3|HAYIR|%0|EVET|%0|3|HAYIR|%0|EVET|%0|3|HAYIR|%0|EVET|%0|1|HAYIR|%0|EVET|%0|1|HAYIR|%0|EVET|%0|3|HAYIR|%0|EVET|%0|3|HAYIR|%0|EVET|%0|1|HAYIR|%0|EVET|%0|3|HAYIR|%0|EVET|%0
838|2026-09-11 18:49:57|2|4/2|EVET|%46|%22|HAYIR|%23|%54|0|HAYIR|%0|HAYIR|%0|4/3|EVET|%25|%34|C•K|EVET|%67|%52|VADI_YON|FRAGMENTARY_2|DONGU>VADI>VADI||HAYIR|%68|4|EVET|%0|EVET|%34|2|HAYIR|%0|EVET|%33|4|EVET|%0|EVET|%42|1|HAYIR|%0|EVET|%30|3|HAYIR|%0|EVET|%43|3|HAYIR|%0|EVET|%43|4|EVET|%0|EVET|%31|4|EVET|%0|EVET|%39|4|EVET|%0|EVET|%26|3|HAYIR|%0|EVET|%28|4|EVET|%0|EVET|%80|2|HAYIR|%0|EVET|%30|4|EVET|%0|EVET|%34
839|2026-09-11 18:49:59|4|3/2|HAYIR|%46|%22|EVET|%23|%30|0|HAYIR|%0|HAYIR|%0|2/3|EVET|%26|%27|T•K|EVET|%67|%53|DONGU_YON|FRAGMENTARY_2|VADI>TEPE>DONGU|PATTERN_BREAK:0,59|EVET|%39|2|EVET|%0|EVET|%27|1|HAYIR|%0|EVET|%32|3|HAYIR|%0|EVET|%35|3|HAYIR|%0|EVET|%34|3|HAYIR|%0|EVET|%30|3|HAYIR|%0|EVET|%34|3|HAYIR|%0|EVET|%29|1|HAYIR|%0|EVET|%43|3|HAYIR|%0|EVET|%28|3|HAYIR|%0|EVET|%30|2|EVET|%0|EVET|%52|2|EVET|%0|EVET|%29|1|HAYIR|%0|EVET|%27
840|2026-09-11 18:50:00|2|3/1|EVET|%46|%23|HAYIR|%23|%32|0|HAYIR|%0|HAYIR|%0|3/1|EVET|%26|%37|C•K|HAYIR|%67|%52|DONGU_YON|FRAGMENTARY_2|DALGA_TEK_SIM_2>VADI>DONGU|PATTERN_BREAK:0,59|EVET|%48|3|EVET|%0|EVET|%37|2|HAYIR|%0|EVET|%33|3|EVET|%0|EVET|%31|2|HAYIR|%0|EVET|%30|3|EVET|%0|EVET|%43|3|EVET|%0|EVET|%44|4|HAYIR|%0|EVET|%31|3|EVET|%0|EVET|%37|4|HAYIR|%0|EVET|%26|3|EVET|%0|EVET|%32|1|HAYIR|%0|EVET|%52|2|HAYIR|%0|EVET|%29|3|EVET|%0|EVET|%28
841|2026-09-11 18:50:03|3|2/1|HAYIR|%46|%22|HAYIR|%23|%31|0|HAYIR|%0|HAYIR|%0|4/1|EVET|%26|%30|T•K|HAYIR|%66|%52|TEPE_YON|FRAGMENTARY_2|VADI>TEPE>TEPE|PATTERN_BREAK:0,59|EVET|%39|4|EVET|%0|EVET|%30|1|HAYIR|%0|EVET|%31|2|HAYIR|%0|EVET|%27|1|HAYIR|%0|EVET|%31|4|EVET|%0|EVET|%39|4|EVET|%0|EVET|%53|2|HAYIR|%0|EVET|%32|2|HAYIR|%0|EVET|%34|2|HAYIR|%0|EVET|%29|2|HAYIR|%0|EVET|%27|2|HAYIR|%0|EVET|%53|1|HAYIR|%0|EVET|%27|1|HAYIR|%0|EVET|%30
842|2026-09-11 18:50:04|4|2/4|HAYIR|%46|%22|HAYIR|%23|%32|0|HAYIR|%0|HAYIR|%0|4/2|HAYIR|%26|%35|C•K|HAYIR|%66|%57|VADI_YON|FRAGMENTARY_2|DONGU>TEPE>VADI|PATTERN_BREAK:0,59|EVET|%34|4|HAYIR|%80|EVET|%35|2|HAYIR|%0|EVET|%31|4|HAYIR|%40|EVET|%49|2|HAYIR|%0|EVET|%42|4|HAYIR|%40|EVET|%40|4|HAYIR|%40|EVET|%72|2|HAYIR|%20|EVET|%30|2|HAYIR|%40|EVET|%28|3|EVET|%20|EVET|%28|4|HAYIR|%20|EVET|%33|2|HAYIR|%40|EVET|%77|2|HAYIR|%20|EVET|%29|3|EVET|%40|EVET|%32
843|2026-09-11 18:50:05|3|2/1|HAYIR|%46|%22|EVET|%23|%35|0|HAYIR|%0|HAYIR|%0|2/1|HAYIR|%26|%32|T•B|EVET|%66|%53|DONGU_YON|FRAGMENTARY_2|DONGU_TERS>TEPE>DONGU|PATTERN_BREAK:0,59|EVET|%59|2|HAYIR|%66|EVET|%32|1|EVET|%0|EVET|%30|3|HAYIR|%33|EVET|%33|2|HAYIR|%0|EVET|%40|3|HAYIR|%33|EVET|%31|3|HAYIR|%33|EVET|%29|2|HAYIR|%16|EVET|%31|1|EVET|%33|EVET|%38|2|HAYIR|%33|EVET|%28|2|HAYIR|%16|EVET|%27|3|HAYIR|%33|EVET|%39|2|HAYIR|%16|EVET|%29|2|HAYIR|%50|EVET|%31
844|2026-09-11 18:50:07|1|3/4|HAYIR|%46|%22|HAYIR|%23|%29|0|HAYIR|%0|HAYIR|%0|1/4|HAYIR|%26|%25|T•B|HAYIR|%66|%54|TEPE_YON|FRAGMENTARY_2|VADI>DONGU_TERS>TEPE|PATTERN_BREAK:0,59|EVET|%32|1|HAYIR|%57|EVET|%25|2|EVET|%14|EVET|%32|3|HAYIR|%28|EVET|%33|3|HAYIR|%0|EVET|%46|1|HAYIR|%28|EVET|%45|1|HAYIR|%28|EVET|%39|3|HAYIR|%14|EVET|%31|3|HAYIR|%42|EVET|%37|1|HAYIR|%28|EVET|%27|1|HAYIR|%14|EVET|%28|3|HAYIR|%28|EVET|%74|1|HAYIR|%14|EVET|%27|2|EVET|%42|EVET|%30
845|2026-09-11 18:50:09|2|4/2|HAYIR|%46|%22|HAYIR|%23|%40|0|HAYIR|%0|HAYIR|%0|4/2|HAYIR|%26|%39|C•K|EVET|%66|%54|TEPE_YON|WEAK_PERIODIC_3|BLOK_DUZ>TEPE>TEPE|PATTERN_BREAK:0,59|EVET|%68|4|HAYIR|%50|EVET|%39|1|EVET|%25|EVET|%32|1|EVET|%25|EVET|%30|1|EVET|%0|EVET|%32|3|HAYIR|%25|EVET|%31|4|HAYIR|%25|EVET|%27|4|HAYIR|%12|EVET|%31|4|HAYIR|%37|EVET|%29|4|HAYIR|%25|EVET|%26|1|EVET|%12|EVET|%26|4|HAYIR|%25|EVET|%50|1|EVET|%12|EVET|%27|4|HAYIR|%50|EVET|%35
846|2026-09-11 18:50:10|1|2/3|HAYIR|%46|%22|HAYIR|%23|%42|0|HAYIR|%0|HAYIR|%0|1/3|EVET|%26|%36|T•K|EVET|%66|%50|DONGU_TERS_YON|FRAGMENTARY_2|TEPE>VADI>DONGU_TERS||HAYIR|%51|1|EVET|%44|EVET|%36|2|HAYIR|%33|EVET|%32|3|HAYIR|%33|EVET|%42|4|HAYIR|%11|EVET|%40|3|HAYIR|%22|EVET|%43|3|HAYIR|%22|EVET|%41|3|HAYIR|%11|EVET|%30|3|HAYIR|%33|EVET|%27|1|EVET|%22|EVET|%27|3|HAYIR|%22|EVET|%32|1|EVET|%22|EVET|%73|1|EVET|%22|EVET|%27|1|EVET|%44|EVET|%35
847|2026-09-11 18:50:12|1|1/3|HAYIR|%46|%22|HAYIR|%23|%33|0|HAYIR|%0|HAYIR|%0|1/3|HAYIR|%26|%36|T•B|EVET|%66|%55|TEPE_YON|WEAK_PERIODIC_3|DONGU_TERS>DONGU>TEPE|PATTERN_BREAK:0,59|EVET|%41|1|HAYIR|%50|EVET|%36|1|HAYIR|%30|EVET|%30|1|HAYIR|%30|EVET|%49|4|EVET|%10|EVET|%28|1|HAYIR|%20|EVET|%46|1|HAYIR|%20|EVET|%57|2|HAYIR|%10|EVET|%30|1|HAYIR|%30|EVET|%33|1|HAYIR|%30|EVET|%27|1|HAYIR|%20|EVET|%33|3|HAYIR|%30|EVET|%32|1|HAYIR|%30|EVET|%27|3|HAYIR|%50|EVET|%30
848|2026-09-11 18:50:15|4|3/2|HAYIR|%46|%22|HAYIR|%23|%34|0|HAYIR|%0|HAYIR|%0|1/3|EVET|%26|%32|C•K|EVET|%66|%52|DONGU_TERS_YON|FRAGMENTARY_2|DONGU_TERS>DONGU>DONGU_TERS|PATTERN_BREAK:0,61|EVET|%54|1|EVET|%45|EVET|%32|2|HAYIR|%27|EVET|%32|3|HAYIR|%27|EVET|%35|3|HAYIR|%18|EVET|%32|1|EVET|%18|EVET|%46|1|EVET|%18|EVET|%39|3|HAYIR|%9|EVET|%29|3|HAYIR|%27|EVET|%29|3|HAYIR|%27|EVET|%28|1|EVET|%18|EVET|%29|2|HAYIR|%27|EVET|%64|1|EVET|%27|EVET|%27|3|HAYIR|%45|EVET|%28
849|2026-09-11 18:50:17|1|3/2|HAYIR|%46|%22|EVET|%23|%47|0|HAYIR|%0|HAYIR|%0|3/4|HAYIR|%26|%51|T•K|EVET|%67|%52|DONGU_TERS_YON|FRAGMENTARY_2|DONGU_TERS>TEPE>DONGU_TERS||HAYIR|%54|3|HAYIR|%50|EVET|%51|1|HAYIR|%25|EVET|%32|3|HAYIR|%25|EVET|%84|3|HAYIR|%16|EVET|%38|3|HAYIR|%25|EVET|%42|3|HAYIR|%25|EVET|%74|3|HAYIR|%8|EVET|%30|3|HAYIR|%25|EVET|%38|1|HAYIR|%25|EVET|%27|3|HAYIR|%25|EVET|%45|3|HAYIR|%25|EVET|%93|1|HAYIR|%33|EVET|%27|1|HAYIR|%41|EVET|%28
850|2026-09-11 18:50:19|2|4/3|HAYIR|%46|%22|HAYIR|%23|%32|0|HAYIR|%0|HAYIR|%0|4/1|HAYIR|%26|%39|C•K|EVET|%67|%54|DONGU_TERS_YON|FRAGMENTARY_2|VADI>VADI>DONGU_TERS|PATTERN_BREAK:0,59|EVET|%50|4|HAYIR|%46|EVET|%39|2|HAYIR|%23|EVET|%31|4|HAYIR|%23|EVET|%57|1|EVET|%15|EVET|%40|4|HAYIR|%23|EVET|%31|4|HAYIR|%23|EVET|%52|4|HAYIR|%7|EVET|%30|2|HAYIR|%23|EVET|%47|4|HAYIR|%23|EVET|%26|4|HAYIR|%23|EVET|%32|4|HAYIR|%23|EVET|%98|2|HAYIR|%30|EVET|%28|4|HAYIR|%38|EVET|%34
851|2026-09-11 18:50:21|1|1/4|HAYIR|%46|%22|EVET|%23|%59|0|HAYIR|%0|HAYIR|%0|1/4|HAYIR|%26|%37|T•B|EVET|%67|%53|DONGU_TERS_YON|FRAGMENTARY_2|DONGU>DONGU>DONGU_TERS||HAYIR|%76|1|HAYIR|%42|EVET|%37|1|HAYIR|%21|EVET|%30|1|HAYIR|%21|EVET|%32|1|HAYIR|%21|EVET|%34|4|EVET|%21|EVET|%39|4|EVET|%21|EVET|%58|3|HAYIR|%7|EVET|%30|1|HAYIR|%21|EVET|%39|1|HAYIR|%21|EVET|%27|4|EVET|%21|EVET|%30|1|HAYIR|%21|EVET|%79|2|HAYIR|%28|EVET|%28|1|HAYIR|%35|EVET|%36
852|2026-09-11 18:50:23|4|3/2|EVET|%46|%22|HAYIR|%23|%27|0|HAYIR|%0|HAYIR|%0|1/4|HAYIR|%26|%44|T•K|EVET|%67|%57|VADI_YON|FRAGMENTARY_2|TEPE>TEPE>VADI|PATTERN_BREAK:0,59|EVET|%35|1|HAYIR|%40|EVET|%44|2|HAYIR|%20|EVET|%31|1|HAYIR|%20|EVET|%73|3|EVET|%20|EVET|%31|1|HAYIR|%26|EVET|%46|1|HAYIR|%26|EVET|%67|2|HAYIR|%6|EVET|%29|1|HAYIR|%20|EVET|%32|3|EVET|%20|EVET|%28|1|HAYIR|%26|EVET|%41|1|HAYIR|%20|EVET|%65|2|HAYIR|%26|EVET|%28|3|EVET|%33|EVET|%28
853|2026-09-11 18:50:25|3|1/2|EVET|%46|%22|HAYIR|%23|%37|0|HAYIR|%0|HAYIR|%0|2/1|HAYIR|%26|%32|C•K|EVET|%67|%55|TEPE_YON|FRAGMENTARY_2|TEPE>TEPE>TEPE|PATTERN_BREAK:0,59|EVET|%59|2|HAYIR|%37|EVET|%32|1|EVET|%18|EVET|%31|3|HAYIR|%18|EVET|%31|3|HAYIR|%25|EVET|%39|3|HAYIR|%25|EVET|%43|3|HAYIR|%25|EVET|%46|2|HAYIR|%6|EVET|%31|1|EVET|%18|EVET|%39|2|HAYIR|%25|EVET|%28|3|HAYIR|%25|EVET|%31|2|HAYIR|%18|EVET|%72|2|HAYIR|%25|EVET|%28|2|HAYIR|%37|EVET|%30
854|2026-09-11 18:50:26|1|2/4|HAYIR|%46|%22|HAYIR|%23|%47|0|HAYIR|%0|HAYIR|%0|2/3|HAYIR|%26|%29|T•B|EVET|%67|%50|TEPE_YON|FRAGMENTARY_2|VADI>DONGU_TERS>TEPE||HAYIR|%65|2|HAYIR|%35|EVET|%29|2|HAYIR|%23|EVET|%39|3|EVET|%17|EVET|%41|3|EVET|%23|EVET|%44|4|HAYIR|%23|EVET|%31|4|HAYIR|%23|EVET|%41|3|EVET|%5|EVET|%29|3|EVET|%23|EVET|%36|1|HAYIR|%23|EVET|%27|3|EVET|%23|EVET|%32|3|EVET|%17|EVET|%71|1|HAYIR|%23|EVET|%27|2|HAYIR|%35|EVET|%31
855|2026-09-11 18:50:28|3|1/3|HAYIR|%46|%22|HAYIR|%23|%30|0|HAYIR|%0|HAYIR|%0|3/1|HAYIR|%26|%40|T•B|EVET|%67|%53|VADI_YON|FRAGMENTARY_2|BLOK_DUZ>TEPE>VADI|PATTERN_BREAK:0,59|EVET|%38|3|HAYIR|%33|EVET|%40|1|HAYIR|%22|EVET|%35|3|HAYIR|%22|EVET|%39|3|HAYIR|%27|EVET|%33|1|HAYIR|%22|EVET|%47|1|HAYIR|%22|EVET|%47|1|HAYIR|%11|EVET|%31|1|HAYIR|%27|EVET|%42|2|HAYIR|%22|EVET|%28|1|HAYIR|%27|EVET|%34|3|HAYIR|%22|EVET|%90|2|HAYIR|%22|EVET|%28|3|HAYIR|%33|EVET|%29
856|2026-09-11 18:50:30|4|2/3|HAYIR|%46|%22|HAYIR|%23|%29|0|HAYIR|%0|HAYIR|%0|3/2|HAYIR|%26|%46|T•B|EVET|%67|%51|VADI_YON|FRAGMENTARY_2|DONGU_TERS>DONGU_TERS>VADI|PATTERN_BREAK:0,59|EVET|%39|3|HAYIR|%31|EVET|%46|2|HAYIR|%21|EVET|%29|3|HAYIR|%21|EVET|%49|1|HAYIR|%26|EVET|%32|1|HAYIR|%21|EVET|%46|3|HAYIR|%21|EVET|%43|3|HAYIR|%10|EVET|%30|1|HAYIR|%26|EVET|%35|3|HAYIR|%21|EVET|%28|3|HAYIR|%26|EVET|%31|3|HAYIR|%21|EVET|%84|2|HAYIR|%21|EVET|%28|3|HAYIR|%31|EVET|%33
857|2026-09-11 18:50:31|4|1/3|HAYIR|%46|%22|HAYIR|%23|%30|0|HAYIR|%0|HAYIR|%0|1/3|HAYIR|%25|%40|C•K|EVET|%67|%52|VADI_YON|FRAGMENTARY_2|DONGU_TERS>DONGU_TERS>VADI|PATTERN_BREAK:0,59|EVET|%40|1|HAYIR|%30|EVET|%40|1|HAYIR|%20|EVET|%31|4|EVET|%20|EVET|%32|1|HAYIR|%25|EVET|%32|1|HAYIR|%20|EVET|%46|1|HAYIR|%20|EVET|%58|1|HAYIR|%10|EVET|%36|1|HAYIR|%25|EVET|%36|3|HAYIR|%20|EVET|%28|1|HAYIR|%25|EVET|%37|4|EVET|%20|EVET|%65|1|HAYIR|%20|EVET|%27|3|HAYIR|%30|EVET|%29
858|2026-09-11 18:50:32|4|3/2|HAYIR|%46|%22|EVET|%23|%29|0|HAYIR|%0|HAYIR|%0|1/4|HAYIR|%25|%32|T•K|EVET|%67|%52|TEPE_YON|FRAGMENTARY_2|VADI>DONGU_TERS>TEPE|PATTERN_BREAK:0,59|EVET|%34|1|HAYIR|%28|EVET|%32|2|EVET|%19|EVET|%30|4|HAYIR|%23|EVET|%31|1|HAYIR|%23|EVET|%30|3|HAYIR|%19|EVET|%27|3|HAYIR|%19|EVET|%33|3|HAYIR|%9|EVET|%48|2|EVET|%23|EVET|%36|3|HAYIR|%19|EVET|%28|3|HAYIR|%23|EVET|%29|3|HAYIR|%23|EVET|%92|1|HAYIR|%19|EVET|%27|3|HAYIR|%28|EVET|%28
859|2026-09-11 18:50:34|2|3/4|HAYIR|%46|%22|HAYIR|%23|%29|0|HAYIR|%0|HAYIR|%0|3/1|HAYIR|%25|%40|T•B|HAYIR|%67|%60|VADI_YON|FRAGMENTARY_2|TEPE>DONGU_TERS>VADI|PATTERN_BREAK:0,59|EVET|%44|3|HAYIR|%27|EVET|%40|1|HAYIR|%22|EVET|%31|1|HAYIR|%22|EVET|%41|1|HAYIR|%22|EVET|%39|1|HAYIR|%18|EVET|%45|1|HAYIR|%18|EVET|%45|4|HAYIR|%9|EVET|%30|4|HAYIR|%27|EVET|%36|4|HAYIR|%18|EVET|%26|1|HAYIR|%22|EVET|%34|1|HAYIR|%22|EVET|%92|1|HAYIR|%18|EVET|%27|3|HAYIR|%27|EVET|%29
860|2026-09-11 18:50:36|2|2/3|HAYIR|%46|%22|HAYIR|%23|%28|0|HAYIR|%0|HAYIR|%0|2/3|HAYIR|%25|%35|T•K|HAYIR|%67|%54|VADI_YON|FRAGMENTARY_2|TEPE>VADI>VADI|PATTERN_BREAK:0,59|EVET|%42|2|HAYIR|%26|EVET|%35|2|HAYIR|%21|EVET|%30|3|HAYIR|%21|EVET|%38|1|HAYIR|%21|EVET|%31|1|HAYIR|%17|EVET|%33|3|HAYIR|%17|EVET|%40|1|HAYIR|%8|EVET|%31|2|HAYIR|%26|EVET|%35|4|EVET|%17|EVET|%26|3|HAYIR|%21|EVET|%27|3|HAYIR|%21|EVET|%90|1|HAYIR|%17|EVET|%27|2|HAYIR|%26|EVET|%28
861|2026-09-11 18:50:38|4|1/3|HAYIR|%46|%22|HAYIR|%23|%30|0|HAYIR|%0|HAYIR|%0|1/3|HAYIR|%25|%27|T•B|EVET|%67|%54|TEPE_YON|FRAGMENTARY_2|VADI>TEPE>TEPE|PATTERN_BREAK:0,59|EVET|%44|1|HAYIR|%25|EVET|%27|1|HAYIR|%20|EVET|%31|1|HAYIR|%20|EVET|%33|3|HAYIR|%20|EVET|%44|3|HAYIR|%16|EVET|%42|3|HAYIR|%16|EVET|%36|3|HAYIR|%8|EVET|%29|1|HAYIR|%25|EVET|%35|3|HAYIR|%20|EVET|%28|3|HAYIR|%20|EVET|%29|3|HAYIR|%20|EVET|%57|1|HAYIR|%16|EVET|%27|1|HAYIR|%25|EVET|%27
862|2026-09-11 18:50:40|4|2/3|HAYIR|%46|%22|HAYIR|%23|%28|0|HAYIR|%0|HAYIR|%0|1/3|HAYIR|%25|%49|T•K|HAYIR|%67|%55|TEPE_YON|FRAGMENTARY_2|DONGU_TERS>TEPE>TEPE|PATTERN_BREAK:0,59|EVET|%34|1|HAYIR|%24|EVET|%49|2|HAYIR|%20|EVET|%30|1|HAYIR|%20|EVET|%38|1|HAYIR|%20|EVET|%33|1|HAYIR|%16|EVET|%45|1|HAYIR|%16|EVET|%70|1|HAYIR|%8|EVET|%35|2|HAYIR|%24|EVET|%37|3|HAYIR|%20|EVET|%28|1|HAYIR|%20|EVET|%36|1|HAYIR|%20|EVET|%98|1|HAYIR|%16|EVET|%27|3|HAYIR|%24|EVET|%28
863|2026-09-11 18:50:40|4|1/2|HAYIR|%46|%22|HAYIR|%23|%26|0|HAYIR|%0|HAYIR|%0|1/2|HAYIR|%25|%34|C•B|EVET|%67|%51|VADI_YON|FRAGMENTARY_2|TEPE>VADI>VADI|PATTERN_BREAK:0,59|EVET|%31|1|HAYIR|%23|EVET|%34|1|HAYIR|%19|EVET|%30|3|HAYIR|%19|EVET|%32|1|HAYIR|%19|EVET|%26|2|HAYIR|%15|EVET|%27|2|HAYIR|%15|EVET|%27|2|HAYIR|%7|EVET|%38|2|HAYIR|%23|EVET|%34|3|HAYIR|%19|EVET|%28|2|HAYIR|%19|EVET|%28|3|HAYIR|%19|EVET|%91|2|HAYIR|%15|EVET|%28|3|HAYIR|%23|EVET|%27
864|2026-09-11 18:50:41|4|2/3|HAYIR|%46|%22|EVET|%23|%35|0|HAYIR|%0|HAYIR|%0|1/2|HAYIR|%25|%35|C•K|HAYIR|%67|%52|VADI_YON|FRAGMENTARY_2|DONGU_TERS>VADI>VADI|PATTERN_BREAK:0,59|EVET|%46|1|HAYIR|%22|EVET|%35|2|HAYIR|%18|EVET|%28|2|HAYIR|%18|EVET|%29|2|HAYIR|%18|EVET|%27|1|HAYIR|%14|EVET|%32|2|HAYIR|%14|EVET|%33|2|HAYIR|%7|EVET|%34|4|HAYIR|%22|EVET|%32|3|EVET|%18|EVET|%27|2|HAYIR|%18|EVET|%29|2|HAYIR|%18|EVET|%59|2|HAYIR|%14|EVET|%28|3|EVET|%22|EVET|%27
865|2026-09-11 18:50:44|3|1/2|HAYIR|%46|%22|EVET|%23|%31|0|HAYIR|%0|HAYIR|%0|2/1|EVET|%25|%32|T•K|EVET|%67|%52|VADI_YON|FRAGMENTARY_2|TEPE>VADI>VADI|PATTERN_BREAK:0,59|EVET|%44|2|EVET|%21|EVET|%32|1|HAYIR|%17|EVET|%30|1|HAYIR|%17|EVET|%44|2|EVET|%17|EVET|%34|4|HAYIR|%14|EVET|%35|4|HAYIR|%14|EVET|%30|1|HAYIR|%7|EVET|%31|1|HAYIR|%21|EVET|%33|2|EVET|%21|EVET|%28|1|HAYIR|%17|EVET|%28|3|HAYIR|%17|EVET|%53|2|EVET|%14|EVET|%28|2|EVET|%25|EVET|%30
866|2026-09-11 18:50:45|2|2/4|EVET|%46|%22|HAYIR|%23|%27|0|HAYIR|%0|HAYIR|%0|2/4|EVET|%25|%35|C•K|EVET|%67|%58|TEPE_YON|FRAGMENTARY_2|TEPE>TEPE>TEPE|PATTERN_BREAK:0,59|EVET|%42|2|EVET|%24|EVET|%35|2|EVET|%17|EVET|%30|2|EVET|%17|EVET|%58|2|EVET|%20|EVET|%28|2|EVET|%13|EVET|%28|2|EVET|%13|EVET|%36|4|HAYIR|%6|EVET|%30|4|HAYIR|%20|EVET|%33|4|HAYIR|%24|EVET|%26|2|EVET|%17|EVET|%32|2|EVET|%17|EVET|%71|2|EVET|%17|EVET|%28|4|HAYIR|%27|EVET|%29
867|2026-09-11 18:50:46|2|1/2|HAYIR|%46|%22|HAYIR|%23|%31|0|HAYIR|%0|HAYIR|%0|2/1|HAYIR|%25|%37|C•K|EVET|%67|%53|TEPE_YON|FRAGMENTARY_2|VADI>VADI>TEPE|PATTERN_BREAK:0,59|EVET|%39|2|HAYIR|%26|EVET|%37|1|HAYIR|%20|EVET|%29|2|HAYIR|%20|EVET|%28|2|HAYIR|%23|EVET|%35|1|HAYIR|%16|EVET|%43|1|HAYIR|%16|EVET|%52|1|HAYIR|%6|EVET|%29|4|EVET|%20|EVET|%32|4|EVET|%23|EVET|%26|1|HAYIR|%20|EVET|%32|2|HAYIR|%20|EVET|%58|2|HAYIR|%20|EVET|%27|2|HAYIR|%26|EVET|%28
868|2026-09-11 18:50:48|4|3/2|HAYIR|%46|%22|HAYIR|%23|%41|0|HAYIR|%0|HAYIR|%0|1/3|EVET|%26|%31|T•B|EVET|%67|%53|VADI_YON|FRAGMENTARY_2|ARTIS>VADI>VADI||HAYIR|%41|1|EVET|%25|EVET|%31|2|HAYIR|%19|EVET|%29|1|EVET|%19|EVET|%37|3|HAYIR|%22|EVET|%36|1|EVET|%16|EVET|%43|1|EVET|%16|EVET|%43|3|HAYIR|%6|EVET|%29|4|HAYIR|%22|EVET|%35|3|HAYIR|%25|EVET|%28|1|EVET|%19|EVET|%29|3|HAYIR|%19|EVET|%54|2|HAYIR|%19|EVET|%27|1|EVET|%25|EVET|%26
869|2026-09-11 18:50:49|1|1/4|HAYIR|%46|%22|HAYIR|%23|%31|0|HAYIR|%0|HAYIR|%0|4/1|HAYIR|%25|%30|T•B|EVET|%67|%52|BLOK_TERS_TEKRAR|FRAGMENTARY_2|TEPE>TEPE>BLOK_TERS|REGIME_SHIFT:0,75,PATTERN_BREAK:0,59|EVET|%50|4|HAYIR|%28|EVET|%30|1|HAYIR|%18|EVET|%33|1|HAYIR|%21|EVET|%40|3|EVET|%21|EVET|%33|4|HAYIR|%18|EVET|%44|4|HAYIR|%18|EVET|%41|3|EVET|%6|EVET|%30|1|HAYIR|%21|EVET|%30|1|HAYIR|%25|EVET|%27|4|HAYIR|%21|EVET|%29|1|HAYIR|%18|EVET|%51|1|HAYIR|%18|EVET|%27|1|HAYIR|%28|EVET|%28
870|2026-09-11 18:50:51|3|2/4|HAYIR|%46|%22|EVET|%23|%38|0|HAYIR|%0|HAYIR|%0|3/2|HAYIR|%25|%37|T•K|HAYIR|%67|%51|VADI_YON|FRAGMENTARY_2|TEPE>TEPE>VADI|REGIME_SHIFT:0,50,PATTERN_BREAK:0,59|EVET|%58|3|HAYIR|%27|EVET|%37|2|HAYIR|%18|EVET|%30|2|HAYIR|%21|EVET|%46|2|HAYIR|%24|EVET|%28|2|HAYIR|%18|EVET|%32|2|HAYIR|%18|EVET|%36|2|HAYIR|%9|EVET|%30|2|HAYIR|%21|EVET|%30|2|HAYIR|%24|EVET|%28|2|HAYIR|%21|EVET|%31|3|HAYIR|%18|EVET|%41|1|HAYIR|%18|EVET|%27|3|HAYIR|%27|EVET|%29
871|2026-09-11 18:50:53|4|1/3|HAYIR|%46|%22|EVET|%23|%41|0|HAYIR|%0|HAYIR|%0|3/2|EVET|%26|%44|C•K|HAYIR|%67|%54|VADI_YON|FRAGMENTARY_2|VADI>VADI>VADI||HAYIR|%55|3|EVET|%26|EVET|%44|1|HAYIR|%17|EVET|%29|3|EVET|%20|EVET|%48|2|HAYIR|%23|EVET|%31|3|EVET|%17|EVET|%41|3|EVET|%17|EVET|%54|3|EVET|%8|EVET|%29|4|HAYIR|%20|EVET|%37|3|EVET|%23|EVET|%28|3|EVET|%20|EVET|%35|3|EVET|%17|EVET|%84|2|HAYIR|%17|EVET|%27|3|EVET|%26|EVET|%33
872|2026-09-11 18:50:54|3|2/1|HAYIR|%46|%22|HAYIR|%23|%38|0|HAYIR|%0|HAYIR|%0|2/1|HAYIR|%26|%32|T•K|EVET|%67|%52|DONGU_TERS_YON|FRAGMENTARY_2|VADI>VADI>DONGU_TERS|PATTERN_BREAK:0,59|EVET|%59|2|HAYIR|%28|EVET|%32|2|HAYIR|%17|EVET|%29|3|EVET|%22|EVET|%40|2|HAYIR|%22|EVET|%35|3|EVET|%20|EVET|%42|3|EVET|%20|EVET|%42|2|HAYIR|%11|EVET|%30|2|HAYIR|%20|EVET|%30|2|HAYIR|%25|EVET|%28|3|EVET|%22|EVET|%30|3|EVET|%20|EVET|%39|1|HAYIR|%17|EVET|%28|2|HAYIR|%28|EVET|%31
873|2026-09-11 18:50:55|3|1/2|HAYIR|%46|%22|HAYIR|%23|%35|0|HAYIR|%0|HAYIR|%0|1/2|HAYIR|%25|%39|T•K|EVET|%67|%53|DONGU_TERS_YON|FRAGMENTARY_2|BLOK_DUZ>VADI>DONGU_TERS|PATTERN_BREAK:0,59|EVET|%37|1|HAYIR|%27|EVET|%39|1|HAYIR|%16|EVET|%30|3|EVET|%25|EVET|%38|2|HAYIR|%22|EVET|%42|1|HAYIR|%22|EVET|%43|1|HAYIR|%22|EVET|%61|1|HAYIR|%11|EVET|%33|1|HAYIR|%19|EVET|%28|2|HAYIR|%25|EVET|%28|1|HAYIR|%25|EVET|%35|1|HAYIR|%22|EVET|%71|1|HAYIR|%16|EVET|%28|2|HAYIR|%27|EVET|%32
874|2026-09-11 18:50:57|3|4/1|HAYIR|%46|%22|EVET|%23|%0|0|HAYIR|%0|HAYIR|%0|4/2|EVET|%26|%0|C•K|EVET|%67|%0|DONGU_TERS_YON|FRAGMENTARY_2|BLOK_DUZ>TEPE>DONGU_TERS|PATTERN_BREAK:0,59|EVET|%0|4|EVET|%0|EVET|%0|2|HAYIR|%0|EVET|%0|4|EVET|%0|EVET|%0|2|HAYIR|%0|EVET|%0|4|EVET|%0|EVET|%0|4|EVET|%0|EVET|%0|2|HAYIR|%0|EVET|%0|4|EVET|%0|EVET|%0|2|HAYIR|%0|EVET|%0|4|EVET|%0|EVET|%0|2|HAYIR|%0|EVET|%0|1|HAYIR|%0|EVET|%0|2|HAYIR|%0|EVET|%0
875|2026-09-11 18:51:04|4|2|HAYIR|%46|%22|HAYIR|%23|%75|0|HAYIR|%0|HAYIR|%0|2/3|HAYIR|%26|%55|C•K|HAYIR|%67|%54|VADI_YON|FRAGMENTARY_2|BLOK_TERS>TEPE>VADI||HAYIR|%77|2|HAYIR|%0|EVET|%55|1|HAYIR|%0|EVET|%33|2|HAYIR|%0|EVET|%69|2|HAYIR|%0|EVET|%35|2|HAYIR|%0|EVET|%43|2|HAYIR|%0|EVET|%82|3|EVET|%0|EVET|%30|4|HAYIR|%0|EVET|%33|3|EVET|%0|EVET|%28|2|HAYIR|%0|EVET|%46|2|HAYIR|%0|EVET|%95|2|HAYIR|%0|EVET|%28|3|EVET|%0|EVET|%34
876|2026-09-11 18:51:04|3|3/2|HAYIR|%46|%22|EVET|%23|%43|0|HAYIR|%0|HAYIR|%0|2/1|EVET|%26|%37|C•K|EVET|%67|%52|TEPE_YON|FRAGMENTARY_2|BLOK_TERS>VADI>TEPE||HAYIR|%64|2|EVET|%0|EVET|%37|2|EVET|%0|EVET|%28|3|HAYIR|%0|EVET|%35|3|HAYIR|%0|EVET|%36|2|EVET|%0|EVET|%43|2|EVET|%0|EVET|%50|2|EVET|%0|EVET|%29|3|HAYIR|%0|EVET|%39|2|EVET|%0|EVET|%28|2|EVET|%0|EVET|%33|3|HAYIR|%0|EVET|%47|2|EVET|%0|EVET|%28|2|EVET|%0|EVET|%30
877|2026-09-11 18:51:06|2|2/4|HAYIR|%46|%22|HAYIR|%23|%43|0|HAYIR|%0|HAYIR|%0|2/1|HAYIR|%26|%44|T•K|EVET|%67|%54|TEPE_YON|FRAGMENTARY_2|DALGA_TEK_SIM_2>BLOK_TERS>TEPE|PATTERN_BREAK:0,59|EVET|%51|2|HAYIR|%0|EVET|%44|1|HAYIR|%0|EVET|%33|2|HAYIR|%0|EVET|%61|1|HAYIR|%0|EVET|%30|2|HAYIR|%0|EVET|%43|2|HAYIR|%0|EVET|%54|4|HAYIR|%0|EVET|%30|4|HAYIR|%0|EVET|%32|4|HAYIR|%0|EVET|%26|2|HAYIR|%0|EVET|%39|2|HAYIR|%0|EVET|%75|2|HAYIR|%0|EVET|%28|4|HAYIR|%0|EVET|%29
878|2026-09-11 18:51:11|3|2/4|HAYIR|%46|%22|EVET|%24|%36|0|HAYIR|%0|HAYIR|%0|1/2|HAYIR|%26|%33|T•K|HAYIR|%67|%52|VADI_YON|FRAGMENTARY_2|BLOK_DUZ>VADI>VADI|PATTERN_BREAK:0,59|EVET|%47|1|HAYIR|%0|EVET|%33|2|HAYIR|%0|EVET|%27|4|EVET|%0|EVET|%32|2|HAYIR|%0|EVET|%33|2|HAYIR|%0|EVET|%43|2|HAYIR|%0|EVET|%46|2|HAYIR|%0|EVET|%30|3|HAYIR|%0|EVET|%30|2|HAYIR|%0|EVET|%28|2|HAYIR|%0|EVET|%32|2|HAYIR|%0|EVET|%88|2|HAYIR|%0|EVET|%28|1|HAYIR|%0|EVET|%30
879|2026-09-11 18:51:12|4|3/2|HAYIR|%46|%22|EVET|%24|%48|0|HAYIR|%0|HAYIR|%0|3/2|HAYIR|%26|%45|T•K|EVET|%67|%54|DONGU_TERS_YON|FRAGMENTARY_2|BLOK_DUZ>VADI>DONGU_TERS||HAYIR|%51|3|HAYIR|%40|EVET|%45|1|HAYIR|%20|EVET|%29|2|EVET|%40|EVET|%35|2|EVET|%0|EVET|%46|4|HAYIR|%40|EVET|%32|3|HAYIR|%40|EVET|%39|3|HAYIR|%40|EVET|%31|4|HAYIR|%20|EVET|%32|3|HAYIR|%40|EVET|%28|3|HAYIR|%40|EVET|%31|2|EVET|%0|EVET|%71|2|EVET|%20|EVET|%28|3|HAYIR|%40|EVET|%35
880|2026-09-11 18:51:14|2|3/4|HAYIR|%46|%22|HAYIR|%24|%48|0|HAYIR|%0|HAYIR|%0|3/4|HAYIR|%25|%42|T•B|EVET|%67|%52|TEPE_YON|FRAGMENTARY_2|TEKRAR>DONGU_TERS>TEPE|PATTERN_BREAK:0,59|EVET|%66|3|HAYIR|%33|EVET|%42|2|HAYIR|%16|EVET|%30|3|HAYIR|%50|EVET|%57|2|HAYIR|%16|EVET|%34|3|HAYIR|%33|EVET|%36|3|HAYIR|%33|EVET|%45|4|HAYIR|%33|EVET|%30|3|HAYIR|%16|EVET|%31|4|HAYIR|%33|EVET|%26|3|HAYIR|%33|EVET|%36|3|HAYIR|%16|EVET|%55|2|HAYIR|%33|EVET|%27|3|HAYIR|%33|EVET|%28
881|2026-09-11 18:51:15|1|1/2|HAYIR|%46|%22|HAYIR|%24|%32|0|HAYIR|%0|HAYIR|%0|1/2|HAYIR|%25|%40|T•K|EVET|%67|%55|DONGU_TERS_YON|FRAGMENTARY_2|BLOK_TERS>DONGU_TERS>DONGU_TERS|PATTERN_BREAK:0,59|EVET|%48|1|HAYIR|%28|EVET|%40|1|HAYIR|%14|EVET|%30|2|HAYIR|%42|EVET|%41|2|HAYIR|%14|EVET|%31|1|HAYIR|%28|EVET|%42|1|HAYIR|%28|EVET|%48|3|EVET|%28|EVET|%31|2|HAYIR|%14|EVET|%28|1|HAYIR|%28|EVET|%27|1|HAYIR|%28|EVET|%33|2|HAYIR|%14|EVET|%71|1|HAYIR|%28|EVET|%28|1|HAYIR|%28|EVET|%35
882|2026-09-11 18:51:16|3|2/4|HAYIR|%46|%22|HAYIR|%24|%29|0|HAYIR|%0|HAYIR|%0|3/4|EVET|%26|%38|C•K|HAYIR|%67|%51|DONGU_TERS_YON|FRAGMENTARY_2|BLOK_TERS>DONGU_TERS>DONGU_TERS|PATTERN_BREAK:0,59|EVET|%40|3|EVET|%25|EVET|%38|2|HAYIR|%12|EVET|%28|4|HAYIR|%37|EVET|%29|2|HAYIR|%12|EVET|%35|3|EVET|%25|EVET|%28|3|EVET|%25|EVET|%35|2|HAYIR|%37|EVET|%30|3|EVET|%12|EVET|%38|2|HAYIR|%25|EVET|%28|3|EVET|%25|EVET|%27|3|EVET|%12|EVET|%60|2|HAYIR|%25|EVET|%27|3|EVET|%25|EVET|%28
883|2026-09-11 18:51:17|3|2/1|HAYIR|%46|%22|EVET|%24|%37|0|HAYIR|%0|HAYIR|%0|2/1|HAYIR|%26|%36|C•K|EVET|%67|%51|DONGU_TERS_YON|FRAGMENTARY_2|BLOK_TERS>VADI>DONGU_TERS|PATTERN_BREAK:0,59|EVET|%63|2|HAYIR|%33|EVET|%36|1|EVET|%11|EVET|%29|2|HAYIR|%33|EVET|%31|1|EVET|%11|EVET|%30|2|HAYIR|%33|EVET|%43|2|HAYIR|%33|EVET|%52|1|EVET|%33|EVET|%32|3|HAYIR|%22|EVET|%30|2|HAYIR|%22|EVET|%28|2|HAYIR|%33|EVET|%33|1|EVET|%22|EVET|%63|1|EVET|%22|EVET|%28|2|HAYIR|%33|EVET|%31
884|2026-09-11 18:51:20|1|4/2|HAYIR|%46|%22|EVET|%24|%39|0|HAYIR|%0|HAYIR|%0|4/2|HAYIR|%25|%34|C•B|EVET|%67|%53|DONGU_TERS_YON|FRAGMENTARY_2|VADI>TEPE>DONGU_TERS|PATTERN_BREAK:0,59|EVET|%50|4|HAYIR|%30|EVET|%34|2|EVET|%20|EVET|%27|4|HAYIR|%30|EVET|%50|4|HAYIR|%20|EVET|%28|4|HAYIR|%30|EVET|%33|4|HAYIR|%30|EVET|%43|3|HAYIR|%40|EVET|%32|3|HAYIR|%20|EVET|%43|1|HAYIR|%20|EVET|%27|4|HAYIR|%30|EVET|%30|4|HAYIR|%30|EVET|%64|1|HAYIR|%30|EVET|%28|2|EVET|%30|EVET|%31
885|2026-09-11 18:51:22|2|2/4|EVET|%46|%22|HAYIR|%24|%25|0|HAYIR|%0|HAYIR|%0|4/2|HAYIR|%25|%34|C•K|EVET|%67|%53|TEPE_YON|WEAK_PERIODIC_3|TEPE>TEPE>TEPE|PATTERN_BREAK:0,59|EVET|%33|4|HAYIR|%27|EVET|%34|1|HAYIR|%27|EVET|%29|1|HAYIR|%27|EVET|%36|3|HAYIR|%18|EVET|%31|2|EVET|%27|EVET|%43|2|EVET|%27|EVET|%43|4|HAYIR|%36|EVET|%29|4|HAYIR|%18|EVET|%32|4|HAYIR|%18|EVET|%26|2|EVET|%27|EVET|%28|4|HAYIR|%27|EVET|%47|1|HAYIR|%27|EVET|%28|4|HAYIR|%36|EVET|%34
886|2026-09-11 18:51:23|2|1/2|HAYIR|%46|%22|HAYIR|%24|%33|0|HAYIR|%0|HAYIR|%0|2/1|HAYIR|%25|%32|T•K|HAYIR|%67|%53|VADI_YON|FRAGMENTARY_2|DONGU_TERS>VADI>VADI|PATTERN_BREAK:0,61|EVET|%48|2|HAYIR|%25|EVET|%32|3|HAYIR|%25|EVET|%28|1|HAYIR|%25|EVET|%31|2|HAYIR|%16|EVET|%31|1|HAYIR|%33|EVET|%42|1|HAYIR|%33|EVET|%58|4|EVET|%33|EVET|%28|4|EVET|%16|EVET|%36|4|EVET|%16|EVET|%26|1|HAYIR|%33|EVET|%31|2|HAYIR|%25|EVET|%75|1|HAYIR|%25|EVET|%28|2|HAYIR|%33|EVET|%28
887|2026-09-11 18:51:25|4|4/1|EVET|%46|%22|HAYIR|%24|%43|0|HAYIR|%0|HAYIR|%0|4/1|EVET|%26|%32|T•K|HAYIR|%67|%53|VADI_YON|FRAGMENTARY_2|VADI>DONGU_TERS>VADI||HAYIR|%53|4|EVET|%23|EVET|%32|1|HAYIR|%23|EVET|%27|4|EVET|%23|EVET|%45|3|HAYIR|%15|EVET|%36|4|EVET|%30|EVET|%43|4|EVET|%30|EVET|%63|3|HAYIR|%38|EVET|%31|3|HAYIR|%23|EVET|%34|3|HAYIR|%23|EVET|%28|4|EVET|%30|EVET|%32|3|HAYIR|%23|EVET|%46|1|HAYIR|%23|EVET|%28|1|HAYIR|%30|EVET|%27
888|2026-09-11 18:51:26|4|1/4|HAYIR|%46|%22|HAYIR|%24|%27|0|HAYIR|%0|HAYIR|%0|1/4|HAYIR|%25|%45|T•K|EVET|%67|%58|TEPE_YON|FRAGMENTARY_2|TEPE>TEPE>TEPE|PATTERN_BREAK:0,59|EVET|%40|1|HAYIR|%28|EVET|%45|2|HAYIR|%21|EVET|%30|1|HAYIR|%28|EVET|%41|4|HAYIR|%14|EVET|%31|1|HAYIR|%35|EVET|%42|1|HAYIR|%35|EVET|%71|1|HAYIR|%35|EVET|%34|4|HAYIR|%21|EVET|%28|3|EVET|%21|EVET|%28|1|HAYIR|%35|EVET|%37|1|HAYIR|%21|EVET|%98|2|HAYIR|%21|EVET|%27|3|EVET|%28|EVET|%28
889|2026-09-11 18:51:29|3|3/2|EVET|%46|%22|HAYIR|%24|%39|0|HAYIR|%0|HAYIR|%0|2/1|HAYIR|%25|%38|C•B|EVET|%67|%50|TEPE_YON|FRAGMENTARY_2|TEPE>DONGU_TERS>TEPE||HAYIR|%56|2|HAYIR|%26|EVET|%38|1|HAYIR|%20|EVET|%27|3|EVET|%26|EVET|%31|3|EVET|%13|EVET|%32|3|EVET|%33|EVET|%45|3|EVET|%33|EVET|%43|2|HAYIR|%33|EVET|%30|3|EVET|%20|EVET|%32|2|HAYIR|%26|EVET|%28|3|EVET|%33|EVET|%30|2|HAYIR|%20|EVET|%52|2|HAYIR|%20|EVET|%27|2|HAYIR|%33|EVET|%31
890|2026-09-11 18:51:53|3|2/3|HAYIR|%46|%22|HAYIR|%24|%32|0|HAYIR|%0|HAYIR|%0|1/2|EVET|%26|%38|C•K|EVET|%67|%52|VADI_YON|FRAGMENTARY_2|BLOK_TERS>DONGU_TERS>VADI|PATTERN_BREAK:0,59|EVET|%39|1|EVET|%25|EVET|%38|2|HAYIR|%18|EVET|%27|3|HAYIR|%31|EVET|%32|2|HAYIR|%18|EVET|%30|3|HAYIR|%37|EVET|%33|3|HAYIR|%37|EVET|%34|1|EVET|%31|EVET|%34|3|HAYIR|%25|EVET|%29|2|HAYIR|%25|EVET|%28|2|HAYIR|%37|EVET|%29|1|EVET|%18|EVET|%66|2|HAYIR|%18|EVET|%27|2|HAYIR|%31|EVET|%30
891|2026-09-11 18:52:58|1|1/4|HAYIR|%46|%22|HAYIR|%23|%42|0|HAYIR|%0|HAYIR|%0|2/4|HAYIR|%26|%31|T•K|EVET|%67|%52|TEPE_YON|FRAGMENTARY_2|BLOK_DUZ>DONGU_TERS>TEPE||HAYIR|%49|2|HAYIR|%29|EVET|%31|1|HAYIR|%17|EVET|%28|4|HAYIR|%29|EVET|%34|3|EVET|%17|EVET|%29|1|HAYIR|%35|EVET|%42|1|HAYIR|%35|EVET|%35|3|EVET|%35|EVET|%32|4|HAYIR|%23|EVET|%32|1|HAYIR|%23|EVET|%26|1|HAYIR|%35|EVET|%28|4|HAYIR|%23|EVET|%59|1|HAYIR|%17|EVET|%26|2|HAYIR|%29|EVET|%32
892|2026-09-11 18:53:54|3|3/4|EVET|%46|%22|HAYIR|%23|%41|0|HAYIR|%0|HAYIR|%0|3/4|EVET|%26|%45|C•B|EVET|%67|%51|VADI_YON|FRAGMENTARY_2|TEPE>DONGU_TERS>VADI|PATTERN_BREAK:0,59|EVET|%69|3|EVET|%27|EVET|%45|3|EVET|%16|EVET|%28|3|EVET|%27|EVET|%42|2|HAYIR|%22|EVET|%30|3|EVET|%33|EVET|%46|3|EVET|%33|EVET|%48|2|HAYIR|%38|EVET|%30|3|EVET|%22|EVET|%41|2|HAYIR|%22|EVET|%27|3|EVET|%33|EVET|%35|3|EVET|%22|EVET|%86|2|HAYIR|%16|EVET|%28|3|EVET|%27|EVET|%30
893|2026-09-11 18:55:19|3|2/1|HAYIR|%1|%0|HAYIR|%0|%51|0|HAYIR|%0|HAYIR|%0|2/1|HAYIR|%0|%37|T•K|HAYIR|%1|%59|TEPE_YON|WEAK_PERIODIC_3|TEPE>TEPE>TEPE||HAYIR|%65|2|HAYIR|%31|EVET|%37|1|HAYIR|%21|EVET|%27|2|HAYIR|%31|EVET|%36|2|HAYIR|%21|EVET|%31|2|HAYIR|%36|EVET|%42|2|HAYIR|%36|EVET|%53|1|HAYIR|%36|EVET|%36|3|HAYIR|%26|EVET|%30|2|HAYIR|%21|EVET|%27|2|HAYIR|%36|EVET|%34|1|HAYIR|%26|EVET|%68|2|HAYIR|%15|EVET|%28|1|HAYIR|%31|EVET|%31
